Entity,Code,Year,Top 1% - Share (Pretax) (Estimated),Top 1% - Share (Pretax) (Extrapolated)
Afghanistan,AFG,1980,,15.870001
Afghanistan,AFG,1981,,15.870001
Afghanistan,AFG,1982,,15.870001
Afghanistan,AFG,1983,,15.870001
Afghanistan,AFG,1984,,15.870001
Afghanistan,AFG,1985,,15.870001
Afghanistan,AFG,1986,,15.870001
Afghanistan,AFG,1987,,15.870001
Afghanistan,AFG,1988,,15.870001
Afghanistan,AFG,1989,,15.870001
Afghanistan,AFG,1990,,15.870001
Afghanistan,AFG,1991,,15.870001
Afghanistan,AFG,1992,,15.870001
Afghanistan,AFG,1993,,15.870001
Afghanistan,AFG,1994,,15.870001
Afghanistan,AFG,1995,,15.870001
Afghanistan,AFG,1996,,15.870001
Afghanistan,AFG,1997,,15.870001
Afghanistan,AFG,1998,,15.870001
Afghanistan,AFG,1999,,15.870001
Afghanistan,AFG,2000,,15.870001
Afghanistan,AFG,2001,,15.870001
Afghanistan,AFG,2002,,15.870001
Afghanistan,AFG,2003,,15.870001
Afghanistan,AFG,2004,,15.870001
Afghanistan,AFG,2005,,15.870001
Afghanistan,AFG,2006,,15.870001
Afghanistan,AFG,2007,,15.870001
Afghanistan,AFG,2008,15.870001,15.870001
Afghanistan,AFG,2009,,15.389999
Afghanistan,AFG,2010,,14.849999
Afghanistan,AFG,2011,,14.07
Afghanistan,AFG,2012,13.56,13.56
Afghanistan,AFG,2013,,13.969999
Afghanistan,AFG,2014,,14.309999
Afghanistan,AFG,2015,,14.18
Afghanistan,AFG,2016,,14.51
Afghanistan,AFG,2017,15.389999,15.389999
Afghanistan,AFG,2018,,14.900001
Afghanistan,AFG,2019,,14.78
Afghanistan,AFG,2020,,14.900001
Afghanistan,AFG,2021,,15.23
Afghanistan,AFG,2022,15.539999,15.539999
Afghanistan,AFG,2023,15.16,15.16
Africa (WID),,1980,20.61,20.61
Africa (WID),,1981,19.96,19.96
Africa (WID),,1982,20.09,20.09
Africa (WID),,1983,22.15,22.15
Africa (WID),,1984,20.36,20.36
Africa (WID),,1985,20.35,20.35
Africa (WID),,1986,20.24,20.24
Africa (WID),,1987,19.83,19.83
Africa (WID),,1988,19.72,19.72
Africa (WID),,1989,19.789999,19.789999
Africa (WID),,1990,19.58,19.58
Africa (WID),,1991,20.08,20.08
Africa (WID),,1992,19.85,19.85
Africa (WID),,1993,19.76,19.76
Africa (WID),,1994,20.43,20.43
Africa (WID),,1995,20.34,20.34
Africa (WID),,1996,20.45,20.45
Africa (WID),,1997,21.02,21.02
Africa (WID),,1998,21.1,21.1
Africa (WID),,1999,21.539999,21.539999
Africa (WID),,2000,21.95,21.95
Africa (WID),,2001,21.72,21.72
Africa (WID),,2002,21.94,21.94
Africa (WID),,2003,21.84,21.84
Africa (WID),,2004,21.64,21.64
Africa (WID),,2005,21.449999,21.449999
Africa (WID),,2006,21.97,21.97
Africa (WID),,2007,22.1,22.1
Africa (WID),,2008,21.56,21.56
Africa (WID),,2009,20.800001,20.800001
Africa (WID),,2010,20.53,20.53
Africa (WID),,2011,20.25,20.25
Africa (WID),,2012,21.279999,21.279999
Africa (WID),,2013,21.359999,21.359999
Africa (WID),,2014,21.369999,21.369999
Africa (WID),,2015,21.32,21.32
Africa (WID),,2016,21.25,21.25
Africa (WID),,2017,21.09,21.09
Africa (WID),,2018,21.439999,21.439999
Africa (WID),,2019,21.18,21.18
Africa (WID),,2020,20.710001,20.710001
Africa (WID),,2021,21.199999,21.199999
Africa (WID),,2022,20.93,20.93
Africa (WID),,2023,20.75,20.75
Albania,ALB,1980,,8.09
Albania,ALB,1981,,8.09
Albania,ALB,1982,,8.09
Albania,ALB,1983,,8.09
Albania,ALB,1984,,8.09
Albania,ALB,1985,,8.09
Albania,ALB,1986,,8.09
Albania,ALB,1987,,8.09
Albania,ALB,1988,,8.09
Albania,ALB,1989,,8.09
Albania,ALB,1990,,8.09
Albania,ALB,1991,,8.09
Albania,ALB,1992,,8.09
Albania,ALB,1993,,8.09
Albania,ALB,1994,,8.09
Albania,ALB,1995,,8.09
Albania,ALB,1996,8.09,8.09
Albania,ALB,1997,,7.9400005
Albania,ALB,1998,,8
Albania,ALB,1999,,8.22
Albania,ALB,2000,,8.05
Albania,ALB,2001,,7.9000006
Albania,ALB,2002,8.25,8.25
Albania,ALB,2003,,8.49
Albania,ALB,2004,,7.9700003
Albania,ALB,2005,8.030001,8.030001
Albania,ALB,2006,,7.7699995
Albania,ALB,2007,,7.2
Albania,ALB,2008,8.14,8.14
Albania,ALB,2009,,8.17
Albania,ALB,2010,,8.4
Albania,ALB,2011,,8.58
Albania,ALB,2012,8.58,8.58
Albania,ALB,2013,,9.55
Albania,ALB,2014,,9.46
Albania,ALB,2015,9.64,9.64
Albania,ALB,2016,9.5,9.5
Albania,ALB,2017,9.62,9.62
Albania,ALB,2018,9.5,9.5
Albania,ALB,2019,,9.36
Albania,ALB,2020,,8.900001
Albania,ALB,2021,,8.99
Albania,ALB,2022,9.089999,9.089999
Albania,ALB,2023,9.17,9.17
Algeria,DZA,1820,,18
Algeria,DZA,1850,,18.5
Algeria,DZA,1880,,19
Algeria,DZA,1900,,19.5
Algeria,DZA,1910,,22
Algeria,DZA,1920,,22
Algeria,DZA,1930,,22
Algeria,DZA,1940,,21.5
Algeria,DZA,1950,,13.9
Algeria,DZA,1960,,17
Algeria,DZA,1970,,17
Algeria,DZA,1980,,15.870001
Algeria,DZA,1981,,15.51
Algeria,DZA,1982,,16.03
Algeria,DZA,1983,,18.44
Algeria,DZA,1984,,15.5
Algeria,DZA,1985,,15.790001
Algeria,DZA,1986,,15.26
Algeria,DZA,1987,,15.379999
Algeria,DZA,1988,15.440001,15.440001
Algeria,DZA,1989,15.360001,15.360001
Algeria,DZA,1990,16.04,16.04
Algeria,DZA,1991,15.05,15.05
Algeria,DZA,1992,15.719999,15.719999
Algeria,DZA,1993,15.52,15.52
Algeria,DZA,1994,14.09,14.09
Algeria,DZA,1995,15.22,15.22
Algeria,DZA,1996,15.610001,15.610001
Algeria,DZA,1997,15.42,15.42
Algeria,DZA,1998,15.710001,15.710001
Algeria,DZA,1999,15.690001,15.690001
Algeria,DZA,2000,15.29,15.29
Algeria,DZA,2001,15.21,15.21
Algeria,DZA,2002,18.179998,18.179998
Algeria,DZA,2003,17.2,17.2
Algeria,DZA,2004,15.57,15.57
Algeria,DZA,2005,15.559999,15.559999
Algeria,DZA,2006,15.379999,15.379999
Algeria,DZA,2007,14.87,14.87
Algeria,DZA,2008,15.59,15.59
Algeria,DZA,2009,16.240002,16.240002
Algeria,DZA,2010,16.140001,16.140001
Algeria,DZA,2011,15.950001,15.950001
Algeria,DZA,2012,,20.06
Algeria,DZA,2013,,24.15
Algeria,DZA,2014,,23.26
Algeria,DZA,2015,,23.880001
Algeria,DZA,2016,,23.810001
Algeria,DZA,2017,,23.890001
Algeria,DZA,2018,,23.75
Algeria,DZA,2019,,23.08
Algeria,DZA,2020,,25.380001
Algeria,DZA,2021,,25.8
Algeria,DZA,2022,23.74,23.74
Algeria,DZA,2023,22.64,22.64
Andorra,AND,1980,9.08,9.08
Andorra,AND,1981,9.049999,9.049999
Andorra,AND,1982,9.0199995,9.0199995
Andorra,AND,1983,9.13,9.13
Andorra,AND,1984,9.34,9.34
Andorra,AND,1985,9.37,9.37
Andorra,AND,1986,9.34,9.34
Andorra,AND,1987,9.2699995,9.2699995
Andorra,AND,1988,9.33,9.33
Andorra,AND,1989,9.43,9.43
Andorra,AND,1990,9.22,9.22
Andorra,AND,1991,9.139999,9.139999
Andorra,AND,1992,9.51,9.51
Andorra,AND,1993,9.63,9.63
Andorra,AND,1994,10.07,10.07
Andorra,AND,1995,9.75,9.75
Andorra,AND,1996,10.08,10.08
Andorra,AND,1997,10.679999,10.679999
Andorra,AND,1998,10.809999,10.809999
Andorra,AND,1999,10.88,10.88
Andorra,AND,2000,11.3,11.3
Andorra,AND,2001,10.86,10.86
Andorra,AND,2002,10.5,10.5
Andorra,AND,2003,10.75,10.75
Andorra,AND,2004,11.16,11.16
Andorra,AND,2005,11.34,11.34
Andorra,AND,2006,12,12
Andorra,AND,2007,11.9800005,11.9800005
Andorra,AND,2008,10.78,10.78
Andorra,AND,2009,9.88,9.88
Andorra,AND,2010,10.93,10.93
Andorra,AND,2011,10.88,10.88
Andorra,AND,2012,10.25,10.25
Andorra,AND,2013,10.400001,10.400001
Andorra,AND,2014,10.849999,10.849999
Andorra,AND,2015,10.66,10.66
Andorra,AND,2016,10.7699995,10.7699995
Andorra,AND,2017,10.78,10.78
Andorra,AND,2018,10.83,10.83
Andorra,AND,2019,10.49,10.49
Andorra,AND,2020,10.58,10.58
Andorra,AND,2021,11.4,11.4
Andorra,AND,2022,11.5,11.5
Andorra,AND,2023,11.5,11.5
Angola,AGO,1980,,22.09
Angola,AGO,1981,,22.25
Angola,AGO,1982,,22.28
Angola,AGO,1983,,21.86
Angola,AGO,1984,,23.4
Angola,AGO,1985,,22.92
Angola,AGO,1986,,22.09
Angola,AGO,1987,,22.210001
Angola,AGO,1988,,22.14
Angola,AGO,1989,,21.99
Angola,AGO,1990,,21.99
Angola,AGO,1991,,21.59
Angola,AGO,1992,,21.77
Angola,AGO,1993,,24.49
Angola,AGO,1994,,21.88
Angola,AGO,1995,22.74,22.74
Angola,AGO,1996,,24.050001
Angola,AGO,1997,,21.55
Angola,AGO,1998,,22.490002
Angola,AGO,1999,,21.39
Angola,AGO,2000,22.16,22.16
Angola,AGO,2001,,21.61
Angola,AGO,2002,,20.77
Angola,AGO,2003,,19.51
Angola,AGO,2004,,18.76
Angola,AGO,2005,,17.95
Angola,AGO,2006,,16.92
Angola,AGO,2007,,16.03
Angola,AGO,2008,15.16,15.16
Angola,AGO,2009,,16.240002
Angola,AGO,2010,,17.51
Angola,AGO,2011,,18.56
Angola,AGO,2012,,19.6
Angola,AGO,2013,,20.51
Angola,AGO,2014,,22.77
Angola,AGO,2015,,23.31
Angola,AGO,2016,,24.1
Angola,AGO,2017,,24.8
Angola,AGO,2018,26.089998,26.089998
Angola,AGO,2019,,25.86
Angola,AGO,2020,,26.33
Angola,AGO,2021,,26.94
Angola,AGO,2022,25.87,25.87
Angola,AGO,2023,25.86,25.86
Anguilla,AIA,1980,23.75,23.75
Anguilla,AIA,1981,23.64,23.64
Anguilla,AIA,1982,23.53,23.53
Anguilla,AIA,1983,23.42,23.42
Anguilla,AIA,1984,23.31,23.31
Anguilla,AIA,1985,23.19,23.19
Anguilla,AIA,1986,23.07,23.07
Anguilla,AIA,1987,22.949999,22.949999
Anguilla,AIA,1988,22.83,22.83
Anguilla,AIA,1989,22.71,22.71
Anguilla,AIA,1990,22.58,22.58
Anguilla,AIA,1991,22.57,22.57
Anguilla,AIA,1992,22.550001,22.550001
Anguilla,AIA,1993,22.54,22.54
Anguilla,AIA,1994,22.53,22.53
Anguilla,AIA,1995,22.52,22.52
Anguilla,AIA,1996,22.51,22.51
Anguilla,AIA,1997,22.5,22.5
Anguilla,AIA,1998,22.490002,22.490002
Anguilla,AIA,1999,22.480001,22.480001
Anguilla,AIA,2000,22.470001,22.470001
Anguilla,AIA,2001,22.310001,22.310001
Anguilla,AIA,2002,22.16,22.16
Anguilla,AIA,2003,22.02,22.02
Anguilla,AIA,2004,21.89,21.89
Anguilla,AIA,2005,21.76,21.76
Anguilla,AIA,2006,21.64,21.64
Anguilla,AIA,2007,21.529999,21.529999
Anguilla,AIA,2008,21.42,21.42
Anguilla,AIA,2009,21.31,21.31
Anguilla,AIA,2010,21.21,21.21
Anguilla,AIA,2011,21.199999,21.199999
Anguilla,AIA,2012,21.199999,21.199999
Anguilla,AIA,2013,21.199999,21.199999
Anguilla,AIA,2014,21.199999,21.199999
Anguilla,AIA,2015,21.189999,21.189999
Anguilla,AIA,2016,21.189999,21.189999
Anguilla,AIA,2017,21.189999,21.189999
Anguilla,AIA,2018,21.18,21.18
Anguilla,AIA,2019,21.18,21.18
Anguilla,AIA,2020,21.199999,21.199999
Anguilla,AIA,2021,21.199999,21.199999
Anguilla,AIA,2022,21.199999,21.199999
Anguilla,AIA,2023,21.199999,21.199999
Antigua and Barbuda,ATG,1980,23.75,23.75
Antigua and Barbuda,ATG,1981,23.64,23.64
Antigua and Barbuda,ATG,1982,23.53,23.53
Antigua and Barbuda,ATG,1983,23.42,23.42
Antigua and Barbuda,ATG,1984,23.31,23.31
Antigua and Barbuda,ATG,1985,23.19,23.19
Antigua and Barbuda,ATG,1986,23.07,23.07
Antigua and Barbuda,ATG,1987,22.949999,22.949999
Antigua and Barbuda,ATG,1988,22.83,22.83
Antigua and Barbuda,ATG,1989,22.71,22.71
Antigua and Barbuda,ATG,1990,22.58,22.58
Antigua and Barbuda,ATG,1991,22.57,22.57
Antigua and Barbuda,ATG,1992,22.550001,22.550001
Antigua and Barbuda,ATG,1993,22.54,22.54
Antigua and Barbuda,ATG,1994,22.53,22.53
Antigua and Barbuda,ATG,1995,22.52,22.52
Antigua and Barbuda,ATG,1996,22.51,22.51
Antigua and Barbuda,ATG,1997,22.5,22.5
Antigua and Barbuda,ATG,1998,22.490002,22.490002
Antigua and Barbuda,ATG,1999,22.480001,22.480001
Antigua and Barbuda,ATG,2000,22.470001,22.470001
Antigua and Barbuda,ATG,2001,22.310001,22.310001
Antigua and Barbuda,ATG,2002,22.16,22.16
Antigua and Barbuda,ATG,2003,22.02,22.02
Antigua and Barbuda,ATG,2004,21.89,21.89
Antigua and Barbuda,ATG,2005,21.76,21.76
Antigua and Barbuda,ATG,2006,21.64,21.64
Antigua and Barbuda,ATG,2007,21.529999,21.529999
Antigua and Barbuda,ATG,2008,21.42,21.42
Antigua and Barbuda,ATG,2009,21.31,21.31
Antigua and Barbuda,ATG,2010,21.21,21.21
Antigua and Barbuda,ATG,2011,21.199999,21.199999
Antigua and Barbuda,ATG,2012,21.199999,21.199999
Antigua and Barbuda,ATG,2013,21.199999,21.199999
Antigua and Barbuda,ATG,2014,21.199999,21.199999
Antigua and Barbuda,ATG,2015,21.189999,21.189999
Antigua and Barbuda,ATG,2016,21.189999,21.189999
Antigua and Barbuda,ATG,2017,21.189999,21.189999
Antigua and Barbuda,ATG,2018,21.18,21.18
Antigua and Barbuda,ATG,2019,21.18,21.18
Antigua and Barbuda,ATG,2020,21.199999,21.199999
Antigua and Barbuda,ATG,2021,21.199999,21.199999
Antigua and Barbuda,ATG,2022,21.199999,21.199999
Antigua and Barbuda,ATG,2023,21.199999,21.199999
Argentina,ARG,1820,,19.75
Argentina,ARG,1850,,19.96
Argentina,ARG,1880,,20.17
Argentina,ARG,1900,,20.37
Argentina,ARG,1910,,20.79
Argentina,ARG,1920,,20.79
Argentina,ARG,1930,,20.79
Argentina,ARG,1940,,20.5
Argentina,ARG,1950,,18.66
Argentina,ARG,1960,,13.03
Argentina,ARG,1970,,12.610001
Argentina,ARG,1980,,14.300001
Argentina,ARG,1981,,14.300001
Argentina,ARG,1982,,14.300001
Argentina,ARG,1983,,14.300001
Argentina,ARG,1984,,14.300001
Argentina,ARG,1985,,14.300001
Argentina,ARG,1986,,14.300001
Argentina,ARG,1987,,14.300001
Argentina,ARG,1988,,14.300001
Argentina,ARG,1989,,14.300001
Argentina,ARG,1990,,14.300001
Argentina,ARG,1991,,14.300001
Argentina,ARG,1992,,14.300001
Argentina,ARG,1993,,14.300001
Argentina,ARG,1994,,14.300001
Argentina,ARG,1995,,14.300001
Argentina,ARG,1996,,14.300001
Argentina,ARG,1997,,14.300001
Argentina,ARG,1998,,14.300001
Argentina,ARG,1999,,14.300001
Argentina,ARG,2000,,14.300001
Argentina,ARG,2001,14.440001,14.440001
Argentina,ARG,2002,15.34,15.34
Argentina,ARG,2003,15.880001,15.880001
Argentina,ARG,2004,13.77,13.77
Argentina,ARG,2005,11.77,11.77
Argentina,ARG,2006,10.559999,10.559999
Argentina,ARG,2007,14.56,14.56
Argentina,ARG,2008,14.71,14.71
Argentina,ARG,2009,12,12
Argentina,ARG,2010,12.01,12.01
Argentina,ARG,2011,11.64,11.64
Argentina,ARG,2012,8.55,8.55
Argentina,ARG,2013,9.99,9.99
Argentina,ARG,2014,10.2,10.2
Argentina,ARG,2015,12.13,12.13
Argentina,ARG,2016,14.07,14.07
Argentina,ARG,2017,11.82,11.82
Argentina,ARG,2018,12.179999,12.179999
Argentina,ARG,2019,,14.35
Argentina,ARG,2020,,14.1
Argentina,ARG,2021,,12.97
Argentina,ARG,2022,12.36,12.36
Argentina,ARG,2023,12.36,12.36
Armenia,ARM,1980,,19.42
Armenia,ARM,1981,,19.42
Armenia,ARM,1982,,19.42
Armenia,ARM,1983,,19.42
Armenia,ARM,1984,,19.42
Armenia,ARM,1985,,19.42
Armenia,ARM,1986,,19.42
Armenia,ARM,1987,,19.42
Armenia,ARM,1988,,19.42
Armenia,ARM,1989,,19.42
Armenia,ARM,1990,,19.42
Armenia,ARM,1991,,19.42
Armenia,ARM,1992,,19.42
Armenia,ARM,1993,,19.42
Armenia,ARM,1994,,19.42
Armenia,ARM,1995,,19.42
Armenia,ARM,1996,19.42,19.42
Armenia,ARM,1997,,18.65
Armenia,ARM,1998,,18.49
Armenia,ARM,1999,17.6,17.6
Armenia,ARM,2000,,16.25
Armenia,ARM,2001,,14.38
Armenia,ARM,2002,15.59,15.59
Armenia,ARM,2003,16.699999,16.699999
Armenia,ARM,2004,18.960001,18.960001
Armenia,ARM,2005,18,18
Armenia,ARM,2006,13.160001,13.160001
Armenia,ARM,2007,12.690001,12.690001
Armenia,ARM,2008,12.97,12.97
Armenia,ARM,2009,12.530001,12.530001
Armenia,ARM,2010,15.009999,15.009999
Armenia,ARM,2011,13.259999,13.259999
Armenia,ARM,2012,13.38,13.38
Armenia,ARM,2013,14.669999,14.669999
Armenia,ARM,2014,14.300001,14.300001
Armenia,ARM,2015,15.150001,15.150001
Armenia,ARM,2016,18.06,18.06
Armenia,ARM,2017,17.12,17.12
Armenia,ARM,2018,17.5,17.5
Armenia,ARM,2019,,17.34
Armenia,ARM,2020,,14.86
Armenia,ARM,2021,,15.0199995
Armenia,ARM,2022,14.62,14.62
Armenia,ARM,2023,15.809999,15.809999
Aruba,ABW,1980,23.75,23.75
Aruba,ABW,1981,23.64,23.64
Aruba,ABW,1982,23.53,23.53
Aruba,ABW,1983,23.42,23.42
Aruba,ABW,1984,23.31,23.31
Aruba,ABW,1985,23.19,23.19
Aruba,ABW,1986,23.07,23.07
Aruba,ABW,1987,22.949999,22.949999
Aruba,ABW,1988,22.83,22.83
Aruba,ABW,1989,22.71,22.71
Aruba,ABW,1990,22.58,22.58
Aruba,ABW,1991,22.57,22.57
Aruba,ABW,1992,22.550001,22.550001
Aruba,ABW,1993,22.54,22.54
Aruba,ABW,1994,22.53,22.53
Aruba,ABW,1995,22.52,22.52
Aruba,ABW,1996,22.51,22.51
Aruba,ABW,1997,22.5,22.5
Aruba,ABW,1998,22.490002,22.490002
Aruba,ABW,1999,22.480001,22.480001
Aruba,ABW,2000,22.470001,22.470001
Aruba,ABW,2001,22.310001,22.310001
Aruba,ABW,2002,22.16,22.16
Aruba,ABW,2003,22.02,22.02
Aruba,ABW,2004,21.89,21.89
Aruba,ABW,2005,21.76,21.76
Aruba,ABW,2006,21.64,21.64
Aruba,ABW,2007,21.529999,21.529999
Aruba,ABW,2008,21.42,21.42
Aruba,ABW,2009,21.31,21.31
Aruba,ABW,2010,21.21,21.21
Aruba,ABW,2011,21.199999,21.199999
Aruba,ABW,2012,21.199999,21.199999
Aruba,ABW,2013,21.199999,21.199999
Aruba,ABW,2014,21.199999,21.199999
Aruba,ABW,2015,21.189999,21.189999
Aruba,ABW,2016,21.189999,21.189999
Aruba,ABW,2017,21.189999,21.189999
Aruba,ABW,2018,21.18,21.18
Aruba,ABW,2019,21.18,21.18
Aruba,ABW,2020,21.199999,21.199999
Aruba,ABW,2021,21.199999,21.199999
Aruba,ABW,2022,21.199999,21.199999
Aruba,ABW,2023,21.199999,21.199999
Asia (WID),,1980,24.539999,24.539999
Asia (WID),,1981,23.74,23.74
Asia (WID),,1982,21.199999,21.199999
Asia (WID),,1983,21.81,21.81
Asia (WID),,1984,20.19,20.19
Asia (WID),,1985,20.92,20.92
Asia (WID),,1986,20.970001,20.970001
Asia (WID),,1987,21.22,21.22
Asia (WID),,1988,21.88,21.88
Asia (WID),,1989,21.74,21.74
Asia (WID),,1990,22.400002,22.400002
Asia (WID),,1991,23.17,23.17
Asia (WID),,1992,22.75,22.75
Asia (WID),,1993,21.87,21.87
Asia (WID),,1994,21.95,21.95
Asia (WID),,1995,22.99,22.99
Asia (WID),,1996,23.029999,23.029999
Asia (WID),,1997,22.76,22.76
Asia (WID),,1998,22.12,22.12
Asia (WID),,1999,22.6,22.6
Asia (WID),,2000,23.4,23.4
Asia (WID),,2001,23.87,23.87
Asia (WID),,2002,23.980001,23.980001
Asia (WID),,2003,23.34,23.34
Asia (WID),,2004,23.76,23.76
Asia (WID),,2005,24.12,24.12
Asia (WID),,2006,23.7,23.7
Asia (WID),,2007,23.7,23.7
Asia (WID),,2008,23.42,23.42
Asia (WID),,2009,22.37,22.37
Asia (WID),,2010,22.06,22.06
Asia (WID),,2011,22.67,22.67
Asia (WID),,2012,22.01,22.01
Asia (WID),,2013,21.64,21.64
Asia (WID),,2014,21.199999,21.199999
Asia (WID),,2015,21.14,21.14
Asia (WID),,2016,20.630001,20.630001
Asia (WID),,2017,20.95,20.95
Asia (WID),,2018,21.68,21.68
Asia (WID),,2019,20.42,20.42
Asia (WID),,2020,20.880001,20.880001
Asia (WID),,2021,20.49,20.49
Asia (WID),,2022,21.63,21.63
Asia (WID),,2023,21.07,21.07
Asia (excluding Middle East) (WID),,1980,19.84,19.84
Asia (excluding Middle East) (WID),,1981,19.310001,19.310001
Asia (excluding Middle East) (WID),,1982,19.89,19.89
Asia (excluding Middle East) (WID),,1983,19.55,19.55
Asia (excluding Middle East) (WID),,1984,19.35,19.35
Asia (excluding Middle East) (WID),,1985,19.85,19.85
Asia (excluding Middle East) (WID),,1986,20.87,20.87
Asia (excluding Middle East) (WID),,1987,21.24,21.24
Asia (excluding Middle East) (WID),,1988,21.05,21.05
Asia (excluding Middle East) (WID),,1989,22.43,22.43
Asia (excluding Middle East) (WID),,1990,22.5,22.5
Asia (excluding Middle East) (WID),,1991,21.789999,21.789999
Asia (excluding Middle East) (WID),,1992,20.460001,20.460001
Asia (excluding Middle East) (WID),,1993,20.1,20.1
Asia (excluding Middle East) (WID),,1994,20.029999,20.029999
Asia (excluding Middle East) (WID),,1995,20.800001,20.800001
Asia (excluding Middle East) (WID),,1996,20.74,20.74
Asia (excluding Middle East) (WID),,1997,20.42,20.42
Asia (excluding Middle East) (WID),,1998,20.01,20.01
Asia (excluding Middle East) (WID),,1999,20.119999,20.119999
Asia (excluding Middle East) (WID),,2000,20.54,20.54
Asia (excluding Middle East) (WID),,2001,20.93,20.93
Asia (excluding Middle East) (WID),,2002,21.81,21.81
Asia (excluding Middle East) (WID),,2003,21.14,21.14
Asia (excluding Middle East) (WID),,2004,21.34,21.34
Asia (excluding Middle East) (WID),,2005,21.369999,21.369999
Asia (excluding Middle East) (WID),,2006,21.13,21.13
Asia (excluding Middle East) (WID),,2007,21.64,21.64
Asia (excluding Middle East) (WID),,2008,21.18,21.18
Asia (excluding Middle East) (WID),,2009,20.79,20.79
Asia (excluding Middle East) (WID),,2010,20.960001,20.960001
Asia (excluding Middle East) (WID),,2011,20.67,20.67
Asia (excluding Middle East) (WID),,2012,20.13,20.13
Asia (excluding Middle East) (WID),,2013,19.48,19.48
Asia (excluding Middle East) (WID),,2014,19.76,19.76
Asia (excluding Middle East) (WID),,2015,19.310001,19.310001
Asia (excluding Middle East) (WID),,2016,19.689999,19.689999
Asia (excluding Middle East) (WID),,2017,20.21,20.21
Asia (excluding Middle East) (WID),,2018,20.67,20.67
Asia (excluding Middle East) (WID),,2019,19.61,19.61
Asia (excluding Middle East) (WID),,2020,19.51,19.51
Asia (excluding Middle East) (WID),,2021,19.380001,19.380001
Asia (excluding Middle East) (WID),,2022,20.460001,20.460001
Asia (excluding Middle East) (WID),,2023,20,20
Australia,AUS,1820,,14.56
Australia,AUS,1850,,14.89
Australia,AUS,1880,,14.72
Australia,AUS,1900,,16.36
Australia,AUS,1910,,16.36
Australia,AUS,1911,16.1,16.1
Australia,AUS,1912,15.860001,15.860001
Australia,AUS,1913,14.56,14.56
Australia,AUS,1914,13.67,13.67
Australia,AUS,1915,12.9800005,12.9800005
Australia,AUS,1916,11.14,11.14
Australia,AUS,1917,11.49,11.49
Australia,AUS,1918,11.65,11.65
Australia,AUS,1919,15.83,15.83
Australia,AUS,1920,12.68,12.68
Australia,AUS,1921,14.38,14.38
Australia,AUS,1922,13.2,13.2
Australia,AUS,1923,14.5199995,14.5199995
Australia,AUS,1924,14.58,14.58
Australia,AUS,1925,14.059999,14.059999
Australia,AUS,1926,13.74,13.74
Australia,AUS,1927,14.360001,14.360001
Australia,AUS,1928,14.759999,14.759999
Australia,AUS,1929,13.150001,13.150001
Australia,AUS,1930,12.139999,12.139999
Australia,AUS,1931,11.509999,11.509999
Australia,AUS,1932,11.42,11.42
Australia,AUS,1933,12.74,12.74
Australia,AUS,1934,12.790001,12.790001
Australia,AUS,1935,12.9800005,12.9800005
Australia,AUS,1936,13.9,13.9
Australia,AUS,1937,12.08,12.08
Australia,AUS,1938,12.75,12.75
Australia,AUS,1939,13.179999,13.179999
Australia,AUS,1940,12.710001,12.710001
Australia,AUS,1941,13.13,13.13
Australia,AUS,1942,12.68,12.68
Australia,AUS,1943,12.67,12.67
Australia,AUS,1944,10.91,10.91
Australia,AUS,1945,10.15,10.15
Australia,AUS,1946,11.41,11.41
Australia,AUS,1947,12.73,12.73
Australia,AUS,1948,12.89,12.89
Australia,AUS,1949,13.56,13.56
Australia,AUS,1950,16.93,16.93
Australia,AUS,1951,10.78,10.78
Australia,AUS,1952,10.62,10.62
Australia,AUS,1953,10.09,10.09
Australia,AUS,1954,9.54,9.54
Australia,AUS,1955,9,9
Australia,AUS,1956,9.54,9.54
Australia,AUS,1957,8.23,8.23
Australia,AUS,1958,8.92,8.92
Australia,AUS,1959,8.33,8.33
Australia,AUS,1960,7.98,7.98
Australia,AUS,1961,7.88,7.88
Australia,AUS,1962,8.06,8.06
Australia,AUS,1963,8.38,8.38
Australia,AUS,1964,8.05,8.05
Australia,AUS,1965,7.76,7.76
Australia,AUS,1966,7.29,7.29
Australia,AUS,1967,7.5099998,7.5099998
Australia,AUS,1968,7.29,7.29
Australia,AUS,1969,7.27,7.27
Australia,AUS,1970,6.96,6.96
Australia,AUS,1971,6.7599998,6.7599998
Australia,AUS,1972,6.8599997,6.8599997
Australia,AUS,1973,6.6,6.6
Australia,AUS,1974,5.82,5.82
Australia,AUS,1975,5.4,5.4
Australia,AUS,1976,5.21,5.21
Australia,AUS,1977,5.37,5.37
Australia,AUS,1978,5.2999997,5.2999997
Australia,AUS,1979,5.47,5.47
Australia,AUS,1980,5.48,5.48
Australia,AUS,1981,5.29,5.29
Australia,AUS,1982,5.3199997,5.3199997
Australia,AUS,1983,5.2999997,5.2999997
Australia,AUS,1984,5.6400003,5.6400003
Australia,AUS,1985,6.04,6.04
Australia,AUS,1986,6.47,6.47
Australia,AUS,1987,7.57,7.57
Australia,AUS,1988,9.26,9.26
Australia,AUS,1989,8.13,8.13
Australia,AUS,1990,7.1000004,7.1000004
Australia,AUS,1991,7.1000004,7.1000004
Australia,AUS,1992,6.8999996,6.8999996
Australia,AUS,1993,7.2400002,7.2400002
Australia,AUS,1994,7.6800003,7.6800003
Australia,AUS,1995,7.9300003,7.9300003
Australia,AUS,1996,8.349999,8.349999
Australia,AUS,1997,8.36,8.36
Australia,AUS,1998,8.190001,8.190001
Australia,AUS,1999,8.349999,8.349999
Australia,AUS,2000,9.099999,9.099999
Australia,AUS,2001,9.04,9.04
Australia,AUS,2002,9.43,9.43
Australia,AUS,2003,9.51,9.51
Australia,AUS,2004,10.31,10.31
Australia,AUS,2005,10.639999,10.639999
Australia,AUS,2006,10.21,10.21
Australia,AUS,2007,11.01,11.01
Australia,AUS,2008,10.62,10.62
Australia,AUS,2009,11.14,11.14
Australia,AUS,2010,10.92,10.92
Australia,AUS,2011,10.97,10.97
Australia,AUS,2012,10.65,10.65
Australia,AUS,2013,11.36,11.36
Australia,AUS,2014,10.84,10.84
Australia,AUS,2015,10.39,10.39
Australia,AUS,2016,9.86,9.86
Australia,AUS,2017,10.19,10.19
Australia,AUS,2018,10.2,10.2
Australia,AUS,2019,,10.28
Australia,AUS,2020,,10.2300005
Australia,AUS,2021,,9.929999
Australia,AUS,2022,10.84,10.84
Australia,AUS,2023,9.969999,9.969999
Austria,AUT,1980,,11.61
Austria,AUT,1981,,11.429999
Austria,AUT,1982,,11.25
Austria,AUT,1983,,11.32
Austria,AUT,1984,,11.25
Austria,AUT,1985,,11.01
Austria,AUT,1986,,11.02
Austria,AUT,1987,,10.99
Austria,AUT,1988,,11.02
Austria,AUT,1989,,11.03
Austria,AUT,1990,,11.05
Austria,AUT,1991,,11.31
Austria,AUT,1992,,11.27
Austria,AUT,1993,,11.01
Austria,AUT,1994,,11.03
Austria,AUT,1995,,11.18
Austria,AUT,1996,,11.25
Austria,AUT,1997,,11.2300005
Austria,AUT,1998,,11.7
Austria,AUT,1999,,10.639999
Austria,AUT,2000,,12.219999
Austria,AUT,2001,,11.469999
Austria,AUT,2002,,11.599999
Austria,AUT,2003,,11.92
Austria,AUT,2004,11.200001,11.200001
Austria,AUT,2005,11.04,11.04
Austria,AUT,2006,13.079999,13.079999
Austria,AUT,2007,11.25,11.25
Austria,AUT,2008,12.13,12.13
Austria,AUT,2009,11.25,11.25
Austria,AUT,2010,11.110001,11.110001
Austria,AUT,2011,11,11
Austria,AUT,2012,8.150001,8.150001
Austria,AUT,2013,8.820001,8.820001
Austria,AUT,2014,10.849999,10.849999
Austria,AUT,2015,9.94,9.94
Austria,AUT,2016,10.88,10.88
Austria,AUT,2017,,9.67
Austria,AUT,2018,,9.610001
Austria,AUT,2019,,9.6
Austria,AUT,2020,,14.910001
Austria,AUT,2021,,11.73
Austria,AUT,2022,13.089999,13.089999
Austria,AUT,2023,11.35,11.35
Azerbaijan,AZE,1980,,15.809999
Azerbaijan,AZE,1981,,15.809999
Azerbaijan,AZE,1982,,15.809999
Azerbaijan,AZE,1983,,15.809999
Azerbaijan,AZE,1984,,15.809999
Azerbaijan,AZE,1985,,15.809999
Azerbaijan,AZE,1986,,15.809999
Azerbaijan,AZE,1987,,15.809999
Azerbaijan,AZE,1988,,15.809999
Azerbaijan,AZE,1989,,15.809999
Azerbaijan,AZE,1990,,15.809999
Azerbaijan,AZE,1991,,15.809999
Azerbaijan,AZE,1992,,15.809999
Azerbaijan,AZE,1993,,15.809999
Azerbaijan,AZE,1994,,15.809999
Azerbaijan,AZE,1995,15.809999,15.809999
Azerbaijan,AZE,1996,,16.19
Azerbaijan,AZE,1997,,16.19
Azerbaijan,AZE,1998,,15.91
Azerbaijan,AZE,1999,,16.12
Azerbaijan,AZE,2000,,15.76
Azerbaijan,AZE,2001,,15.93
Azerbaijan,AZE,2002,13.410001,13.410001
Azerbaijan,AZE,2003,12.82,12.82
Azerbaijan,AZE,2004,13.83,13.83
Azerbaijan,AZE,2005,,14.17
Azerbaijan,AZE,2006,,17.52
Azerbaijan,AZE,2007,,17.74
Azerbaijan,AZE,2008,,13.98
Azerbaijan,AZE,2009,,13.82
Azerbaijan,AZE,2010,,13.400001
Azerbaijan,AZE,2011,,13.67
Azerbaijan,AZE,2012,,14.129999
Azerbaijan,AZE,2013,,13.950001
Azerbaijan,AZE,2014,,13.82
Azerbaijan,AZE,2015,,13.400001
Azerbaijan,AZE,2016,,12.9
Azerbaijan,AZE,2017,,13.71
Azerbaijan,AZE,2018,,13.46
Azerbaijan,AZE,2019,,13.46
Azerbaijan,AZE,2020,,13.4800005
Azerbaijan,AZE,2021,,13.59
Azerbaijan,AZE,2022,13.58,13.58
Azerbaijan,AZE,2023,13.45,13.45
Bahamas,BHS,1980,,19.03
Bahamas,BHS,1981,,19.03
Bahamas,BHS,1982,,19.03
Bahamas,BHS,1983,,19.03
Bahamas,BHS,1984,,19.03
Bahamas,BHS,1985,,19.03
Bahamas,BHS,1986,,19.03
Bahamas,BHS,1987,,19.03
Bahamas,BHS,1988,,19.03
Bahamas,BHS,1989,,19.03
Bahamas,BHS,1990,,19.03
Bahamas,BHS,1991,,19.03
Bahamas,BHS,1992,,19.03
Bahamas,BHS,1993,,19.03
Bahamas,BHS,1994,,19.03
Bahamas,BHS,1995,,19.03
Bahamas,BHS,1996,,19.03
Bahamas,BHS,1997,,19.03
Bahamas,BHS,1998,,19.03
Bahamas,BHS,1999,,19.03
Bahamas,BHS,2000,,19.03
Bahamas,BHS,2001,,19.84
Bahamas,BHS,2002,,19.28
Bahamas,BHS,2003,,20.43
Bahamas,BHS,2004,,19.99
Bahamas,BHS,2005,,19.300001
Bahamas,BHS,2006,,19.41
Bahamas,BHS,2007,,21.1
Bahamas,BHS,2008,,20.29
Bahamas,BHS,2009,,19.28
Bahamas,BHS,2010,,20.01
Bahamas,BHS,2011,,19.82
Bahamas,BHS,2012,,19.699999
Bahamas,BHS,2013,,20.57
Bahamas,BHS,2014,,20.460001
Bahamas,BHS,2015,,19.42
Bahamas,BHS,2016,,19.84
Bahamas,BHS,2017,,18.84
Bahamas,BHS,2018,,19.76
Bahamas,BHS,2019,,19.050001
Bahamas,BHS,2020,,20.43
Bahamas,BHS,2021,,18.92
Bahamas,BHS,2022,17.87,17.87
Bahamas,BHS,2023,17.87,17.87
Bahrain,BHR,1980,,22.04
Bahrain,BHR,1981,,21.97
Bahrain,BHR,1982,,21.9
Bahrain,BHR,1983,,21.9
Bahrain,BHR,1984,,22
Bahrain,BHR,1985,,21.98
Bahrain,BHR,1986,,21.91
Bahrain,BHR,1987,,21.89
Bahrain,BHR,1988,,21.99
Bahrain,BHR,1989,,22.01
Bahrain,BHR,1990,,22.33
Bahrain,BHR,1991,,21.88
Bahrain,BHR,1992,,21.99
Bahrain,BHR,1993,,22.16
Bahrain,BHR,1994,,22.01
Bahrain,BHR,1995,21.88,21.88
Bahrain,BHR,1996,,22.19
Bahrain,BHR,1997,,22.24
Bahrain,BHR,1998,,22.6
Bahrain,BHR,1999,,22.93
Bahrain,BHR,2000,,22.82
Bahrain,BHR,2001,,23.019999
Bahrain,BHR,2002,,23.34
Bahrain,BHR,2003,,23.44
Bahrain,BHR,2004,,23.7
Bahrain,BHR,2005,24.16,24.16
Bahrain,BHR,2006,,22.01
Bahrain,BHR,2007,,19.949999
Bahrain,BHR,2008,,17.7
Bahrain,BHR,2009,,15.06
Bahrain,BHR,2010,,17.03
Bahrain,BHR,2011,,18.83
Bahrain,BHR,2012,,20.44
Bahrain,BHR,2013,,22.33
Bahrain,BHR,2014,,24.060001
Bahrain,BHR,2015,25.97,25.97
Bahrain,BHR,2016,,25.45
Bahrain,BHR,2017,,26.13
Bahrain,BHR,2018,,25.75
Bahrain,BHR,2019,,25.470001
Bahrain,BHR,2020,,25.59
Bahrain,BHR,2021,,25.25
Bahrain,BHR,2022,25.470001,25.470001
Bahrain,BHR,2023,25.189999,25.189999
Bangladesh,BGD,1980,,11.71
Bangladesh,BGD,1981,,11.71
Bangladesh,BGD,1982,,11.71
Bangladesh,BGD,1983,11.71,11.71
Bangladesh,BGD,1984,,12.16
Bangladesh,BGD,1985,13.28,13.28
Bangladesh,BGD,1986,,13.5199995
Bangladesh,BGD,1987,,14.309999
Bangladesh,BGD,1988,14.129999,14.129999
Bangladesh,BGD,1989,,13.45
Bangladesh,BGD,1990,,13.21
Bangladesh,BGD,1991,12.32,12.32
Bangladesh,BGD,1992,,13.64
Bangladesh,BGD,1993,,14.920001
Bangladesh,BGD,1994,,15.58
Bangladesh,BGD,1995,16.88,16.88
Bangladesh,BGD,1996,,16.529999
Bangladesh,BGD,1997,,16.29
Bangladesh,BGD,1998,,16.230001
Bangladesh,BGD,1999,,16.529999
Bangladesh,BGD,2000,16.18,16.18
Bangladesh,BGD,2001,,16.45
Bangladesh,BGD,2002,,16.380001
Bangladesh,BGD,2003,,16.71
Bangladesh,BGD,2004,,16.539999
Bangladesh,BGD,2005,16.619999,16.619999
Bangladesh,BGD,2006,,16.97
Bangladesh,BGD,2007,,17.12
Bangladesh,BGD,2008,,15.860001
Bangladesh,BGD,2009,,16.09
Bangladesh,BGD,2010,16.380001,16.380001
Bangladesh,BGD,2011,,16.41
Bangladesh,BGD,2012,,16.17
Bangladesh,BGD,2013,,16.619999
Bangladesh,BGD,2014,,16.45
Bangladesh,BGD,2015,,16.130001
Bangladesh,BGD,2016,16.41,16.41
Bangladesh,BGD,2017,,16.529999
Bangladesh,BGD,2018,,16.19
Bangladesh,BGD,2019,,17.27
Bangladesh,BGD,2020,,16.36
Bangladesh,BGD,2021,,16.01
Bangladesh,BGD,2022,16.529999,16.529999
Bangladesh,BGD,2023,16.01,16.01
Barbados,BRB,1980,23.75,23.75
Barbados,BRB,1981,23.64,23.64
Barbados,BRB,1982,23.53,23.53
Barbados,BRB,1983,23.42,23.42
Barbados,BRB,1984,23.31,23.31
Barbados,BRB,1985,23.19,23.19
Barbados,BRB,1986,23.07,23.07
Barbados,BRB,1987,22.949999,22.949999
Barbados,BRB,1988,22.83,22.83
Barbados,BRB,1989,22.71,22.71
Barbados,BRB,1990,22.58,22.58
Barbados,BRB,1991,22.57,22.57
Barbados,BRB,1992,22.550001,22.550001
Barbados,BRB,1993,22.54,22.54
Barbados,BRB,1994,22.53,22.53
Barbados,BRB,1995,22.52,22.52
Barbados,BRB,1996,22.51,22.51
Barbados,BRB,1997,22.5,22.5
Barbados,BRB,1998,22.490002,22.490002
Barbados,BRB,1999,22.480001,22.480001
Barbados,BRB,2000,22.470001,22.470001
Barbados,BRB,2001,22.310001,22.310001
Barbados,BRB,2002,22.16,22.16
Barbados,BRB,2003,22.02,22.02
Barbados,BRB,2004,21.89,21.89
Barbados,BRB,2005,21.76,21.76
Barbados,BRB,2006,21.64,21.64
Barbados,BRB,2007,21.529999,21.529999
Barbados,BRB,2008,21.42,21.42
Barbados,BRB,2009,21.31,21.31
Barbados,BRB,2010,21.21,21.21
Barbados,BRB,2011,21.199999,21.199999
Barbados,BRB,2012,21.199999,21.199999
Barbados,BRB,2013,21.199999,21.199999
Barbados,BRB,2014,21.199999,21.199999
Barbados,BRB,2015,21.189999,21.189999
Barbados,BRB,2016,21.189999,21.189999
Barbados,BRB,2017,21.189999,21.189999
Barbados,BRB,2018,21.18,21.18
Barbados,BRB,2019,21.18,21.18
Barbados,BRB,2020,21.199999,21.199999
Barbados,BRB,2021,21.199999,21.199999
Barbados,BRB,2022,21.199999,21.199999
Barbados,BRB,2023,21.199999,21.199999
Belarus,BLR,1980,,8.25
Belarus,BLR,1981,,8.25
Belarus,BLR,1982,,8.25
Belarus,BLR,1983,,8.25
Belarus,BLR,1984,,8.25
Belarus,BLR,1985,,8.25
Belarus,BLR,1986,,8.25
Belarus,BLR,1987,,8.25
Belarus,BLR,1988,,8.25
Belarus,BLR,1989,,8.25
Belarus,BLR,1990,,8.25
Belarus,BLR,1991,,8.25
Belarus,BLR,1992,,8.25
Belarus,BLR,1993,8.25,8.25
Belarus,BLR,1994,,11.12
Belarus,BLR,1995,12.12,12.12
Belarus,BLR,1996,,12.05
Belarus,BLR,1997,,12.96
Belarus,BLR,1998,,12.630001
Belarus,BLR,1999,11.77,11.77
Belarus,BLR,2000,12.17,12.17
Belarus,BLR,2001,11.61,11.61
Belarus,BLR,2002,11.72,11.72
Belarus,BLR,2003,10.34,10.34
Belarus,BLR,2004,9.68,9.68
Belarus,BLR,2005,9.75,9.75
Belarus,BLR,2006,9.94,9.94
Belarus,BLR,2007,11.8,11.8
Belarus,BLR,2008,11.53,11.53
Belarus,BLR,2009,11.13,11.13
Belarus,BLR,2010,9.690001,9.690001
Belarus,BLR,2011,12.139999,12.139999
Belarus,BLR,2012,11.33,11.33
Belarus,BLR,2013,10.03,10.03
Belarus,BLR,2014,10.35,10.35
Belarus,BLR,2015,8.71,8.71
Belarus,BLR,2016,9.2,9.2
Belarus,BLR,2017,9.86,9.86
Belarus,BLR,2018,9.58,9.58
Belarus,BLR,2019,,9.29
Belarus,BLR,2020,,9.2699995
Belarus,BLR,2021,,9.25
Belarus,BLR,2022,9.26,9.26
Belarus,BLR,2023,9.25,9.25
Belgium,BEL,1980,,7.5400004
Belgium,BEL,1981,,7.53
Belgium,BEL,1982,,7.52
Belgium,BEL,1983,,7.53
Belgium,BEL,1984,,7.5400004
Belgium,BEL,1985,7.53,7.53
Belgium,BEL,1986,,7.8199997
Belgium,BEL,1987,,8.76
Belgium,BEL,1988,9.049999,9.049999
Belgium,BEL,1989,,9.11
Belgium,BEL,1990,,8.299999
Belgium,BEL,1991,7.88,7.88
Belgium,BEL,1992,7.61,7.61
Belgium,BEL,1993,7.58,7.58
Belgium,BEL,1994,8.23,8.23
Belgium,BEL,1995,8.1,8.1
Belgium,BEL,1996,8.389999,8.389999
Belgium,BEL,1997,8.2699995,8.2699995
Belgium,BEL,1998,8.14,8.14
Belgium,BEL,1999,8.18,8.18
Belgium,BEL,2000,8.23,8.23
Belgium,BEL,2001,7.99,7.99
Belgium,BEL,2002,7.67,7.67
Belgium,BEL,2003,7.6800003,7.6800003
Belgium,BEL,2004,8.61,8.61
Belgium,BEL,2005,8.44,8.44
Belgium,BEL,2006,8.64,8.64
Belgium,BEL,2007,9.42,9.42
Belgium,BEL,2008,8.429999,8.429999
Belgium,BEL,2009,7.44,7.44
Belgium,BEL,2010,7.6,7.6
Belgium,BEL,2011,7.9000006,7.9000006
Belgium,BEL,2012,8.24,8.24
Belgium,BEL,2013,8.21,8.21
Belgium,BEL,2014,8.389999,8.389999
Belgium,BEL,2015,8.5,8.5
Belgium,BEL,2016,8.690001,8.690001
Belgium,BEL,2017,8.5,8.5
Belgium,BEL,2018,,8.51
Belgium,BEL,2019,,8.55
Belgium,BEL,2020,,8.54
Belgium,BEL,2021,,8.4
Belgium,BEL,2022,8.4,8.4
Belgium,BEL,2023,8.45,8.45
Belize,BLZ,1980,,19.03
Belize,BLZ,1981,,19.03
Belize,BLZ,1982,,19.03
Belize,BLZ,1983,,19.03
Belize,BLZ,1984,,19.03
Belize,BLZ,1985,,19.03
Belize,BLZ,1986,,19.03
Belize,BLZ,1987,,19.03
Belize,BLZ,1988,,19.03
Belize,BLZ,1989,,19.03
Belize,BLZ,1990,,19.03
Belize,BLZ,1991,,19.03
Belize,BLZ,1992,,19.03
Belize,BLZ,1993,,19.03
Belize,BLZ,1994,,19.03
Belize,BLZ,1995,,19.03
Belize,BLZ,1996,,19.03
Belize,BLZ,1997,,19.03
Belize,BLZ,1998,,19.03
Belize,BLZ,1999,,19.03
Belize,BLZ,2000,,19.03
Belize,BLZ,2001,,19.84
Belize,BLZ,2002,,19.28
Belize,BLZ,2003,,20.43
Belize,BLZ,2004,,19.99
Belize,BLZ,2005,,19.300001
Belize,BLZ,2006,,19.41
Belize,BLZ,2007,,21.1
Belize,BLZ,2008,,20.29
Belize,BLZ,2009,,19.28
Belize,BLZ,2010,,20.01
Belize,BLZ,2011,,19.82
Belize,BLZ,2012,,19.699999
Belize,BLZ,2013,,20.57
Belize,BLZ,2014,,20.460001
Belize,BLZ,2015,,19.42
Belize,BLZ,2016,,19.84
Belize,BLZ,2017,,18.84
Belize,BLZ,2018,,19.76
Belize,BLZ,2019,,19.050001
Belize,BLZ,2020,,20.43
Belize,BLZ,2021,,18.92
Belize,BLZ,2022,17.87,17.87
Belize,BLZ,2023,17.87,17.87
Benin,BEN,1980,,16.16
Benin,BEN,1981,,16.07
Benin,BEN,1982,,15.99
Benin,BEN,1983,,15.99
Benin,BEN,1984,,15.99
Benin,BEN,1985,,15.99
Benin,BEN,1986,,15.99
Benin,BEN,1987,,15.99
Benin,BEN,1988,,15.99
Benin,BEN,1989,,15.99
Benin,BEN,1990,,15.99
Benin,BEN,1991,,15.99
Benin,BEN,1992,,15.99
Benin,BEN,1993,,16.07
Benin,BEN,1994,,15.99
Benin,BEN,1995,,16.07
Benin,BEN,1996,,15.99
Benin,BEN,1997,,15.99
Benin,BEN,1998,,15.99
Benin,BEN,1999,,15.99
Benin,BEN,2000,,15.99
Benin,BEN,2001,,15.99
Benin,BEN,2002,,15.99
Benin,BEN,2003,15.99,15.99
Benin,BEN,2004,,15.880001
Benin,BEN,2005,,15.780001
Benin,BEN,2006,,15.68
Benin,BEN,2007,,15.57
Benin,BEN,2008,,15.469999
Benin,BEN,2009,,15.360001
Benin,BEN,2010,,15.26
Benin,BEN,2011,15.150001,15.150001
Benin,BEN,2012,,15.74
Benin,BEN,2013,,16.33
Benin,BEN,2014,,16.92
Benin,BEN,2015,17.5,17.5
Benin,BEN,2016,,16.41
Benin,BEN,2017,,15.32
Benin,BEN,2018,,14.23
Benin,BEN,2019,,13.7
Benin,BEN,2020,,13.169999
Benin,BEN,2021,,12.639999
Benin,BEN,2022,12.639999,12.639999
Benin,BEN,2023,12.639999,12.639999
Bermuda,BMU,1980,8.81,8.81
Bermuda,BMU,1981,8.95,8.95
Bermuda,BMU,1982,9.099999,9.099999
Bermuda,BMU,1983,9.25,9.25
Bermuda,BMU,1984,9.4,9.4
Bermuda,BMU,1985,9.55,9.55
Bermuda,BMU,1986,9.71,9.71
Bermuda,BMU,1987,9.87,9.87
Bermuda,BMU,1988,10.03,10.03
Bermuda,BMU,1989,10.2,10.2
Bermuda,BMU,1990,10.37,10.37
Bermuda,BMU,1991,10.65,10.65
Bermuda,BMU,1992,10.91,10.91
Bermuda,BMU,1993,11.17,11.17
Bermuda,BMU,1994,11.42,11.42
Bermuda,BMU,1995,11.66,11.66
Bermuda,BMU,1996,11.89,11.89
Bermuda,BMU,1997,12.12,12.12
Bermuda,BMU,1998,12.34,12.34
Bermuda,BMU,1999,12.549999,12.549999
Bermuda,BMU,2000,12.76,12.76
Bermuda,BMU,2001,13.14,13.14
Bermuda,BMU,2002,13.51,13.51
Bermuda,BMU,2003,13.879999,13.879999
Bermuda,BMU,2004,14.23,14.23
Bermuda,BMU,2005,14.58,14.58
Bermuda,BMU,2006,14.920001,14.920001
Bermuda,BMU,2007,15.25,15.25
Bermuda,BMU,2008,15.57,15.57
Bermuda,BMU,2009,15.889999,15.889999
Bermuda,BMU,2010,16.2,16.2
Bermuda,BMU,2011,16.18,16.18
Bermuda,BMU,2012,16.16,16.16
Bermuda,BMU,2013,16.140001,16.140001
Bermuda,BMU,2014,16.12,16.12
Bermuda,BMU,2015,16.11,16.11
Bermuda,BMU,2016,16.09,16.09
Bermuda,BMU,2017,16.07,16.07
Bermuda,BMU,2018,16.060001,16.060001
Bermuda,BMU,2019,16.050001,16.050001
Bermuda,BMU,2020,16.03,16.03
Bermuda,BMU,2021,16.03,16.03
Bermuda,BMU,2022,16.03,16.03
Bermuda,BMU,2023,16.03,16.03
Bhutan,BTN,1980,,17.93
Bhutan,BTN,1981,,17.93
Bhutan,BTN,1982,,17.93
Bhutan,BTN,1983,,17.93
Bhutan,BTN,1984,,17.93
Bhutan,BTN,1985,,17.93
Bhutan,BTN,1986,,17.93
Bhutan,BTN,1987,,17.93
Bhutan,BTN,1988,,17.93
Bhutan,BTN,1989,,17.93
Bhutan,BTN,1990,,17.93
Bhutan,BTN,1991,,17.93
Bhutan,BTN,1992,,17.93
Bhutan,BTN,1993,,17.93
Bhutan,BTN,1994,,17.93
Bhutan,BTN,1995,,17.93
Bhutan,BTN,1996,,17.93
Bhutan,BTN,1997,,17.93
Bhutan,BTN,1998,,17.93
Bhutan,BTN,1999,,17.93
Bhutan,BTN,2000,,17.93
Bhutan,BTN,2001,,17.93
Bhutan,BTN,2002,,17.93
Bhutan,BTN,2003,17.93,17.93
Bhutan,BTN,2004,,17.16
Bhutan,BTN,2005,,17.08
Bhutan,BTN,2006,,16.4
Bhutan,BTN,2007,15.800001,15.800001
Bhutan,BTN,2008,,15.82
Bhutan,BTN,2009,,16.09
Bhutan,BTN,2010,,17.09
Bhutan,BTN,2011,,18.41
Bhutan,BTN,2012,18.69,18.69
Bhutan,BTN,2013,,17.58
Bhutan,BTN,2014,,16.41
Bhutan,BTN,2015,,16.869999
Bhutan,BTN,2016,,15.870001
Bhutan,BTN,2017,15.710001,15.710001
Bhutan,BTN,2018,,14.15
Bhutan,BTN,2019,,14.599999
Bhutan,BTN,2020,,14.1
Bhutan,BTN,2021,,13.99
Bhutan,BTN,2022,13.93,13.93
Bhutan,BTN,2023,13.959999,13.959999
Bolivia,BOL,1980,,19.03
Bolivia,BOL,1981,,19.03
Bolivia,BOL,1982,,19.03
Bolivia,BOL,1983,,19.03
Bolivia,BOL,1984,,19.03
Bolivia,BOL,1985,,19.03
Bolivia,BOL,1986,,19.03
Bolivia,BOL,1987,,19.03
Bolivia,BOL,1988,,19.03
Bolivia,BOL,1989,,19.03
Bolivia,BOL,1990,,19.03
Bolivia,BOL,1991,,19.03
Bolivia,BOL,1992,,19.03
Bolivia,BOL,1993,,19.03
Bolivia,BOL,1994,,19.03
Bolivia,BOL,1995,,19.03
Bolivia,BOL,1996,,19.03
Bolivia,BOL,1997,,19.03
Bolivia,BOL,1998,,19.03
Bolivia,BOL,1999,,19.03
Bolivia,BOL,2000,,19.03
Bolivia,BOL,2001,,19.84
Bolivia,BOL,2002,,19.28
Bolivia,BOL,2003,,20.43
Bolivia,BOL,2004,,19.99
Bolivia,BOL,2005,,19.300001
Bolivia,BOL,2006,,19.41
Bolivia,BOL,2007,,21.1
Bolivia,BOL,2008,,20.29
Bolivia,BOL,2009,,19.28
Bolivia,BOL,2010,,20.01
Bolivia,BOL,2011,,19.82
Bolivia,BOL,2012,,19.699999
Bolivia,BOL,2013,,20.57
Bolivia,BOL,2014,,20.460001
Bolivia,BOL,2015,,19.42
Bolivia,BOL,2016,,19.84
Bolivia,BOL,2017,,18.84
Bolivia,BOL,2018,,19.76
Bolivia,BOL,2019,,19.050001
Bolivia,BOL,2020,,20.43
Bolivia,BOL,2021,,18.92
Bolivia,BOL,2022,17.87,17.87
Bolivia,BOL,2023,17.87,17.87
Bonaire Sint Eustatius and Saba,BES,1980,23.75,23.75
Bonaire Sint Eustatius and Saba,BES,1981,23.64,23.64
Bonaire Sint Eustatius and Saba,BES,1982,23.53,23.53
Bonaire Sint Eustatius and Saba,BES,1983,23.42,23.42
Bonaire Sint Eustatius and Saba,BES,1984,23.31,23.31
Bonaire Sint Eustatius and Saba,BES,1985,23.19,23.19
Bonaire Sint Eustatius and Saba,BES,1986,23.07,23.07
Bonaire Sint Eustatius and Saba,BES,1987,22.949999,22.949999
Bonaire Sint Eustatius and Saba,BES,1988,22.83,22.83
Bonaire Sint Eustatius and Saba,BES,1989,22.71,22.71
Bonaire Sint Eustatius and Saba,BES,1990,22.58,22.58
Bonaire Sint Eustatius and Saba,BES,1991,22.57,22.57
Bonaire Sint Eustatius and Saba,BES,1992,22.550001,22.550001
Bonaire Sint Eustatius and Saba,BES,1993,22.54,22.54
Bonaire Sint Eustatius and Saba,BES,1994,22.53,22.53
Bonaire Sint Eustatius and Saba,BES,1995,22.52,22.52
Bonaire Sint Eustatius and Saba,BES,1996,22.51,22.51
Bonaire Sint Eustatius and Saba,BES,1997,22.5,22.5
Bonaire Sint Eustatius and Saba,BES,1998,22.490002,22.490002
Bonaire Sint Eustatius and Saba,BES,1999,22.480001,22.480001
Bonaire Sint Eustatius and Saba,BES,2000,22.470001,22.470001
Bonaire Sint Eustatius and Saba,BES,2001,22.310001,22.310001
Bonaire Sint Eustatius and Saba,BES,2002,22.16,22.16
Bonaire Sint Eustatius and Saba,BES,2003,22.02,22.02
Bonaire Sint Eustatius and Saba,BES,2004,21.89,21.89
Bonaire Sint Eustatius and Saba,BES,2005,21.76,21.76
Bonaire Sint Eustatius and Saba,BES,2006,21.64,21.64
Bonaire Sint Eustatius and Saba,BES,2007,21.529999,21.529999
Bonaire Sint Eustatius and Saba,BES,2008,21.42,21.42
Bonaire Sint Eustatius and Saba,BES,2009,21.31,21.31
Bonaire Sint Eustatius and Saba,BES,2010,21.21,21.21
Bonaire Sint Eustatius and Saba,BES,2011,21.199999,21.199999
Bonaire Sint Eustatius and Saba,BES,2012,21.199999,21.199999
Bonaire Sint Eustatius and Saba,BES,2013,21.199999,21.199999
Bonaire Sint Eustatius and Saba,BES,2014,21.199999,21.199999
Bonaire Sint Eustatius and Saba,BES,2015,21.189999,21.189999
Bonaire Sint Eustatius and Saba,BES,2016,21.189999,21.189999
Bonaire Sint Eustatius and Saba,BES,2017,21.189999,21.189999
Bonaire Sint Eustatius and Saba,BES,2018,21.18,21.18
Bonaire Sint Eustatius and Saba,BES,2019,21.18,21.18
Bonaire Sint Eustatius and Saba,BES,2020,21.199999,21.199999
Bonaire Sint Eustatius and Saba,BES,2021,21.199999,21.199999
Bonaire Sint Eustatius and Saba,BES,2022,21.199999,21.199999
Bonaire Sint Eustatius and Saba,BES,2023,21.199999,21.199999
Bosnia and Herzegovina,BIH,1980,7.4900002,7.4900002
Bosnia and Herzegovina,BIH,1981,7.4900002,7.4900002
Bosnia and Herzegovina,BIH,1982,7.4900002,7.4900002
Bosnia and Herzegovina,BIH,1983,7.4900002,7.4900002
Bosnia and Herzegovina,BIH,1984,7.48,7.48
Bosnia and Herzegovina,BIH,1985,7.48,7.48
Bosnia and Herzegovina,BIH,1986,7.48,7.48
Bosnia and Herzegovina,BIH,1987,7.48,7.48
Bosnia and Herzegovina,BIH,1988,,7.48
Bosnia and Herzegovina,BIH,1989,,7.48
Bosnia and Herzegovina,BIH,1990,7.48,7.48
Bosnia and Herzegovina,BIH,1991,,7.67
Bosnia and Herzegovina,BIH,1992,,7.88
Bosnia and Herzegovina,BIH,1993,,8.14
Bosnia and Herzegovina,BIH,1994,,8.41
Bosnia and Herzegovina,BIH,1995,,8.75
Bosnia and Herzegovina,BIH,1996,,8.81
Bosnia and Herzegovina,BIH,1997,,8.8
Bosnia and Herzegovina,BIH,1998,,9.13
Bosnia and Herzegovina,BIH,1999,,8.59
Bosnia and Herzegovina,BIH,2000,,8.59
Bosnia and Herzegovina,BIH,2001,8.57,8.57
Bosnia and Herzegovina,BIH,2002,,8.64
Bosnia and Herzegovina,BIH,2003,,8.79
Bosnia and Herzegovina,BIH,2004,8.6,8.6
Bosnia and Herzegovina,BIH,2005,,8.64
Bosnia and Herzegovina,BIH,2006,,8.45
Bosnia and Herzegovina,BIH,2007,8.070001,8.070001
Bosnia and Herzegovina,BIH,2008,,8.74
Bosnia and Herzegovina,BIH,2009,,8.87
Bosnia and Herzegovina,BIH,2010,,9.179999
Bosnia and Herzegovina,BIH,2011,9.75,9.75
Bosnia and Herzegovina,BIH,2012,,9.63
Bosnia and Herzegovina,BIH,2013,,10.03
Bosnia and Herzegovina,BIH,2014,,9.76
Bosnia and Herzegovina,BIH,2015,10,10
Bosnia and Herzegovina,BIH,2016,,9.929999
Bosnia and Herzegovina,BIH,2017,,10.07
Bosnia and Herzegovina,BIH,2018,,9.87
Bosnia and Herzegovina,BIH,2019,,9.54
Bosnia and Herzegovina,BIH,2020,,9.33
Bosnia and Herzegovina,BIH,2021,,9.34
Bosnia and Herzegovina,BIH,2022,9.33,9.33
Bosnia and Herzegovina,BIH,2023,9.38,9.38
Botswana,BWA,1980,,24.56
Botswana,BWA,1981,,24.32
Botswana,BWA,1982,,24.529999
Botswana,BWA,1983,,24.46
Botswana,BWA,1984,,24.779999
Botswana,BWA,1985,24.69,24.69
Botswana,BWA,1986,,25.73
Botswana,BWA,1987,,25.68
Botswana,BWA,1988,,25.64
Botswana,BWA,1989,,25.71
Botswana,BWA,1990,,25.57
Botswana,BWA,1991,,25.630001
Botswana,BWA,1992,,25.89
Botswana,BWA,1993,28.32,28.32
Botswana,BWA,1994,,26.63
Botswana,BWA,1995,,26.76
Botswana,BWA,1996,,26.6
Botswana,BWA,1997,,27.000002
Botswana,BWA,1998,,27.03
Botswana,BWA,1999,,27.2
Botswana,BWA,2000,,28.14
Botswana,BWA,2001,,28.220001
Botswana,BWA,2002,28.21,28.21
Botswana,BWA,2003,,28.25
Botswana,BWA,2004,,29.53
Botswana,BWA,2005,,29.179998
Botswana,BWA,2006,,28.97
Botswana,BWA,2007,,29.14
Botswana,BWA,2008,,29.06
Botswana,BWA,2009,29.6,29.6
Botswana,BWA,2010,,28.18
Botswana,BWA,2011,,27.12
Botswana,BWA,2012,,26.07
Botswana,BWA,2013,,25.07
Botswana,BWA,2014,,24.429998
Botswana,BWA,2015,22.66,22.66
Botswana,BWA,2016,,23.07
Botswana,BWA,2017,,22.81
Botswana,BWA,2018,,22.64
Botswana,BWA,2019,,22.72
Botswana,BWA,2020,,22.84
Botswana,BWA,2021,,22.61
Botswana,BWA,2022,22.6,22.6
Botswana,BWA,2023,22.67,22.67
Brazil,BRA,1820,,25.650002
Brazil,BRA,1850,,25.92
Brazil,BRA,1880,,26.19
Brazil,BRA,1900,,26.460001
Brazil,BRA,1910,,27.000002
Brazil,BRA,1920,,27.000002
Brazil,BRA,1930,,30.000002
Brazil,BRA,1940,,34
Brazil,BRA,1950,,30.000002
Brazil,BRA,1960,,25
Brazil,BRA,1970,,28
Brazil,BRA,1980,,22.15
Brazil,BRA,1981,,22.15
Brazil,BRA,1982,,22.15
Brazil,BRA,1983,,22.15
Brazil,BRA,1984,,22.15
Brazil,BRA,1985,,22.15
Brazil,BRA,1986,,22.15
Brazil,BRA,1987,,22.15
Brazil,BRA,1988,,22.15
Brazil,BRA,1989,,22.15
Brazil,BRA,1990,,22.15
Brazil,BRA,1991,,22.15
Brazil,BRA,1992,,22.15
Brazil,BRA,1993,,22.15
Brazil,BRA,1994,,22.15
Brazil,BRA,1995,,22.15
Brazil,BRA,1996,,22.15
Brazil,BRA,1997,,22.15
Brazil,BRA,1998,,22.15
Brazil,BRA,1999,,22.15
Brazil,BRA,2000,,22.15
Brazil,BRA,2001,22.15,22.15
Brazil,BRA,2002,22.460001,22.460001
Brazil,BRA,2003,22.72,22.72
Brazil,BRA,2004,22.51,22.51
Brazil,BRA,2005,22.939999,22.939999
Brazil,BRA,2006,23.47,23.47
Brazil,BRA,2007,23.880001,23.880001
Brazil,BRA,2008,23.43,23.43
Brazil,BRA,2009,22.28,22.28
Brazil,BRA,2010,23.49,23.49
Brazil,BRA,2011,24.69,24.69
Brazil,BRA,2012,25.420002,25.420002
Brazil,BRA,2013,23.68,23.68
Brazil,BRA,2014,24.04,24.04
Brazil,BRA,2015,22.77,22.77
Brazil,BRA,2016,21.119999,21.119999
Brazil,BRA,2017,20.900002,20.900002
Brazil,BRA,2018,20.69,20.69
Brazil,BRA,2019,20.34,20.34
Brazil,BRA,2020,,22.09
Brazil,BRA,2021,,21.8
Brazil,BRA,2022,21.13,21.13
Brazil,BRA,2023,21.13,21.13
British Virgin Islands,VGB,1980,23.75,23.75
British Virgin Islands,VGB,1981,23.64,23.64
British Virgin Islands,VGB,1982,23.53,23.53
British Virgin Islands,VGB,1983,23.42,23.42
British Virgin Islands,VGB,1984,23.31,23.31
British Virgin Islands,VGB,1985,23.19,23.19
British Virgin Islands,VGB,1986,23.07,23.07
British Virgin Islands,VGB,1987,22.949999,22.949999
British Virgin Islands,VGB,1988,22.83,22.83
British Virgin Islands,VGB,1989,22.71,22.71
British Virgin Islands,VGB,1990,22.58,22.58
British Virgin Islands,VGB,1991,22.57,22.57
British Virgin Islands,VGB,1992,22.550001,22.550001
British Virgin Islands,VGB,1993,22.54,22.54
British Virgin Islands,VGB,1994,22.53,22.53
British Virgin Islands,VGB,1995,22.52,22.52
British Virgin Islands,VGB,1996,22.51,22.51
British Virgin Islands,VGB,1997,22.5,22.5
British Virgin Islands,VGB,1998,22.490002,22.490002
British Virgin Islands,VGB,1999,22.480001,22.480001
British Virgin Islands,VGB,2000,22.470001,22.470001
British Virgin Islands,VGB,2001,22.310001,22.310001
British Virgin Islands,VGB,2002,22.16,22.16
British Virgin Islands,VGB,2003,22.02,22.02
British Virgin Islands,VGB,2004,21.89,21.89
British Virgin Islands,VGB,2005,21.76,21.76
British Virgin Islands,VGB,2006,21.64,21.64
British Virgin Islands,VGB,2007,21.529999,21.529999
British Virgin Islands,VGB,2008,21.42,21.42
British Virgin Islands,VGB,2009,21.31,21.31
British Virgin Islands,VGB,2010,21.21,21.21
British Virgin Islands,VGB,2011,21.199999,21.199999
British Virgin Islands,VGB,2012,21.199999,21.199999
British Virgin Islands,VGB,2013,21.199999,21.199999
British Virgin Islands,VGB,2014,21.199999,21.199999
British Virgin Islands,VGB,2015,21.189999,21.189999
British Virgin Islands,VGB,2016,21.189999,21.189999
British Virgin Islands,VGB,2017,21.189999,21.189999
British Virgin Islands,VGB,2018,21.18,21.18
British Virgin Islands,VGB,2019,21.18,21.18
British Virgin Islands,VGB,2020,21.199999,21.199999
British Virgin Islands,VGB,2021,21.199999,21.199999
British Virgin Islands,VGB,2022,21.199999,21.199999
British Virgin Islands,VGB,2023,21.199999,21.199999
Brunei,BRN,1980,,12.52
Brunei,BRN,1981,,12.52
Brunei,BRN,1982,,12.52
Brunei,BRN,1983,,12.52
Brunei,BRN,1984,,12.52
Brunei,BRN,1985,,12.52
Brunei,BRN,1986,,12.52
Brunei,BRN,1987,,12.52
Brunei,BRN,1988,,12.52
Brunei,BRN,1989,,12.52
Brunei,BRN,1990,,12.52
Brunei,BRN,1991,,12.52
Brunei,BRN,1992,,12.52
Brunei,BRN,1993,,12.52
Brunei,BRN,1994,,12.52
Brunei,BRN,1995,,12.52
Brunei,BRN,1996,,12.52
Brunei,BRN,1997,,12.52
Brunei,BRN,1998,,12.52
Brunei,BRN,1999,,12.52
Brunei,BRN,2000,,12.52
Brunei,BRN,2001,,12.52
Brunei,BRN,2002,,12.52
Brunei,BRN,2003,,12.52
Brunei,BRN,2004,,12.52
Brunei,BRN,2005,12.52,12.52
Brunei,BRN,2006,,12.23
Brunei,BRN,2007,,12.09
Brunei,BRN,2008,,12.179999
Brunei,BRN,2009,,12.36
Brunei,BRN,2010,,12.25
Brunei,BRN,2011,12.809999,12.809999
Brunei,BRN,2012,,12.09
Brunei,BRN,2013,,12.219999
Brunei,BRN,2014,,12.91
Brunei,BRN,2015,,13.249999
Brunei,BRN,2016,13.71,13.71
Brunei,BRN,2017,,12.9
Brunei,BRN,2018,,12.95
Brunei,BRN,2019,,12.95
Brunei,BRN,2020,,12.95
Brunei,BRN,2021,,13.150001
Brunei,BRN,2022,12.780001,12.780001
Brunei,BRN,2023,12.93,12.93
Bulgaria,BGR,1980,8.299999,8.299999
Bulgaria,BGR,1981,8.299999,8.299999
Bulgaria,BGR,1982,8.299999,8.299999
Bulgaria,BGR,1983,8.309999,8.309999
Bulgaria,BGR,1984,8.33,8.33
Bulgaria,BGR,1985,8.299999,8.299999
Bulgaria,BGR,1986,8.299999,8.299999
Bulgaria,BGR,1987,8.299999,8.299999
Bulgaria,BGR,1988,8.299999,8.299999
Bulgaria,BGR,1989,8.309999,8.309999
Bulgaria,BGR,1990,8.299999,8.299999
Bulgaria,BGR,1991,8.309999,8.309999
Bulgaria,BGR,1992,8.34,8.34
Bulgaria,BGR,1993,8.32,8.32
Bulgaria,BGR,1994,8.32,8.32
Bulgaria,BGR,1995,8.32,8.32
Bulgaria,BGR,1996,8.63,8.63
Bulgaria,BGR,1997,9.11,9.11
Bulgaria,BGR,1998,9.46,9.46
Bulgaria,BGR,1999,9.79,9.79
Bulgaria,BGR,2000,10.09,10.09
Bulgaria,BGR,2001,10.41,10.41
Bulgaria,BGR,2002,,11.07
Bulgaria,BGR,2003,,10.849999
Bulgaria,BGR,2004,,11.41
Bulgaria,BGR,2005,,11.13
Bulgaria,BGR,2006,10.71,10.71
Bulgaria,BGR,2007,,10.13
Bulgaria,BGR,2008,,9.43
Bulgaria,BGR,2009,13.04,13.04
Bulgaria,BGR,2010,13.4800005,13.4800005
Bulgaria,BGR,2011,13.9,13.9
Bulgaria,BGR,2012,15.43,15.43
Bulgaria,BGR,2013,13.65,13.65
Bulgaria,BGR,2014,15.05,15.05
Bulgaria,BGR,2015,15.09,15.09
Bulgaria,BGR,2016,17.51,17.51
Bulgaria,BGR,2017,20.76,20.76
Bulgaria,BGR,2018,20.3,20.3
Bulgaria,BGR,2019,,20.710001
Bulgaria,BGR,2020,,19.42
Bulgaria,BGR,2021,,16.92
Bulgaria,BGR,2022,16.72,16.72
Bulgaria,BGR,2023,17.06,17.06
Burkina Faso,BFA,1980,,21.05
Burkina Faso,BFA,1981,,21.05
Burkina Faso,BFA,1982,,21.05
Burkina Faso,BFA,1983,,21.05
Burkina Faso,BFA,1984,,21.05
Burkina Faso,BFA,1985,,21.05
Burkina Faso,BFA,1986,,21.05
Burkina Faso,BFA,1987,,21.05
Burkina Faso,BFA,1988,,21.05
Burkina Faso,BFA,1989,,21.05
Burkina Faso,BFA,1990,,21.05
Burkina Faso,BFA,1991,,21.05
Burkina Faso,BFA,1992,,21.05
Burkina Faso,BFA,1993,,21.05
Burkina Faso,BFA,1994,21.05,21.05
Burkina Faso,BFA,1995,,22.36
Burkina Faso,BFA,1996,,23.66
Burkina Faso,BFA,1997,,25.18
Burkina Faso,BFA,1998,26.269999,26.269999
Burkina Faso,BFA,1999,,25.650002
Burkina Faso,BFA,2000,,24.58
Burkina Faso,BFA,2001,,23.73
Burkina Faso,BFA,2002,,22.89
Burkina Faso,BFA,2003,22.04,22.04
Burkina Faso,BFA,2004,,21.189999
Burkina Faso,BFA,2005,,20.35
Burkina Faso,BFA,2006,,19.5
Burkina Faso,BFA,2007,,18.65
Burkina Faso,BFA,2008,,17.810001
Burkina Faso,BFA,2009,16.96,16.96
Burkina Faso,BFA,2010,,16.43
Burkina Faso,BFA,2011,,15.889999
Burkina Faso,BFA,2012,,15.360001
Burkina Faso,BFA,2013,,14.820001
Burkina Faso,BFA,2014,14.290001,14.290001
Burkina Faso,BFA,2015,,14.839999
Burkina Faso,BFA,2016,,15.389999
Burkina Faso,BFA,2017,,15.950001
Burkina Faso,BFA,2018,,16.5
Burkina Faso,BFA,2019,,15.84
Burkina Faso,BFA,2020,,15.18
Burkina Faso,BFA,2021,,14.5199995
Burkina Faso,BFA,2022,14.5199995,14.5199995
Burkina Faso,BFA,2023,14.5199995,14.5199995
Burundi,BDI,1980,,17.41
Burundi,BDI,1981,,17.58
Burundi,BDI,1982,,17.39
Burundi,BDI,1983,,17.79
Burundi,BDI,1984,,17.41
Burundi,BDI,1985,,17.460001
Burundi,BDI,1986,,17.54
Burundi,BDI,1987,,17.380001
Burundi,BDI,1988,,17.96
Burundi,BDI,1989,,17.43
Burundi,BDI,1990,,17.560001
Burundi,BDI,1991,,17.45
Burundi,BDI,1992,17.44,17.44
Burundi,BDI,1993,,17.58
Burundi,BDI,1994,,17.48
Burundi,BDI,1995,,17.37
Burundi,BDI,1996,,17.48
Burundi,BDI,1997,,17.36
Burundi,BDI,1998,17.36,17.36
Burundi,BDI,1999,,16.769999
Burundi,BDI,2000,,16.18
Burundi,BDI,2001,,15.59
Burundi,BDI,2002,,14.990001
Burundi,BDI,2003,,14.4
Burundi,BDI,2004,,13.84
Burundi,BDI,2005,,13.21
Burundi,BDI,2006,12.620001,12.620001
Burundi,BDI,2007,,12.9
Burundi,BDI,2008,,13.169999
Burundi,BDI,2009,,13.45
Burundi,BDI,2010,,13.719999
Burundi,BDI,2011,,14
Burundi,BDI,2012,,14.27
Burundi,BDI,2013,14.55,14.55
Burundi,BDI,2014,,14.51
Burundi,BDI,2015,,14.47
Burundi,BDI,2016,,14.440001
Burundi,BDI,2017,,14.4
Burundi,BDI,2018,,14.360001
Burundi,BDI,2019,,14.32
Burundi,BDI,2020,,14.280001
Burundi,BDI,2021,,14.280001
Burundi,BDI,2022,14.280001,14.280001
Burundi,BDI,2023,14.280001,14.280001
Cambodia,KHM,1980,,27.86
Cambodia,KHM,1981,,27.86
Cambodia,KHM,1982,,27.86
Cambodia,KHM,1983,,27.86
Cambodia,KHM,1984,,27.86
Cambodia,KHM,1985,,27.86
Cambodia,KHM,1986,,27.86
Cambodia,KHM,1987,,27.86
Cambodia,KHM,1988,,27.86
Cambodia,KHM,1989,,27.86
Cambodia,KHM,1990,,27.86
Cambodia,KHM,1991,,27.86
Cambodia,KHM,1992,,27.86
Cambodia,KHM,1993,,27.86
Cambodia,KHM,1994,,27.86
Cambodia,KHM,1995,,27.86
Cambodia,KHM,1996,,27.86
Cambodia,KHM,1997,,27.86
Cambodia,KHM,1998,,27.86
Cambodia,KHM,1999,,27.86
Cambodia,KHM,2000,,27.86
Cambodia,KHM,2001,,27.86
Cambodia,KHM,2002,,27.86
Cambodia,KHM,2003,,27.86
Cambodia,KHM,2004,,27.86
Cambodia,KHM,2005,,27.86
Cambodia,KHM,2006,,27.86
Cambodia,KHM,2007,,27.86
Cambodia,KHM,2008,,27.86
Cambodia,KHM,2009,,27.86
Cambodia,KHM,2010,29.4,29.4
Cambodia,KHM,2011,20.11,20.11
Cambodia,KHM,2012,18.63,18.63
Cambodia,KHM,2013,20.730001,20.730001
Cambodia,KHM,2014,,20.82
Cambodia,KHM,2015,,18.3
Cambodia,KHM,2016,,18.099998
Cambodia,KHM,2017,,18.9
Cambodia,KHM,2018,,18.08
Cambodia,KHM,2019,,18.51
Cambodia,KHM,2020,,17.68
Cambodia,KHM,2021,,18.38
Cambodia,KHM,2022,18.76,18.76
Cambodia,KHM,2023,19.04,19.04
Cameroon,CMR,1980,,18.33
Cameroon,CMR,1981,,18.3
Cameroon,CMR,1982,,18.26
Cameroon,CMR,1983,,18.21
Cameroon,CMR,1984,,18.22
Cameroon,CMR,1985,,18.22
Cameroon,CMR,1986,,18.21
Cameroon,CMR,1987,,18.32
Cameroon,CMR,1988,,18.3
Cameroon,CMR,1989,,18.22
Cameroon,CMR,1990,,18.21
Cameroon,CMR,1991,,18.21
Cameroon,CMR,1992,,18.41
Cameroon,CMR,1993,,18.21
Cameroon,CMR,1994,,18.24
Cameroon,CMR,1995,,18.21
Cameroon,CMR,1996,18.21,18.21
Cameroon,CMR,1997,,18.35
Cameroon,CMR,1998,,18.49
Cameroon,CMR,1999,,18.64
Cameroon,CMR,2000,,18.78
Cameroon,CMR,2001,18.92,18.92
Cameroon,CMR,2002,,18.67
Cameroon,CMR,2003,,17.78
Cameroon,CMR,2004,,17.21
Cameroon,CMR,2005,,16.64
Cameroon,CMR,2006,,16.07
Cameroon,CMR,2007,15.5,15.5
Cameroon,CMR,2008,,15.530001
Cameroon,CMR,2009,,15.57
Cameroon,CMR,2010,,15.6
Cameroon,CMR,2011,,15.629999
Cameroon,CMR,2012,,15.66
Cameroon,CMR,2013,,15.690001
Cameroon,CMR,2014,15.73,15.73
Cameroon,CMR,2015,,15.360001
Cameroon,CMR,2016,,14.990001
Cameroon,CMR,2017,,14.61
Cameroon,CMR,2018,,14.24
Cameroon,CMR,2019,,13.869999
Cameroon,CMR,2020,,13.500001
Cameroon,CMR,2021,,13.13
Cameroon,CMR,2022,13.13,13.13
Cameroon,CMR,2023,13.13,13.13
Canada,CAN,1820,,17.5
Canada,CAN,1850,,11.7
Canada,CAN,1880,,12
Canada,CAN,1900,,12
Canada,CAN,1910,,12.2
Canada,CAN,1920,,10.41
Canada,CAN,1921,13.75,13.75
Canada,CAN,1922,11.31,11.31
Canada,CAN,1923,10.43,10.43
Canada,CAN,1924,10.54,10.54
Canada,CAN,1925,9.53,9.53
Canada,CAN,1926,10.11,10.11
Canada,CAN,1927,10.599999,10.599999
Canada,CAN,1928,11.12,11.12
Canada,CAN,1929,11.38,11.38
Canada,CAN,1930,11.79,11.79
Canada,CAN,1931,12.52,12.52
Canada,CAN,1932,13.64,13.64
Canada,CAN,1933,14.110001,14.110001
Canada,CAN,1934,14.110001,14.110001
Canada,CAN,1935,12.99,12.99
Canada,CAN,1936,12.99,12.99
Canada,CAN,1937,12.24,12.24
Canada,CAN,1938,14.27,14.27
Canada,CAN,1939,12.84,12.84
Canada,CAN,1940,11,11
Canada,CAN,1941,9.72,9.72
Canada,CAN,1942,8.1,8.1
Canada,CAN,1943,7.6899996,7.6899996
Canada,CAN,1944,7.1500006,7.1500006
Canada,CAN,1945,7.27,7.27
Canada,CAN,1946,7.71,7.71
Canada,CAN,1947,7.91,7.91
Canada,CAN,1948,7.4500003,7.4500003
Canada,CAN,1949,7.7299995,7.7299995
Canada,CAN,1950,7.8500004,7.8500004
Canada,CAN,1951,7.1500006,7.1500006
Canada,CAN,1952,7.0699997,7.0699997
Canada,CAN,1953,7.09,7.09
Canada,CAN,1954,7.4900002,7.4900002
Canada,CAN,1955,7.36,7.36
Canada,CAN,1956,6.9300003,6.9300003
Canada,CAN,1957,7.01,7.01
Canada,CAN,1958,7.16,7.16
Canada,CAN,1959,7.0699997,7.0699997
Canada,CAN,1960,7.1500006,7.1500006
Canada,CAN,1961,7.25,7.25
Canada,CAN,1962,6.87,6.87
Canada,CAN,1963,6.69,6.69
Canada,CAN,1964,6.88,6.88
Canada,CAN,1965,6.7100005,6.7100005
Canada,CAN,1966,6.48,6.48
Canada,CAN,1967,6.5899997,6.5899997
Canada,CAN,1968,6.6,6.6
Canada,CAN,1969,6.6,6.6
Canada,CAN,1970,6.6200004,6.6200004
Canada,CAN,1971,6.47,6.47
Canada,CAN,1972,6.47,6.47
Canada,CAN,1973,6.6699996,6.6699996
Canada,CAN,1974,6.6699996,6.6699996
Canada,CAN,1975,7.4199996,7.4199996
Canada,CAN,1976,6.85,6.85
Canada,CAN,1977,6.5399995,6.5399995
Canada,CAN,1978,6.7000003,6.7000003
Canada,CAN,1979,7.16,7.16
Canada,CAN,1980,7.63,7.63
Canada,CAN,1981,7.08,7.08
Canada,CAN,1982,7.0200005,7.0200005
Canada,CAN,1983,7.39,7.39
Canada,CAN,1984,7.75,7.75
Canada,CAN,1985,7.66,7.66
Canada,CAN,1986,7.8199997,7.8199997
Canada,CAN,1987,8.06,8.06
Canada,CAN,1988,8.91,8.91
Canada,CAN,1989,9.52,9.52
Canada,CAN,1990,9.309999,9.309999
Canada,CAN,1991,9.15,9.15
Canada,CAN,1992,9.25,9.25
Canada,CAN,1993,9.6,9.6
Canada,CAN,1994,9.63,9.63
Canada,CAN,1995,9.91,9.91
Canada,CAN,1996,10.440001,10.440001
Canada,CAN,1997,11.26,11.26
Canada,CAN,1998,11.46,11.46
Canada,CAN,1999,11.900001,11.900001
Canada,CAN,2000,12.8,12.8
Canada,CAN,2001,12.76,12.76
Canada,CAN,2002,13.12,13.12
Canada,CAN,2003,13.259999,13.259999
Canada,CAN,2004,13.63,13.63
Canada,CAN,2005,14.219999,14.219999
Canada,CAN,2006,14.38,14.38
Canada,CAN,2007,14.46,14.46
Canada,CAN,2008,13.68,13.68
Canada,CAN,2009,11.91,11.91
Canada,CAN,2010,12.58,12.58
Canada,CAN,2011,12.4,12.4
Canada,CAN,2012,11.79,11.79
Canada,CAN,2013,11.77,11.77
Canada,CAN,2014,11.66,11.66
Canada,CAN,2015,11.75,11.75
Canada,CAN,2016,10.440001,10.440001
Canada,CAN,2017,10.78,10.78
Canada,CAN,2018,10.67,10.67
Canada,CAN,2019,,10.65
Canada,CAN,2020,,10.73
Canada,CAN,2021,,11.74
Canada,CAN,2022,11.93,11.93
Canada,CAN,2023,11.91,11.91
Cape Verde,CPV,1980,,23.06
Cape Verde,CPV,1981,,23.19
Cape Verde,CPV,1982,,23.06
Cape Verde,CPV,1983,,23.06
Cape Verde,CPV,1984,,23.06
Cape Verde,CPV,1985,,23.19
Cape Verde,CPV,1986,,23.07
Cape Verde,CPV,1987,,23.06
Cape Verde,CPV,1988,,23.06
Cape Verde,CPV,1989,,23.06
Cape Verde,CPV,1990,,23.19
Cape Verde,CPV,1991,,23.07
Cape Verde,CPV,1992,,23.06
Cape Verde,CPV,1993,,23.06
Cape Verde,CPV,1994,,23.06
Cape Verde,CPV,1995,,23.34
Cape Verde,CPV,1996,,23.06
Cape Verde,CPV,1997,,23.07
Cape Verde,CPV,1998,,23.06
Cape Verde,CPV,1999,,23.06
Cape Verde,CPV,2000,,23.06
Cape Verde,CPV,2001,23.19,23.19
Cape Verde,CPV,2002,,22.52
Cape Verde,CPV,2003,,21.85
Cape Verde,CPV,2004,,21.05
Cape Verde,CPV,2005,,20.38
Cape Verde,CPV,2006,,19.83
Cape Verde,CPV,2007,19.04,19.04
Cape Verde,CPV,2008,,18.38
Cape Verde,CPV,2009,,17.720001
Cape Verde,CPV,2010,,17.06
Cape Verde,CPV,2011,,16.4
Cape Verde,CPV,2012,,15.74
Cape Verde,CPV,2013,,15.09
Cape Verde,CPV,2014,,14.43
Cape Verde,CPV,2015,13.77,13.77
Cape Verde,CPV,2016,,13.77
Cape Verde,CPV,2017,,13.77
Cape Verde,CPV,2018,,13.77
Cape Verde,CPV,2019,,13.77
Cape Verde,CPV,2020,,13.77
Cape Verde,CPV,2021,,13.77
Cape Verde,CPV,2022,13.77,13.77
Cape Verde,CPV,2023,13.77,13.77
Cayman Islands,CYM,1980,23.75,23.75
Cayman Islands,CYM,1981,23.64,23.64
Cayman Islands,CYM,1982,23.53,23.53
Cayman Islands,CYM,1983,23.42,23.42
Cayman Islands,CYM,1984,23.31,23.31
Cayman Islands,CYM,1985,23.19,23.19
Cayman Islands,CYM,1986,23.07,23.07
Cayman Islands,CYM,1987,22.949999,22.949999
Cayman Islands,CYM,1988,22.83,22.83
Cayman Islands,CYM,1989,22.71,22.71
Cayman Islands,CYM,1990,22.58,22.58
Cayman Islands,CYM,1991,22.57,22.57
Cayman Islands,CYM,1992,22.550001,22.550001
Cayman Islands,CYM,1993,22.54,22.54
Cayman Islands,CYM,1994,22.53,22.53
Cayman Islands,CYM,1995,22.52,22.52
Cayman Islands,CYM,1996,22.51,22.51
Cayman Islands,CYM,1997,22.5,22.5
Cayman Islands,CYM,1998,22.490002,22.490002
Cayman Islands,CYM,1999,22.480001,22.480001
Cayman Islands,CYM,2000,22.470001,22.470001
Cayman Islands,CYM,2001,22.310001,22.310001
Cayman Islands,CYM,2002,22.16,22.16
Cayman Islands,CYM,2003,22.02,22.02
Cayman Islands,CYM,2004,21.89,21.89
Cayman Islands,CYM,2005,21.76,21.76
Cayman Islands,CYM,2006,21.64,21.64
Cayman Islands,CYM,2007,21.529999,21.529999
Cayman Islands,CYM,2008,21.42,21.42
Cayman Islands,CYM,2009,21.31,21.31
Cayman Islands,CYM,2010,21.21,21.21
Cayman Islands,CYM,2011,21.199999,21.199999
Cayman Islands,CYM,2012,21.199999,21.199999
Cayman Islands,CYM,2013,21.199999,21.199999
Cayman Islands,CYM,2014,21.199999,21.199999
Cayman Islands,CYM,2015,21.189999,21.189999
Cayman Islands,CYM,2016,21.189999,21.189999
Cayman Islands,CYM,2017,21.189999,21.189999
Cayman Islands,CYM,2018,21.18,21.18
Cayman Islands,CYM,2019,21.18,21.18
Cayman Islands,CYM,2020,21.199999,21.199999
Cayman Islands,CYM,2021,21.199999,21.199999
Cayman Islands,CYM,2022,21.199999,21.199999
Cayman Islands,CYM,2023,21.199999,21.199999
Central African Republic,CAF,1980,,21.98
Central African Republic,CAF,1981,,21.98
Central African Republic,CAF,1982,,21.99
Central African Republic,CAF,1983,,21.98
Central African Republic,CAF,1984,,21.98
Central African Republic,CAF,1985,,21.98
Central African Republic,CAF,1986,,21.98
Central African Republic,CAF,1987,,21.98
Central African Republic,CAF,1988,,21.98
Central African Republic,CAF,1989,,21.98
Central African Republic,CAF,1990,,21.98
Central African Republic,CAF,1991,,21.98
Central African Republic,CAF,1992,21.98,21.98
Central African Republic,CAF,1993,,22.61
Central African Republic,CAF,1994,,23.09
Central African Republic,CAF,1995,,23.64
Central African Republic,CAF,1996,,24.2
Central African Republic,CAF,1997,,24.75
Central African Republic,CAF,1998,,25.3
Central African Republic,CAF,1999,,26.039999
Central African Republic,CAF,2000,,26.409998
Central African Republic,CAF,2001,,26.960001
Central African Republic,CAF,2002,,27.79
Central African Republic,CAF,2003,28.09,28.09
Central African Republic,CAF,2004,,28.619999
Central African Republic,CAF,2005,,29.980001
Central African Republic,CAF,2006,,29.730001
Central African Republic,CAF,2007,,30.300001
Central African Republic,CAF,2008,30.84,30.84
Central African Republic,CAF,2009,,29.69
Central African Republic,CAF,2010,,28.470001
Central African Republic,CAF,2011,,27.28
Central African Republic,CAF,2012,,26.1
Central African Republic,CAF,2013,,24.91
Central African Republic,CAF,2014,,23.73
Central African Republic,CAF,2015,,22.550001
Central African Republic,CAF,2016,,21.359999
Central African Republic,CAF,2017,,20.18
Central African Republic,CAF,2018,,18.99
Central African Republic,CAF,2019,,17.810001
Central African Republic,CAF,2020,,16.619999
Central African Republic,CAF,2021,,15.440001
Central African Republic,CAF,2022,15.440001,15.440001
Central African Republic,CAF,2023,15.440001,15.440001
Central Asia (WID),,1980,13.75,13.75
Central Asia (WID),,1981,14.08,14.08
Central Asia (WID),,1982,14.1,14.1
Central Asia (WID),,1983,14.129999,14.129999
Central Asia (WID),,1984,14.09,14.09
Central Asia (WID),,1985,14.200001,14.200001
Central Asia (WID),,1986,14.16,14.16
Central Asia (WID),,1987,14.190001,14.190001
Central Asia (WID),,1988,14.07,14.07
Central Asia (WID),,1989,14.24,14.24
Central Asia (WID),,1990,14.650001,14.650001
Central Asia (WID),,1991,14.61,14.61
Central Asia (WID),,1992,14.63,14.63
Central Asia (WID),,1993,14.88,14.88
Central Asia (WID),,1994,14.659999,14.659999
Central Asia (WID),,1995,15.68,15.68
Central Asia (WID),,1996,16.91,16.91
Central Asia (WID),,1997,17.05,17.05
Central Asia (WID),,1998,19.03,19.03
Central Asia (WID),,1999,18.269999,18.269999
Central Asia (WID),,2000,18.57,18.57
Central Asia (WID),,2001,19.19,19.19
Central Asia (WID),,2002,20.1,20.1
Central Asia (WID),,2003,19.5,19.5
Central Asia (WID),,2004,17.19,17.19
Central Asia (WID),,2005,21.52,21.52
Central Asia (WID),,2006,20.52,20.52
Central Asia (WID),,2007,19.18,19.18
Central Asia (WID),,2008,19.02,19.02
Central Asia (WID),,2009,19.48,19.48
Central Asia (WID),,2010,19.320002,19.320002
Central Asia (WID),,2011,18.13,18.13
Central Asia (WID),,2012,18.69,18.69
Central Asia (WID),,2013,18.64,18.64
Central Asia (WID),,2014,18.81,18.81
Central Asia (WID),,2015,17.32,17.32
Central Asia (WID),,2016,18.73,18.73
Central Asia (WID),,2017,19.15,19.15
Central Asia (WID),,2018,18.880001,18.880001
Central Asia (WID),,2019,19.1,19.1
Central Asia (WID),,2020,19.74,19.74
Central Asia (WID),,2021,19.16,19.16
Central Asia (WID),,2022,19,19
Central Asia (WID),,2023,19.07,19.07
Chad,TCD,1980,,14.290001
Chad,TCD,1981,,14.290001
Chad,TCD,1982,,14.290001
Chad,TCD,1983,,14.290001
Chad,TCD,1984,,14.290001
Chad,TCD,1985,,14.290001
Chad,TCD,1986,,14.290001
Chad,TCD,1987,,14.290001
Chad,TCD,1988,,14.290001
Chad,TCD,1989,,14.290001
Chad,TCD,1990,,14.290001
Chad,TCD,1991,,14.290001
Chad,TCD,1992,,14.290001
Chad,TCD,1993,,14.290001
Chad,TCD,1994,,14.290001
Chad,TCD,1995,,14.290001
Chad,TCD,1996,,14.290001
Chad,TCD,1997,,14.290001
Chad,TCD,1998,,14.290001
Chad,TCD,1999,,14.290001
Chad,TCD,2000,,14.290001
Chad,TCD,2001,,14.290001
Chad,TCD,2002,14.290001,14.290001
Chad,TCD,2003,14.290001,14.290001
Chad,TCD,2004,,14.45
Chad,TCD,2005,,14.61
Chad,TCD,2006,,14.7699995
Chad,TCD,2007,,14.94
Chad,TCD,2008,,15.099999
Chad,TCD,2009,,15.26
Chad,TCD,2010,,15.42
Chad,TCD,2011,15.59,15.59
Chad,TCD,2012,,15.24
Chad,TCD,2013,,14.900001
Chad,TCD,2014,,14.56
Chad,TCD,2015,,14.219999
Chad,TCD,2016,,13.879999
Chad,TCD,2017,,13.54
Chad,TCD,2018,,13.19
Chad,TCD,2019,,13.05
Chad,TCD,2020,,12.91
Chad,TCD,2021,,12.77
Chad,TCD,2022,12.630001,12.630001
Chad,TCD,2023,12.630001,12.630001
Chile,CHL,1820,,19.75
Chile,CHL,1850,,19.96
Chile,CHL,1880,,20.17
Chile,CHL,1900,,20.37
Chile,CHL,1910,,20.79
Chile,CHL,1920,,20.79
Chile,CHL,1930,,20.79
Chile,CHL,1940,,20.5
Chile,CHL,1950,,18.66
Chile,CHL,1960,,20.25
Chile,CHL,1970,,20.25
Chile,CHL,1980,,26.35
Chile,CHL,1981,,26.35
Chile,CHL,1982,,26.35
Chile,CHL,1983,,26.35
Chile,CHL,1984,,26.35
Chile,CHL,1985,,26.35
Chile,CHL,1986,,26.35
Chile,CHL,1987,,26.35
Chile,CHL,1988,,26.35
Chile,CHL,1989,,26.35
Chile,CHL,1990,,26.35
Chile,CHL,1991,,26.35
Chile,CHL,1992,,26.35
Chile,CHL,1993,,26.35
Chile,CHL,1994,,26.35
Chile,CHL,1995,,26.35
Chile,CHL,1996,,26.35
Chile,CHL,1997,,26.35
Chile,CHL,1998,,26.35
Chile,CHL,1999,,26.35
Chile,CHL,2000,,26.35
Chile,CHL,2001,25.32,25.32
Chile,CHL,2002,24.3,24.3
Chile,CHL,2003,23.27,23.27
Chile,CHL,2004,24.95,24.95
Chile,CHL,2005,26.62,26.62
Chile,CHL,2006,28.29,28.29
Chile,CHL,2007,27.849998,27.849998
Chile,CHL,2008,27.42,27.42
Chile,CHL,2009,27.000002,27.000002
Chile,CHL,2010,26.85,26.85
Chile,CHL,2011,26.730001,26.730001
Chile,CHL,2012,26.519999,26.519999
Chile,CHL,2013,26.320002,26.320002
Chile,CHL,2014,26.429998,26.429998
Chile,CHL,2015,26.539999,26.539999
Chile,CHL,2016,25.94,25.94
Chile,CHL,2017,25.34,25.34
Chile,CHL,2018,24.92,24.92
Chile,CHL,2019,24.5,24.5
Chile,CHL,2020,,24.07
Chile,CHL,2021,,23.06
Chile,CHL,2022,22.04,22.04
Chile,CHL,2023,22.04,22.04
China,CHN,1820,,16
China,CHN,1850,,17.18
China,CHN,1880,,17.19
China,CHN,1900,,17.39
China,CHN,1910,,24.17
China,CHN,1920,,21.78
China,CHN,1930,,19.84
China,CHN,1940,,18.17
China,CHN,1950,,5
China,CHN,1960,,5
China,CHN,1970,,5
China,CHN,1978,,6.5899997
China,CHN,1979,6.7599998,6.7599998
China,CHN,1980,6.79,6.79
China,CHN,1981,6.99,6.99
China,CHN,1982,7.2599998,7.2599998
China,CHN,1983,7.53,7.53
China,CHN,1984,7.74,7.74
China,CHN,1985,8.5,8.5
China,CHN,1986,8.84,8.84
China,CHN,1987,8.33,8.33
China,CHN,1988,8.24,8.24
China,CHN,1989,8.91,8.91
China,CHN,1990,8.76,8.76
China,CHN,1991,8.72,8.72
China,CHN,1992,9.5,9.5
China,CHN,1993,9.440001,9.440001
China,CHN,1994,9.92,9.92
China,CHN,1995,9.440001,9.440001
China,CHN,1996,9.700001,9.700001
China,CHN,1997,9.660001,9.660001
China,CHN,1998,10.1,10.1
China,CHN,1999,10.38,10.38
China,CHN,2000,10.849999,10.849999
China,CHN,2001,10.9800005,10.9800005
China,CHN,2002,13.05,13.05
China,CHN,2003,13.58,13.58
China,CHN,2004,14.5199995,14.5199995
China,CHN,2005,14.54,14.54
China,CHN,2006,15.000001,15.000001
China,CHN,2007,15.73,15.73
China,CHN,2008,15.389999,15.389999
China,CHN,2009,16.210001,16.210001
China,CHN,2010,15.440001,15.440001
China,CHN,2011,15.16,15.16
China,CHN,2012,15.25,15.25
China,CHN,2013,14.23,14.23
China,CHN,2014,14.53,14.53
China,CHN,2015,14.97,14.97
China,CHN,2016,15.41,15.41
China,CHN,2017,,15.68
China,CHN,2018,,17.82
China,CHN,2019,,16.27
China,CHN,2020,,15.66
China,CHN,2021,,15.790001
China,CHN,2022,15.98,15.98
China,CHN,2023,15.77,15.77
Colombia,COL,1820,,22.7
Colombia,COL,1850,,22.939999
Colombia,COL,1880,,23.18
Colombia,COL,1900,,23.42
Colombia,COL,1910,,23.9
Colombia,COL,1920,,23.9
Colombia,COL,1930,,25.400002
Colombia,COL,1940,,27.25
Colombia,COL,1950,,24.33
Colombia,COL,1960,,19.02
Colombia,COL,1970,,20.31
Colombia,COL,1980,,24.6
Colombia,COL,1981,,24.6
Colombia,COL,1982,,24.6
Colombia,COL,1983,,24.6
Colombia,COL,1984,,24.6
Colombia,COL,1985,,24.6
Colombia,COL,1986,,24.6
Colombia,COL,1987,,24.6
Colombia,COL,1988,,24.6
Colombia,COL,1989,,24.6
Colombia,COL,1990,,24.6
Colombia,COL,1991,,24.6
Colombia,COL,1992,,24.6
Colombia,COL,1993,,24.6
Colombia,COL,1994,,24.6
Colombia,COL,1995,,24.6
Colombia,COL,1996,,24.6
Colombia,COL,1997,,24.6
Colombia,COL,1998,,24.6
Colombia,COL,1999,,24.6
Colombia,COL,2000,,24.6
Colombia,COL,2001,24.6,24.6
Colombia,COL,2002,24.6,24.6
Colombia,COL,2003,21.63,21.63
Colombia,COL,2004,23.6,23.6
Colombia,COL,2005,22.470001,22.470001
Colombia,COL,2006,23.01,23.01
Colombia,COL,2007,23.55,23.55
Colombia,COL,2008,24.09,24.09
Colombia,COL,2009,23,23
Colombia,COL,2010,23.17,23.17
Colombia,COL,2011,24.130001,24.130001
Colombia,COL,2012,20.880001,20.880001
Colombia,COL,2013,21.75,21.75
Colombia,COL,2014,20.45,20.45
Colombia,COL,2015,18.9,18.9
Colombia,COL,2016,19.66,19.66
Colombia,COL,2017,18.3,18.3
Colombia,COL,2018,19.03,19.03
Colombia,COL,2019,19.220001,19.220001
Colombia,COL,2020,,17.82
Colombia,COL,2021,,17.94
Colombia,COL,2022,17.94,17.94
Colombia,COL,2023,17.94,17.94
Comoros,COM,1980,,28.95
Comoros,COM,1981,,29.37
Comoros,COM,1982,,29.14
Comoros,COM,1983,,28.97
Comoros,COM,1984,,28.97
Comoros,COM,1985,,29.14
Comoros,COM,1986,,28.95
Comoros,COM,1987,,29.14
Comoros,COM,1988,,28.95
Comoros,COM,1989,,29.359999
Comoros,COM,1990,,28.97
Comoros,COM,1991,,28.95
Comoros,COM,1992,,28.95
Comoros,COM,1993,,28.95
Comoros,COM,1994,,29.14
Comoros,COM,1995,28.95,28.95
Comoros,COM,1996,,28.95
Comoros,COM,1997,,29.16
Comoros,COM,1998,,29.14
Comoros,COM,1999,,28.95
Comoros,COM,2000,,28.95
Comoros,COM,2001,,28.95
Comoros,COM,2002,,28.95
Comoros,COM,2003,,28.99
Comoros,COM,2004,28.95,28.95
Comoros,COM,2005,,27.47
Comoros,COM,2006,,25.97
Comoros,COM,2007,,24.48
Comoros,COM,2008,,23
Comoros,COM,2009,,21.51
Comoros,COM,2010,,20.02
Comoros,COM,2011,,18.529999
Comoros,COM,2012,,17.05
Comoros,COM,2013,,15.559999
Comoros,COM,2014,14.07,14.07
Comoros,COM,2015,,14.07
Comoros,COM,2016,,14.07
Comoros,COM,2017,,14.07
Comoros,COM,2018,,14.07
Comoros,COM,2019,,14.07
Comoros,COM,2020,,14.07
Comoros,COM,2021,,14.07
Comoros,COM,2022,14.07,14.07
Comoros,COM,2023,14.07,14.07
Congo,COG,1980,,18.51
Congo,COG,1981,,18.44
Congo,COG,1982,,18.59
Congo,COG,1983,,18.5
Congo,COG,1984,,18.55
Congo,COG,1985,,18.6
Congo,COG,1986,,18.72
Congo,COG,1987,,18.71
Congo,COG,1988,,18.61
Congo,COG,1989,,18.44
Congo,COG,1990,,18.44
Congo,COG,1991,,18.48
Congo,COG,1992,,18.65
Congo,COG,1993,,18.55
Congo,COG,1994,,18.43
Congo,COG,1995,,18.42
Congo,COG,1996,,18.55
Congo,COG,1997,,18.47
Congo,COG,1998,,18.46
Congo,COG,1999,,18.52
Congo,COG,2000,,18.43
Congo,COG,2001,,18.47
Congo,COG,2002,,18.42
Congo,COG,2003,,18.42
Congo,COG,2004,,18.63
Congo,COG,2005,18.42,18.42
Congo,COG,2006,,18.76
Congo,COG,2007,,19.18
Congo,COG,2008,,19.5
Congo,COG,2009,,19.96
Congo,COG,2010,,20.15
Congo,COG,2011,20.39,20.39
Congo,COG,2012,,20.48
Congo,COG,2013,,20.6
Congo,COG,2014,,20.41
Congo,COG,2015,,20.39
Congo,COG,2016,,20.39
Congo,COG,2017,,20.39
Congo,COG,2018,,20.39
Congo,COG,2019,,20.39
Congo,COG,2020,,20.48
Congo,COG,2021,,20.39
Congo,COG,2022,20.39,20.39
Congo,COG,2023,20.4,20.4
Costa Rica,CRI,1980,,20.26
Costa Rica,CRI,1981,,20.26
Costa Rica,CRI,1982,,20.26
Costa Rica,CRI,1983,,20.26
Costa Rica,CRI,1984,,20.26
Costa Rica,CRI,1985,,20.26
Costa Rica,CRI,1986,,20.26
Costa Rica,CRI,1987,,20.26
Costa Rica,CRI,1988,,20.26
Costa Rica,CRI,1989,,20.26
Costa Rica,CRI,1990,,20.26
Costa Rica,CRI,1991,,20.26
Costa Rica,CRI,1992,,20.26
Costa Rica,CRI,1993,,20.26
Costa Rica,CRI,1994,,20.26
Costa Rica,CRI,1995,,20.26
Costa Rica,CRI,1996,,20.26
Costa Rica,CRI,1997,,20.26
Costa Rica,CRI,1998,,20.26
Costa Rica,CRI,1999,,20.26
Costa Rica,CRI,2000,,20.26
Costa Rica,CRI,2001,,20.26
Costa Rica,CRI,2002,,20.26
Costa Rica,CRI,2003,,20.26
Costa Rica,CRI,2004,,20.26
Costa Rica,CRI,2005,,20.26
Costa Rica,CRI,2006,,20.26
Costa Rica,CRI,2007,,20.26
Costa Rica,CRI,2008,,20.26
Costa Rica,CRI,2009,,20.26
Costa Rica,CRI,2010,,20.26
Costa Rica,CRI,2011,18.38,18.38
Costa Rica,CRI,2012,17.95,17.95
Costa Rica,CRI,2013,17.79,17.79
Costa Rica,CRI,2014,14.86,14.86
Costa Rica,CRI,2015,16.45,16.45
Costa Rica,CRI,2016,20.02,20.02
Costa Rica,CRI,2017,18.86,18.86
Costa Rica,CRI,2018,21.51,21.51
Costa Rica,CRI,2019,21.52,21.52
Costa Rica,CRI,2020,,21.95
Costa Rica,CRI,2021,,24.95
Costa Rica,CRI,2022,18.17,18.17
Costa Rica,CRI,2023,18.17,18.17
Cote d'Ivoire,CIV,1980,,20.890001
Cote d'Ivoire,CIV,1981,,20.890001
Cote d'Ivoire,CIV,1982,,20.890001
Cote d'Ivoire,CIV,1983,,20.890001
Cote d'Ivoire,CIV,1984,,20.890001
Cote d'Ivoire,CIV,1985,20.890001,20.890001
Cote d'Ivoire,CIV,1986,20.890001,20.890001
Cote d'Ivoire,CIV,1987,20.890001,20.890001
Cote d'Ivoire,CIV,1988,20.890001,20.890001
Cote d'Ivoire,CIV,1989,,20.91
Cote d'Ivoire,CIV,1990,,19.2
Cote d'Ivoire,CIV,1991,,17.78
Cote d'Ivoire,CIV,1992,16.28,16.28
Cote d'Ivoire,CIV,1993,16.29,16.29
Cote d'Ivoire,CIV,1994,,16.03
Cote d'Ivoire,CIV,1995,16.2,16.2
Cote d'Ivoire,CIV,1996,,16.43
Cote d'Ivoire,CIV,1997,,18.38
Cote d'Ivoire,CIV,1998,17.61,17.61
Cote d'Ivoire,CIV,1999,,18.4
Cote d'Ivoire,CIV,2000,,19.45
Cote d'Ivoire,CIV,2001,,20.1
Cote d'Ivoire,CIV,2002,22.16,22.16
Cote d'Ivoire,CIV,2003,,20.54
Cote d'Ivoire,CIV,2004,,17.32
Cote d'Ivoire,CIV,2005,,19.859999
Cote d'Ivoire,CIV,2006,,21.01
Cote d'Ivoire,CIV,2007,,19.04
Cote d'Ivoire,CIV,2008,18.71,18.71
Cote d'Ivoire,CIV,2009,,19.08
Cote d'Ivoire,CIV,2010,,17.97
Cote d'Ivoire,CIV,2011,,17.66
Cote d'Ivoire,CIV,2012,,18.16
Cote d'Ivoire,CIV,2013,,17.08
Cote d'Ivoire,CIV,2014,,17.5
Cote d'Ivoire,CIV,2015,17.66,17.66
Cote d'Ivoire,CIV,2016,,17.57
Cote d'Ivoire,CIV,2017,,17.630001
Cote d'Ivoire,CIV,2018,,17.02
Cote d'Ivoire,CIV,2019,,16.93
Cote d'Ivoire,CIV,2020,,17.12
Cote d'Ivoire,CIV,2021,,20.890001
Cote d'Ivoire,CIV,2022,20.890001,20.890001
Cote d'Ivoire,CIV,2023,20.890001,20.890001
Croatia,HRV,1980,,4.1
Croatia,HRV,1981,,4.1
Croatia,HRV,1982,,4.1
Croatia,HRV,1983,,4.1
Croatia,HRV,1984,4.12,4.12
Croatia,HRV,1985,4.14,4.14
Croatia,HRV,1986,4.16,4.16
Croatia,HRV,1987,3.94,3.94
Croatia,HRV,1988,3.94,3.94
Croatia,HRV,1989,4.4500003,4.4500003
Croatia,HRV,1990,,4.7200003
Croatia,HRV,1991,,5.1
Croatia,HRV,1992,,5.5
Croatia,HRV,1993,,5.89
Croatia,HRV,1994,,6.29
Croatia,HRV,1995,,6.69
Croatia,HRV,1996,,6.82
Croatia,HRV,1997,,7.2
Croatia,HRV,1998,7.23,7.23
Croatia,HRV,1999,7.44,7.44
Croatia,HRV,2000,7.31,7.31
Croatia,HRV,2001,7.53,7.53
Croatia,HRV,2002,7.6899996,7.6899996
Croatia,HRV,2003,7.5400004,7.5400004
Croatia,HRV,2004,7.95,7.95
Croatia,HRV,2005,8.57,8.57
Croatia,HRV,2006,8.91,8.91
Croatia,HRV,2007,9.39,9.39
Croatia,HRV,2008,9.28,9.28
Croatia,HRV,2009,8.51,8.51
Croatia,HRV,2010,8.64,8.64
Croatia,HRV,2011,9.08,9.08
Croatia,HRV,2012,8.81,8.81
Croatia,HRV,2013,9.25,9.25
Croatia,HRV,2014,9.47,9.47
Croatia,HRV,2015,9.77,9.77
Croatia,HRV,2016,8.89,8.89
Croatia,HRV,2017,9.19,9.19
Croatia,HRV,2018,9.03,9.03
Croatia,HRV,2019,,8.95
Croatia,HRV,2020,,8.99
Croatia,HRV,2021,,8.99
Croatia,HRV,2022,8.99,8.99
Croatia,HRV,2023,8.96,8.96
Cuba,CUB,1980,,16.44
Cuba,CUB,1981,,16.44
Cuba,CUB,1982,,16.44
Cuba,CUB,1983,,16.44
Cuba,CUB,1984,,16.44
Cuba,CUB,1985,,16.44
Cuba,CUB,1986,,16.44
Cuba,CUB,1987,,16.44
Cuba,CUB,1988,,16.44
Cuba,CUB,1989,,16.44
Cuba,CUB,1990,,16.44
Cuba,CUB,1991,,16.44
Cuba,CUB,1992,,16.44
Cuba,CUB,1993,,16.44
Cuba,CUB,1994,,16.44
Cuba,CUB,1995,,16.44
Cuba,CUB,1996,,16.44
Cuba,CUB,1997,,16.44
Cuba,CUB,1998,,16.44
Cuba,CUB,1999,,16.44
Cuba,CUB,2000,,16.44
Cuba,CUB,2001,,17.08
Cuba,CUB,2002,,16.9
Cuba,CUB,2003,,17.76
Cuba,CUB,2004,,16.58
Cuba,CUB,2005,,14.87
Cuba,CUB,2006,,14.23
Cuba,CUB,2007,,17.69
Cuba,CUB,2008,,15.84
Cuba,CUB,2009,,14.290001
Cuba,CUB,2010,,15.26
Cuba,CUB,2011,,13.36
Cuba,CUB,2012,,13.65
Cuba,CUB,2013,,13.3
Cuba,CUB,2014,,13.04
Cuba,CUB,2015,,12.97
Cuba,CUB,2016,,13.54
Cuba,CUB,2017,,13.22
Cuba,CUB,2018,,13.76
Cuba,CUB,2019,,13.879999
Cuba,CUB,2020,,16
Cuba,CUB,2021,,15.59
Cuba,CUB,2022,13.71,13.71
Cuba,CUB,2023,13.71,13.71
Curacao,CUW,1980,23.75,23.75
Curacao,CUW,1981,23.64,23.64
Curacao,CUW,1982,23.53,23.53
Curacao,CUW,1983,23.42,23.42
Curacao,CUW,1984,23.31,23.31
Curacao,CUW,1985,23.19,23.19
Curacao,CUW,1986,23.07,23.07
Curacao,CUW,1987,22.949999,22.949999
Curacao,CUW,1988,22.83,22.83
Curacao,CUW,1989,22.71,22.71
Curacao,CUW,1990,22.58,22.58
Curacao,CUW,1991,22.57,22.57
Curacao,CUW,1992,22.550001,22.550001
Curacao,CUW,1993,22.54,22.54
Curacao,CUW,1994,22.53,22.53
Curacao,CUW,1995,22.52,22.52
Curacao,CUW,1996,22.51,22.51
Curacao,CUW,1997,22.5,22.5
Curacao,CUW,1998,22.490002,22.490002
Curacao,CUW,1999,22.480001,22.480001
Curacao,CUW,2000,22.470001,22.470001
Curacao,CUW,2001,22.310001,22.310001
Curacao,CUW,2002,22.16,22.16
Curacao,CUW,2003,22.02,22.02
Curacao,CUW,2004,21.89,21.89
Curacao,CUW,2005,21.76,21.76
Curacao,CUW,2006,21.64,21.64
Curacao,CUW,2007,21.529999,21.529999
Curacao,CUW,2008,21.42,21.42
Curacao,CUW,2009,21.31,21.31
Curacao,CUW,2010,21.21,21.21
Curacao,CUW,2011,21.199999,21.199999
Curacao,CUW,2012,21.199999,21.199999
Curacao,CUW,2013,21.199999,21.199999
Curacao,CUW,2014,21.199999,21.199999
Curacao,CUW,2015,21.189999,21.189999
Curacao,CUW,2016,21.189999,21.189999
Curacao,CUW,2017,21.189999,21.189999
Curacao,CUW,2018,21.18,21.18
Curacao,CUW,2019,21.18,21.18
Curacao,CUW,2020,21.199999,21.199999
Curacao,CUW,2021,21.199999,21.199999
Curacao,CUW,2022,21.199999,21.199999
Curacao,CUW,2023,21.199999,21.199999
Cyprus,CYP,1980,,11.29
Cyprus,CYP,1981,,11.29
Cyprus,CYP,1982,,11.29
Cyprus,CYP,1983,,11.29
Cyprus,CYP,1984,,11.29
Cyprus,CYP,1985,,11.29
Cyprus,CYP,1986,,11.29
Cyprus,CYP,1987,,11.29
Cyprus,CYP,1988,,11.29
Cyprus,CYP,1989,,11.29
Cyprus,CYP,1990,11.29,11.29
Cyprus,CYP,1991,,11.12
Cyprus,CYP,1992,,11.03
Cyprus,CYP,1993,,10.92
Cyprus,CYP,1994,,11.04
Cyprus,CYP,1995,,11.29
Cyprus,CYP,1996,10.95,10.95
Cyprus,CYP,1997,,9.95
Cyprus,CYP,1998,,13.92
Cyprus,CYP,1999,,10.97
Cyprus,CYP,2000,,9.74
Cyprus,CYP,2001,,10.75
Cyprus,CYP,2002,,12.09
Cyprus,CYP,2003,,11.01
Cyprus,CYP,2004,7.09,7.09
Cyprus,CYP,2005,7.53,7.53
Cyprus,CYP,2006,9.08,9.08
Cyprus,CYP,2007,7.61,7.61
Cyprus,CYP,2008,10.09,10.09
Cyprus,CYP,2009,9.62,9.62
Cyprus,CYP,2010,8.71,8.71
Cyprus,CYP,2011,11.26,11.26
Cyprus,CYP,2012,11.559999,11.559999
Cyprus,CYP,2013,15.639999,15.639999
Cyprus,CYP,2014,11.54,11.54
Cyprus,CYP,2015,11.150001,11.150001
Cyprus,CYP,2016,10.57,10.57
Cyprus,CYP,2017,9.92,9.92
Cyprus,CYP,2018,,11.59
Cyprus,CYP,2019,,10.86
Cyprus,CYP,2020,,10.71
Cyprus,CYP,2021,,8.110001
Cyprus,CYP,2022,8.42,8.42
Cyprus,CYP,2023,8.45,8.45
Czechia,CZE,1980,2.42,2.42
Czechia,CZE,1981,,2.42
Czechia,CZE,1982,,2.41
Czechia,CZE,1983,,2.4
Czechia,CZE,1984,,2.38
Czechia,CZE,1985,2.38,2.38
Czechia,CZE,1986,,2.52
Czechia,CZE,1987,,2.6499999
Czechia,CZE,1988,2.8100002,2.8100002
Czechia,CZE,1989,,3.8
Czechia,CZE,1990,,4.5899997
Czechia,CZE,1991,,6.6299996
Czechia,CZE,1992,8.54,8.54
Czechia,CZE,1993,,10.5
Czechia,CZE,1994,,11.68
Czechia,CZE,1995,,10.25
Czechia,CZE,1996,10.639999,10.639999
Czechia,CZE,1997,,11.3
Czechia,CZE,1998,,11.09
Czechia,CZE,1999,,12.179999
Czechia,CZE,2000,,10.99
Czechia,CZE,2001,,11.240001
Czechia,CZE,2002,,11.61
Czechia,CZE,2003,10.29,10.29
Czechia,CZE,2004,11.54,11.54
Czechia,CZE,2005,12.05,12.05
Czechia,CZE,2006,11.62,11.62
Czechia,CZE,2007,10.94,10.94
Czechia,CZE,2008,14.27,14.27
Czechia,CZE,2009,11.27,11.27
Czechia,CZE,2010,11.5199995,11.5199995
Czechia,CZE,2011,9.9,9.9
Czechia,CZE,2012,11.45,11.45
Czechia,CZE,2013,10.450001,10.450001
Czechia,CZE,2014,10.450001,10.450001
Czechia,CZE,2015,11.29,11.29
Czechia,CZE,2016,10.559999,10.559999
Czechia,CZE,2017,10.04,10.04
Czechia,CZE,2018,10.059999,10.059999
Czechia,CZE,2019,,10
Czechia,CZE,2020,,11.67
Czechia,CZE,2021,,9.96
Czechia,CZE,2022,9.68,9.68
Czechia,CZE,2023,9.610001,9.610001
Democratic Republic of Congo,COD,1980,,14.47
Democratic Republic of Congo,COD,1981,,15.29
Democratic Republic of Congo,COD,1982,,14.280001
Democratic Republic of Congo,COD,1983,,14.46
Democratic Republic of Congo,COD,1984,,15.22
Democratic Republic of Congo,COD,1985,,14.09
Democratic Republic of Congo,COD,1986,,14
Democratic Republic of Congo,COD,1987,,14.33
Democratic Republic of Congo,COD,1988,,14.059999
Democratic Republic of Congo,COD,1989,,14.33
Democratic Republic of Congo,COD,1990,,14.139999
Democratic Republic of Congo,COD,1991,,14.290001
Democratic Republic of Congo,COD,1992,,14.34
Democratic Republic of Congo,COD,1993,,14.280001
Democratic Republic of Congo,COD,1994,,14.38
Democratic Republic of Congo,COD,1995,,13.45
Democratic Republic of Congo,COD,1996,,14.360001
Democratic Republic of Congo,COD,1997,,13.59
Democratic Republic of Congo,COD,1998,,14.63
Democratic Republic of Congo,COD,1999,,14.5
Democratic Republic of Congo,COD,2000,,14.360001
Democratic Republic of Congo,COD,2001,,14.26
Democratic Republic of Congo,COD,2002,,14.25
Democratic Republic of Congo,COD,2003,,14.26
Democratic Republic of Congo,COD,2004,14.290001,14.290001
Democratic Republic of Congo,COD,2005,14.32,14.32
Democratic Republic of Congo,COD,2006,,14.32
Democratic Republic of Congo,COD,2007,,14.34
Democratic Republic of Congo,COD,2008,14.370001,14.370001
Democratic Republic of Congo,COD,2009,,14.4
Democratic Republic of Congo,COD,2010,,14.440001
Democratic Republic of Congo,COD,2011,,14.47
Democratic Republic of Congo,COD,2012,14.5,14.5
Democratic Republic of Congo,COD,2013,,15.09
Democratic Republic of Congo,COD,2014,,15.68
Democratic Republic of Congo,COD,2015,,16.27
Democratic Republic of Congo,COD,2016,,16.869999
Democratic Republic of Congo,COD,2017,,17.460001
Democratic Republic of Congo,COD,2018,,18.05
Democratic Republic of Congo,COD,2019,,18.64
Democratic Republic of Congo,COD,2020,,19.230001
Democratic Republic of Congo,COD,2021,,19.230001
Democratic Republic of Congo,COD,2022,19.230001,19.230001
Democratic Republic of Congo,COD,2023,19.230001,19.230001
Denmark,DNK,1980,7.12,7.12
Denmark,DNK,1981,6.92,6.92
Denmark,DNK,1982,7.1000004,7.1000004
Denmark,DNK,1983,8.7300005,8.7300005
Denmark,DNK,1984,9.99,9.99
Denmark,DNK,1985,9.9,9.9
Denmark,DNK,1986,9.28,9.28
Denmark,DNK,1987,9.77,9.77
Denmark,DNK,1988,8.53,8.53
Denmark,DNK,1989,8.56,8.56
Denmark,DNK,1990,8.190001,8.190001
Denmark,DNK,1991,8.36,8.36
Denmark,DNK,1992,8.18,8.18
Denmark,DNK,1993,8.81,8.81
Denmark,DNK,1994,9.24,9.24
Denmark,DNK,1995,9.83,9.83
Denmark,DNK,1996,10.31,10.31
Denmark,DNK,1997,12.29,12.29
Denmark,DNK,1998,10.28,10.28
Denmark,DNK,1999,11.93,11.93
Denmark,DNK,2000,11.45,11.45
Denmark,DNK,2001,10.400001,10.400001
Denmark,DNK,2002,9.58,9.58
Denmark,DNK,2003,9.26,9.26
Denmark,DNK,2004,9.91,9.91
Denmark,DNK,2005,10.78,10.78
Denmark,DNK,2006,11.22,11.22
Denmark,DNK,2007,10.86,10.86
Denmark,DNK,2008,10.2300005,10.2300005
Denmark,DNK,2009,9.440001,9.440001
Denmark,DNK,2010,11.389999,11.389999
Denmark,DNK,2011,12.179999,12.179999
Denmark,DNK,2012,13.13,13.13
Denmark,DNK,2013,14.02,14.02
Denmark,DNK,2014,13.37,13.37
Denmark,DNK,2015,14.659999,14.659999
Denmark,DNK,2016,14.759999,14.759999
Denmark,DNK,2017,13.03,13.03
Denmark,DNK,2018,,12.17
Denmark,DNK,2019,,10.88
Denmark,DNK,2020,,11.93
Denmark,DNK,2021,,12.02
Denmark,DNK,2022,12.51,12.51
Denmark,DNK,2023,12.44,12.44
Djibouti,DJI,1980,,15.25
Djibouti,DJI,1981,,15.25
Djibouti,DJI,1982,,15.25
Djibouti,DJI,1983,,15.309999
Djibouti,DJI,1984,,15.25
Djibouti,DJI,1985,,15.25
Djibouti,DJI,1986,,15.25
Djibouti,DJI,1987,,15.309999
Djibouti,DJI,1988,,15.25
Djibouti,DJI,1989,,15.25
Djibouti,DJI,1990,,15.25
Djibouti,DJI,1991,,15.25
Djibouti,DJI,1992,,15.25
Djibouti,DJI,1993,,15.25
Djibouti,DJI,1994,,15.25
Djibouti,DJI,1995,,15.25
Djibouti,DJI,1996,,15.25
Djibouti,DJI,1997,,15.25
Djibouti,DJI,1998,,15.25
Djibouti,DJI,1999,,15.25
Djibouti,DJI,2000,,15.25
Djibouti,DJI,2001,,15.25
Djibouti,DJI,2002,15.25,15.25
Djibouti,DJI,2003,,15.43
Djibouti,DJI,2004,,15.610001
Djibouti,DJI,2005,,15.790001
Djibouti,DJI,2006,,15.98
Djibouti,DJI,2007,,16.16
Djibouti,DJI,2008,,16.34
Djibouti,DJI,2009,,16.52
Djibouti,DJI,2010,,16.71
Djibouti,DJI,2011,,16.89
Djibouti,DJI,2012,17.07,17.07
Djibouti,DJI,2013,16.29,16.29
Djibouti,DJI,2014,,16.150002
Djibouti,DJI,2015,,16.01
Djibouti,DJI,2016,,15.870001
Djibouti,DJI,2017,15.73,15.73
Djibouti,DJI,2018,,15.73
Djibouti,DJI,2019,,15.73
Djibouti,DJI,2020,,15.73
Djibouti,DJI,2021,,15.73
Djibouti,DJI,2022,15.73,15.73
Djibouti,DJI,2023,15.73,15.73
Dominica,DMA,1980,23.75,23.75
Dominica,DMA,1981,23.64,23.64
Dominica,DMA,1982,23.53,23.53
Dominica,DMA,1983,23.42,23.42
Dominica,DMA,1984,23.31,23.31
Dominica,DMA,1985,23.19,23.19
Dominica,DMA,1986,23.07,23.07
Dominica,DMA,1987,22.949999,22.949999
Dominica,DMA,1988,22.83,22.83
Dominica,DMA,1989,22.71,22.71
Dominica,DMA,1990,22.58,22.58
Dominica,DMA,1991,22.57,22.57
Dominica,DMA,1992,22.550001,22.550001
Dominica,DMA,1993,22.54,22.54
Dominica,DMA,1994,22.53,22.53
Dominica,DMA,1995,22.52,22.52
Dominica,DMA,1996,22.51,22.51
Dominica,DMA,1997,22.5,22.5
Dominica,DMA,1998,22.490002,22.490002
Dominica,DMA,1999,22.480001,22.480001
Dominica,DMA,2000,22.470001,22.470001
Dominica,DMA,2001,22.310001,22.310001
Dominica,DMA,2002,22.16,22.16
Dominica,DMA,2003,22.02,22.02
Dominica,DMA,2004,21.89,21.89
Dominica,DMA,2005,21.76,21.76
Dominica,DMA,2006,21.64,21.64
Dominica,DMA,2007,21.529999,21.529999
Dominica,DMA,2008,21.42,21.42
Dominica,DMA,2009,21.31,21.31
Dominica,DMA,2010,21.21,21.21
Dominica,DMA,2011,21.199999,21.199999
Dominica,DMA,2012,21.199999,21.199999
Dominica,DMA,2013,21.199999,21.199999
Dominica,DMA,2014,21.199999,21.199999
Dominica,DMA,2015,21.189999,21.189999
Dominica,DMA,2016,21.189999,21.189999
Dominica,DMA,2017,21.189999,21.189999
Dominica,DMA,2018,21.18,21.18
Dominica,DMA,2019,21.18,21.18
Dominica,DMA,2020,21.199999,21.199999
Dominica,DMA,2021,21.199999,21.199999
Dominica,DMA,2022,21.199999,21.199999
Dominica,DMA,2023,21.199999,21.199999
Dominican Republic,DOM,1980,,18.66
Dominican Republic,DOM,1981,,18.66
Dominican Republic,DOM,1982,,18.66
Dominican Republic,DOM,1983,,18.66
Dominican Republic,DOM,1984,,18.66
Dominican Republic,DOM,1985,,18.66
Dominican Republic,DOM,1986,,18.66
Dominican Republic,DOM,1987,,18.66
Dominican Republic,DOM,1988,,18.66
Dominican Republic,DOM,1989,,18.66
Dominican Republic,DOM,1990,,18.66
Dominican Republic,DOM,1991,,18.66
Dominican Republic,DOM,1992,,18.66
Dominican Republic,DOM,1993,,18.66
Dominican Republic,DOM,1994,,18.66
Dominican Republic,DOM,1995,,18.66
Dominican Republic,DOM,1996,,18.66
Dominican Republic,DOM,1997,,18.66
Dominican Republic,DOM,1998,,18.66
Dominican Republic,DOM,1999,,18.66
Dominican Republic,DOM,2000,,18.66
Dominican Republic,DOM,2001,,18.66
Dominican Republic,DOM,2002,,18.66
Dominican Republic,DOM,2003,,18.66
Dominican Republic,DOM,2004,,18.66
Dominican Republic,DOM,2005,,18.66
Dominican Republic,DOM,2006,,18.66
Dominican Republic,DOM,2007,,18.66
Dominican Republic,DOM,2008,,18.66
Dominican Republic,DOM,2009,,18.66
Dominican Republic,DOM,2010,,18.66
Dominican Republic,DOM,2011,,18.66
Dominican Republic,DOM,2012,,18.66
Dominican Republic,DOM,2013,19.45,19.45
Dominican Republic,DOM,2014,19.96,19.96
Dominican Republic,DOM,2015,20.57,20.57
Dominican Republic,DOM,2016,24.17,24.17
Dominican Republic,DOM,2017,19.050001,19.050001
Dominican Republic,DOM,2018,25.420002,25.420002
Dominican Republic,DOM,2019,,20.78
Dominican Republic,DOM,2020,,16.4
Dominican Republic,DOM,2021,16.04,16.04
Dominican Republic,DOM,2022,15.18,15.18
Dominican Republic,DOM,2023,15.18,15.18
East Africa (WID),,1980,26.980001,26.980001
East Africa (WID),,1981,26.930002,26.930002
East Africa (WID),,1982,27.000002,27.000002
East Africa (WID),,1983,26.62,26.62
East Africa (WID),,1984,26.640001,26.640001
East Africa (WID),,1985,26.94,26.94
East Africa (WID),,1986,27.900002,27.900002
East Africa (WID),,1987,27.27,27.27
East Africa (WID),,1988,27.579998,27.579998
East Africa (WID),,1989,27.050001,27.050001
East Africa (WID),,1990,27.13,27.13
East Africa (WID),,1991,26.859999,26.859999
East Africa (WID),,1992,26.44,26.44
East Africa (WID),,1993,26.269999,26.269999
East Africa (WID),,1994,26.42,26.42
East Africa (WID),,1995,26.480001,26.480001
East Africa (WID),,1996,26.31,26.31
East Africa (WID),,1997,24.6,24.6
East Africa (WID),,1998,23.62,23.62
East Africa (WID),,1999,22.92,22.92
East Africa (WID),,2000,22.560001,22.560001
East Africa (WID),,2001,22.51,22.51
East Africa (WID),,2002,22.84,22.84
East Africa (WID),,2003,22.58,22.58
East Africa (WID),,2004,22.35,22.35
East Africa (WID),,2005,22.390001,22.390001
East Africa (WID),,2006,22.35,22.35
East Africa (WID),,2007,22.02,22.02
East Africa (WID),,2008,21.51,21.51
East Africa (WID),,2009,21.119999,21.119999
East Africa (WID),,2010,20.76,20.76
East Africa (WID),,2011,20.29,20.29
East Africa (WID),,2012,19.89,19.89
East Africa (WID),,2013,19.84,19.84
East Africa (WID),,2014,20.08,20.08
East Africa (WID),,2015,19.64,19.64
East Africa (WID),,2016,19.12,19.12
East Africa (WID),,2017,18.880001,18.880001
East Africa (WID),,2018,18.48,18.48
East Africa (WID),,2019,18.199999,18.199999
East Africa (WID),,2020,17.92,17.92
East Africa (WID),,2021,19.03,19.03
East Africa (WID),,2022,19.1,19.1
East Africa (WID),,2023,19.03,19.03
East Asia (WID),,1820,16.41,16.41
East Asia (WID),,1850,17.59,17.59
East Asia (WID),,1880,17.800001,17.800001
East Asia (WID),,1900,18.74,18.74
East Asia (WID),,1910,22.98,22.98
East Asia (WID),,1920,21.93,21.93
East Asia (WID),,1930,21.16,21.16
East Asia (WID),,1940,21.92,21.92
East Asia (WID),,1950,12.2699995,12.2699995
East Asia (WID),,1960,13.74,13.74
East Asia (WID),,1970,17.92,17.92
East Asia (WID),,1980,20.19,20.19
East Asia (WID),,1981,19.61,19.61
East Asia (WID),,1982,19.99,19.99
East Asia (WID),,1983,19.75,19.75
East Asia (WID),,1984,19.58,19.58
East Asia (WID),,1985,20.07,20.07
East Asia (WID),,1986,21.14,21.14
East Asia (WID),,1987,21.52,21.52
East Asia (WID),,1988,21.529999,21.529999
East Asia (WID),,1989,23.68,23.68
East Asia (WID),,1990,23.800001,23.800001
East Asia (WID),,1991,22.62,22.62
East Asia (WID),,1992,20.5,20.5
East Asia (WID),,1993,19.949999,19.949999
East Asia (WID),,1994,19.59,19.59
East Asia (WID),,1995,19.93,19.93
East Asia (WID),,1996,19.96,19.96
East Asia (WID),,1997,20.67,20.67
East Asia (WID),,1998,19.779999,19.779999
East Asia (WID),,1999,20.08,20.08
East Asia (WID),,2000,20.58,20.58
East Asia (WID),,2001,21.5,21.5
East Asia (WID),,2002,22.460001,22.460001
East Asia (WID),,2003,22.480001,22.480001
East Asia (WID),,2004,21.349998,21.349998
East Asia (WID),,2005,21.94,21.94
East Asia (WID),,2006,21.76,21.76
East Asia (WID),,2007,22.81,22.81
East Asia (WID),,2008,19.65,19.65
East Asia (WID),,2009,20.47,20.47
East Asia (WID),,2010,20.09,20.09
East Asia (WID),,2011,19.04,19.04
East Asia (WID),,2012,18.99,18.99
East Asia (WID),,2013,17.83,17.83
East Asia (WID),,2014,20.65,20.65
East Asia (WID),,2015,18.43,18.43
East Asia (WID),,2016,18.42,18.42
East Asia (WID),,2017,19.02,19.02
East Asia (WID),,2018,20.16,20.16
East Asia (WID),,2019,18.529999,18.529999
East Asia (WID),,2020,17.93,17.93
East Asia (WID),,2021,17.87,17.87
East Asia (WID),,2022,18.13,18.13
East Asia (WID),,2023,17.79,17.79
East Germany,OWID_GDR,1980,2.54,2.54
East Germany,OWID_GDR,1981,2.73,2.73
East Germany,OWID_GDR,1982,2.92,2.92
East Germany,OWID_GDR,1983,3.12,3.12
East Germany,OWID_GDR,1984,3.3,3.3
East Germany,OWID_GDR,1985,3.4899998,3.4899998
East Germany,OWID_GDR,1986,3.58,3.58
East Germany,OWID_GDR,1987,3.68,3.68
East Germany,OWID_GDR,1988,3.78,3.78
East Germany,OWID_GDR,1989,3.78,3.78
East Germany,OWID_GDR,1990,3.78,3.78
East Timor,TLS,1980,,17.36
East Timor,TLS,1981,,17.36
East Timor,TLS,1982,,17.36
East Timor,TLS,1983,,17.36
East Timor,TLS,1984,,17.36
East Timor,TLS,1985,,17.36
East Timor,TLS,1986,,17.36
East Timor,TLS,1987,,17.36
East Timor,TLS,1988,,17.36
East Timor,TLS,1989,,17.36
East Timor,TLS,1990,,17.36
East Timor,TLS,1991,,17.36
East Timor,TLS,1992,,17.36
East Timor,TLS,1993,,17.36
East Timor,TLS,1994,,17.36
East Timor,TLS,1995,,17.36
East Timor,TLS,1996,,17.36
East Timor,TLS,1997,,17.36
East Timor,TLS,1998,,17.36
East Timor,TLS,1999,,17.36
East Timor,TLS,2000,,17.36
East Timor,TLS,2001,17.36,17.36
East Timor,TLS,2002,,16.71
East Timor,TLS,2003,,16.210001
East Timor,TLS,2004,,15.710001
East Timor,TLS,2005,,15.25
East Timor,TLS,2006,,14.69
East Timor,TLS,2007,14.280001,14.280001
East Timor,TLS,2008,,14.57
East Timor,TLS,2009,,14.740001
East Timor,TLS,2010,,14.86
East Timor,TLS,2011,,14.900001
East Timor,TLS,2012,,14.78
East Timor,TLS,2013,,14.820001
East Timor,TLS,2014,14.9800005,14.9800005
East Timor,TLS,2015,,15.26
East Timor,TLS,2016,,15.13
East Timor,TLS,2017,,14.95
East Timor,TLS,2018,,14.88
East Timor,TLS,2019,,15.03
East Timor,TLS,2020,,14.89
East Timor,TLS,2021,,14.89
East Timor,TLS,2022,14.89,14.89
East Timor,TLS,2023,15.03,15.03
Eastern Europe (WID),,1820,19.02,19.02
Eastern Europe (WID),,1850,19.460001,19.460001
Eastern Europe (WID),,1880,19.220001,19.220001
Eastern Europe (WID),,1900,22.939999,22.939999
Eastern Europe (WID),,1910,22.37,22.37
Eastern Europe (WID),,1920,12.700001,12.700001
Eastern Europe (WID),,1930,10.21,10.21
Eastern Europe (WID),,1940,9.49,9.49
Eastern Europe (WID),,1950,8.36,8.36
Eastern Europe (WID),,1960,7.56,7.56
Eastern Europe (WID),,1970,6.78,6.78
Eastern Europe (WID),,1980,5.51,5.51
Eastern Europe (WID),,1981,5.6200004,5.6200004
Eastern Europe (WID),,1982,5.7,5.7
Eastern Europe (WID),,1983,5.69,5.69
Eastern Europe (WID),,1984,5.75,5.75
Eastern Europe (WID),,1985,5.67,5.67
Eastern Europe (WID),,1986,5.67,5.67
Eastern Europe (WID),,1987,5.69,5.69
Eastern Europe (WID),,1988,5.72,5.72
Eastern Europe (WID),,1989,6.03,6.03
Eastern Europe (WID),,1990,6.73,6.73
Eastern Europe (WID),,1991,7.58,7.58
Eastern Europe (WID),,1992,8.16,8.16
Eastern Europe (WID),,1993,8.93,8.93
Eastern Europe (WID),,1994,9.7300005,9.7300005
Eastern Europe (WID),,1995,10.75,10.75
Eastern Europe (WID),,1996,10.13,10.13
Eastern Europe (WID),,1997,10.51,10.51
Eastern Europe (WID),,1998,10.87,10.87
Eastern Europe (WID),,1999,11.17,11.17
Eastern Europe (WID),,2000,10.84,10.84
Eastern Europe (WID),,2001,10.7,10.7
Eastern Europe (WID),,2002,11.240001,11.240001
Eastern Europe (WID),,2003,11.200001,11.200001
Eastern Europe (WID),,2004,12.58,12.58
Eastern Europe (WID),,2005,13.28,13.28
Eastern Europe (WID),,2006,13.66,13.66
Eastern Europe (WID),,2007,14.51,14.51
Eastern Europe (WID),,2008,14.23,14.23
Eastern Europe (WID),,2009,13.320001,13.320001
Eastern Europe (WID),,2010,12.88,12.88
Eastern Europe (WID),,2011,12.66,12.66
Eastern Europe (WID),,2012,13.330001,13.330001
Eastern Europe (WID),,2013,13.009999,13.009999
Eastern Europe (WID),,2014,13.860001,13.860001
Eastern Europe (WID),,2015,13.98,13.98
Eastern Europe (WID),,2016,13.22,13.22
Eastern Europe (WID),,2017,13.079999,13.079999
Eastern Europe (WID),,2018,13.83,13.83
Eastern Europe (WID),,2019,13.320001,13.320001
Eastern Europe (WID),,2020,13.51,13.51
Eastern Europe (WID),,2021,13.2300005,13.2300005
Eastern Europe (WID),,2022,13.429999,13.429999
Eastern Europe (WID),,2023,13.4800005,13.4800005
Ecuador,ECU,1980,,19.5
Ecuador,ECU,1981,,19.5
Ecuador,ECU,1982,,19.5
Ecuador,ECU,1983,,19.5
Ecuador,ECU,1984,,19.5
Ecuador,ECU,1985,,19.5
Ecuador,ECU,1986,,19.5
Ecuador,ECU,1987,,19.5
Ecuador,ECU,1988,,19.5
Ecuador,ECU,1989,,19.5
Ecuador,ECU,1990,,19.5
Ecuador,ECU,1991,,19.5
Ecuador,ECU,1992,,19.5
Ecuador,ECU,1993,,19.5
Ecuador,ECU,1994,,19.5
Ecuador,ECU,1995,,19.5
Ecuador,ECU,1996,,19.5
Ecuador,ECU,1997,,19.5
Ecuador,ECU,1998,,19.5
Ecuador,ECU,1999,,19.5
Ecuador,ECU,2000,,19.5
Ecuador,ECU,2001,,19.5
Ecuador,ECU,2002,19.66,19.66
Ecuador,ECU,2003,19.83,19.83
Ecuador,ECU,2004,19.08,19.08
Ecuador,ECU,2005,18.34,18.34
Ecuador,ECU,2006,15.93,15.93
Ecuador,ECU,2007,20.640001,20.640001
Ecuador,ECU,2008,14.57,14.57
Ecuador,ECU,2009,14.139999,14.139999
Ecuador,ECU,2010,18.05,18.05
Ecuador,ECU,2011,13.13,13.13
Ecuador,ECU,2012,20.17,20.17
Ecuador,ECU,2013,15.96,15.96
Ecuador,ECU,2014,14.830001,14.830001
Ecuador,ECU,2015,12.47,12.47
Ecuador,ECU,2016,12.3,12.3
Ecuador,ECU,2017,13.950001,13.950001
Ecuador,ECU,2018,14.69,14.69
Ecuador,ECU,2019,14.059999,14.059999
Ecuador,ECU,2020,,19.64
Ecuador,ECU,2021,,16.58
Ecuador,ECU,2022,14,14
Ecuador,ECU,2023,14,14
Egypt,EGY,1820,,26.359999
Egypt,EGY,1850,,26.97
Egypt,EGY,1880,,27.27
Egypt,EGY,1900,,28.48
Egypt,EGY,1910,,30.300001
Egypt,EGY,1920,,30.300001
Egypt,EGY,1930,,30.300001
Egypt,EGY,1940,,30.300001
Egypt,EGY,1950,,30.300001
Egypt,EGY,1960,,26.4
Egypt,EGY,1970,,22.5
Egypt,EGY,1980,,16.17
Egypt,EGY,1981,,16.03
Egypt,EGY,1982,,16.210001
Egypt,EGY,1983,,16.07
Egypt,EGY,1984,,16.2
Egypt,EGY,1985,,16.28
Egypt,EGY,1986,,16.240002
Egypt,EGY,1987,,16.03
Egypt,EGY,1988,,16.27
Egypt,EGY,1989,,16.27
Egypt,EGY,1990,16.060001,16.060001
Egypt,EGY,1991,,16.29
Egypt,EGY,1992,16.47,16.47
Egypt,EGY,1993,16.72,16.72
Egypt,EGY,1994,16.88,16.88
Egypt,EGY,1995,16.59,16.59
Egypt,EGY,1996,17.85,17.85
Egypt,EGY,1997,18.09,18.09
Egypt,EGY,1998,18.970001,18.970001
Egypt,EGY,1999,19.56,19.56
Egypt,EGY,2000,19.48,19.48
Egypt,EGY,2001,19.2,19.2
Egypt,EGY,2002,19.08,19.08
Egypt,EGY,2003,18.92,18.92
Egypt,EGY,2004,19.54,19.54
Egypt,EGY,2005,19.050001,19.050001
Egypt,EGY,2006,19.44,19.44
Egypt,EGY,2007,19.89,19.89
Egypt,EGY,2008,19.63,19.63
Egypt,EGY,2009,18.74,18.74
Egypt,EGY,2010,18.07,18.07
Egypt,EGY,2011,18.55,18.55
Egypt,EGY,2012,18.79,18.79
Egypt,EGY,2013,19.57,19.57
Egypt,EGY,2014,20.79,20.79
Egypt,EGY,2015,20.92,20.92
Egypt,EGY,2016,20.99,20.99
Egypt,EGY,2017,20.18,20.18
Egypt,EGY,2018,,20.08
Egypt,EGY,2019,,20.86
Egypt,EGY,2020,,18.84
Egypt,EGY,2021,,19.01
Egypt,EGY,2022,18.539999,18.539999
Egypt,EGY,2023,18.5,18.5
El Salvador,SLV,1980,,16.47
El Salvador,SLV,1981,,16.47
El Salvador,SLV,1982,,16.47
El Salvador,SLV,1983,,16.47
El Salvador,SLV,1984,,16.47
El Salvador,SLV,1985,,16.47
El Salvador,SLV,1986,,16.47
El Salvador,SLV,1987,,16.47
El Salvador,SLV,1988,,16.47
El Salvador,SLV,1989,,16.47
El Salvador,SLV,1990,,16.47
El Salvador,SLV,1991,,16.47
El Salvador,SLV,1992,,16.47
El Salvador,SLV,1993,,16.47
El Salvador,SLV,1994,,16.47
El Salvador,SLV,1995,,16.47
El Salvador,SLV,1996,,16.47
El Salvador,SLV,1997,,16.47
El Salvador,SLV,1998,,16.47
El Salvador,SLV,1999,,16.47
El Salvador,SLV,2000,,16.47
El Salvador,SLV,2001,,16.47
El Salvador,SLV,2002,17.880001,17.880001
El Salvador,SLV,2003,15.950001,15.950001
El Salvador,SLV,2004,17.23,17.23
El Salvador,SLV,2005,20.11,20.11
El Salvador,SLV,2006,15.870001,15.870001
El Salvador,SLV,2007,17.9,17.9
El Salvador,SLV,2008,16.97,16.97
El Salvador,SLV,2009,16.050001,16.050001
El Salvador,SLV,2010,13.349999,13.349999
El Salvador,SLV,2011,14.25,14.25
El Salvador,SLV,2012,15.150001,15.150001
El Salvador,SLV,2013,23.14,23.14
El Salvador,SLV,2014,21.52,21.52
El Salvador,SLV,2015,15.19,15.19
El Salvador,SLV,2016,19.43,19.43
El Salvador,SLV,2017,13.879999,13.879999
El Salvador,SLV,2018,13.75,13.75
El Salvador,SLV,2019,,14.8
El Salvador,SLV,2020,,19.25
El Salvador,SLV,2021,,12.630001
El Salvador,SLV,2022,12.77,12.77
El Salvador,SLV,2023,12.77,12.77
Equatorial Guinea,GNQ,1980,,16.59
Equatorial Guinea,GNQ,1981,,16.73
Equatorial Guinea,GNQ,1982,,16.65
Equatorial Guinea,GNQ,1983,,16.599998
Equatorial Guinea,GNQ,1984,,16.599998
Equatorial Guinea,GNQ,1985,,16.67
Equatorial Guinea,GNQ,1986,,16.74
Equatorial Guinea,GNQ,1987,,16.609999
Equatorial Guinea,GNQ,1988,,16.609999
Equatorial Guinea,GNQ,1989,,16.599998
Equatorial Guinea,GNQ,1990,,16.599998
Equatorial Guinea,GNQ,1991,,16.59
Equatorial Guinea,GNQ,1992,,16.59
Equatorial Guinea,GNQ,1993,,16.619999
Equatorial Guinea,GNQ,1994,,16.609999
Equatorial Guinea,GNQ,1995,,16.73
Equatorial Guinea,GNQ,1996,,16.65
Equatorial Guinea,GNQ,1997,,16.789999
Equatorial Guinea,GNQ,1998,,16.8
Equatorial Guinea,GNQ,1999,,16.869999
Equatorial Guinea,GNQ,2000,,16.9
Equatorial Guinea,GNQ,2001,,16.869999
Equatorial Guinea,GNQ,2002,,17.13
Equatorial Guinea,GNQ,2003,,16.41
Equatorial Guinea,GNQ,2004,,16.26
Equatorial Guinea,GNQ,2005,,16.07
Equatorial Guinea,GNQ,2006,,15.82
Equatorial Guinea,GNQ,2007,,15.639999
Equatorial Guinea,GNQ,2008,,15.76
Equatorial Guinea,GNQ,2009,,15.790001
Equatorial Guinea,GNQ,2010,,16.02
Equatorial Guinea,GNQ,2011,,16.210001
Equatorial Guinea,GNQ,2012,,16.26
Equatorial Guinea,GNQ,2013,,16.609999
Equatorial Guinea,GNQ,2014,,17.01
Equatorial Guinea,GNQ,2015,,17.4
Equatorial Guinea,GNQ,2016,,17.79
Equatorial Guinea,GNQ,2017,,18.23
Equatorial Guinea,GNQ,2018,,18.57
Equatorial Guinea,GNQ,2019,,18.78
Equatorial Guinea,GNQ,2020,,18.93
Equatorial Guinea,GNQ,2021,,18.77
Equatorial Guinea,GNQ,2022,18.77,18.77
Equatorial Guinea,GNQ,2023,18.87,18.87
Eritrea,ERI,1980,,29.640001
Eritrea,ERI,1981,,29.6
Eritrea,ERI,1982,,29.53
Eritrea,ERI,1983,,29.49
Eritrea,ERI,1984,,29.67
Eritrea,ERI,1985,,29.38
Eritrea,ERI,1986,,30.300001
Eritrea,ERI,1987,,29.53
Eritrea,ERI,1988,,29.480001
Eritrea,ERI,1989,,29.6
Eritrea,ERI,1990,,32.04
Eritrea,ERI,1991,,31.150002
Eritrea,ERI,1992,,29.49
Eritrea,ERI,1993,,32
Eritrea,ERI,1994,,29.480001
Eritrea,ERI,1995,,29.460001
Eritrea,ERI,1996,,26.74
Eritrea,ERI,1997,,21.39
Eritrea,ERI,1998,,17.31
Eritrea,ERI,1999,,13.28
Eritrea,ERI,2000,,13.58
Eritrea,ERI,2001,,13.879999
Eritrea,ERI,2002,,14.27
Eritrea,ERI,2003,,14.49
Eritrea,ERI,2004,,14.79
Eritrea,ERI,2005,,14.7699995
Eritrea,ERI,2006,,14.749999
Eritrea,ERI,2007,,14.7300005
Eritrea,ERI,2008,,14.72
Eritrea,ERI,2009,,14.7
Eritrea,ERI,2010,,14.679999
Eritrea,ERI,2011,,14.47
Eritrea,ERI,2012,,14.26
Eritrea,ERI,2013,,14.049999
Eritrea,ERI,2014,,13.84
Eritrea,ERI,2015,,13.63
Eritrea,ERI,2016,,13.63
Eritrea,ERI,2017,,13.63
Eritrea,ERI,2018,,13.63
Eritrea,ERI,2019,,13.63
Eritrea,ERI,2020,,13.63
Eritrea,ERI,2021,,13.63
Eritrea,ERI,2022,13.63,13.63
Eritrea,ERI,2023,13.63,13.63
Estonia,EST,1980,,4.4
Estonia,EST,1981,,4.4
Estonia,EST,1982,,4.4
Estonia,EST,1983,,4.4
Estonia,EST,1984,,4.4
Estonia,EST,1985,,4.4
Estonia,EST,1986,,4.4
Estonia,EST,1987,,4.4
Estonia,EST,1988,4.4,4.4
Estonia,EST,1989,,6.46
Estonia,EST,1990,,8.7
Estonia,EST,1991,,10.97
Estonia,EST,1992,,10.360001
Estonia,EST,1993,,11.88
Estonia,EST,1994,,12.05
Estonia,EST,1995,,13.349999
Estonia,EST,1996,,15.14
Estonia,EST,1997,,14.990001
Estonia,EST,1998,,14.01
Estonia,EST,1999,14.679999,14.679999
Estonia,EST,2000,14.679999,14.679999
Estonia,EST,2001,14.599999,14.599999
Estonia,EST,2002,16.35,16.35
Estonia,EST,2003,16.09,16.09
Estonia,EST,2004,16.04,16.04
Estonia,EST,2005,19.24,19.24
Estonia,EST,2006,15.51,15.51
Estonia,EST,2007,15.809999,15.809999
Estonia,EST,2008,13.009999,13.009999
Estonia,EST,2009,9.49,9.49
Estonia,EST,2010,11.13,11.13
Estonia,EST,2011,12.74,12.74
Estonia,EST,2012,14.7300005,14.7300005
Estonia,EST,2013,12.91,12.91
Estonia,EST,2014,13.13,13.13
Estonia,EST,2015,11.1,11.1
Estonia,EST,2016,11.16,11.16
Estonia,EST,2017,12.32,12.32
Estonia,EST,2018,12.82,12.82
Estonia,EST,2019,,12.219999
Estonia,EST,2020,,12.639999
Estonia,EST,2021,,12.610001
Estonia,EST,2022,12.559999,12.559999
Estonia,EST,2023,12.52,12.52
Eswatini,SWZ,1980,,21.63
Eswatini,SWZ,1981,,21.93
Eswatini,SWZ,1982,,21.69
Eswatini,SWZ,1983,,21.67
Eswatini,SWZ,1984,,21.94
Eswatini,SWZ,1985,,21.55
Eswatini,SWZ,1986,,21.539999
Eswatini,SWZ,1987,,21.51
Eswatini,SWZ,1988,,21.67
Eswatini,SWZ,1989,,21.9
Eswatini,SWZ,1990,,21.76
Eswatini,SWZ,1991,,21.51
Eswatini,SWZ,1992,,21.5
Eswatini,SWZ,1993,,21.529999
Eswatini,SWZ,1994,21.539999,21.539999
Eswatini,SWZ,1995,,21.6
Eswatini,SWZ,1996,,21.52
Eswatini,SWZ,1997,,21.64
Eswatini,SWZ,1998,,21.52
Eswatini,SWZ,1999,,21.76
Eswatini,SWZ,2000,21.48,21.48
Eswatini,SWZ,2001,,21.199999
Eswatini,SWZ,2002,,20.78
Eswatini,SWZ,2003,,20.47
Eswatini,SWZ,2004,,20.08
Eswatini,SWZ,2005,,19.66
Eswatini,SWZ,2006,,19.320002
Eswatini,SWZ,2007,,18.98
Eswatini,SWZ,2008,,18.57
Eswatini,SWZ,2009,18.199999,18.199999
Eswatini,SWZ,2010,,18.34
Eswatini,SWZ,2011,,18.539999
Eswatini,SWZ,2012,,18.64
Eswatini,SWZ,2013,,18.83
Eswatini,SWZ,2014,,18.92
Eswatini,SWZ,2015,,19.18
Eswatini,SWZ,2016,19.210001,19.210001
Eswatini,SWZ,2017,,19.210001
Eswatini,SWZ,2018,,19.210001
Eswatini,SWZ,2019,,19.210001
Eswatini,SWZ,2020,,19.33
Eswatini,SWZ,2021,,19.220001
Eswatini,SWZ,2022,19.210001,19.210001
Eswatini,SWZ,2023,19.220001,19.220001
Ethiopia,ETH,1980,,30.95
Ethiopia,ETH,1981,31.310001,31.310001
Ethiopia,ETH,1982,,31.41
Ethiopia,ETH,1983,,29.62
Ethiopia,ETH,1984,,29.640001
Ethiopia,ETH,1985,,29.750002
Ethiopia,ETH,1986,,33.05
Ethiopia,ETH,1987,,31.52
Ethiopia,ETH,1988,,31.23
Ethiopia,ETH,1989,,29.44
Ethiopia,ETH,1990,,30.91
Ethiopia,ETH,1991,,29.730001
Ethiopia,ETH,1992,,29.42
Ethiopia,ETH,1993,,29.589998
Ethiopia,ETH,1994,,31.119999
Ethiopia,ETH,1995,31.310001,31.310001
Ethiopia,ETH,1996,,28.23
Ethiopia,ETH,1997,,21.43
Ethiopia,ETH,1998,,17.34
Ethiopia,ETH,1999,13.28,13.28
Ethiopia,ETH,2000,,13.58
Ethiopia,ETH,2001,,13.91
Ethiopia,ETH,2002,,14.290001
Ethiopia,ETH,2003,,14.820001
Ethiopia,ETH,2004,14.81,14.81
Ethiopia,ETH,2005,14.990001,14.990001
Ethiopia,ETH,2006,,14.94
Ethiopia,ETH,2007,,14.740001
Ethiopia,ETH,2008,,14.72
Ethiopia,ETH,2009,,14.71
Ethiopia,ETH,2010,14.759999,14.759999
Ethiopia,ETH,2011,,14.47
Ethiopia,ETH,2012,,14.32
Ethiopia,ETH,2013,,14.049999
Ethiopia,ETH,2014,,13.85
Ethiopia,ETH,2015,13.63,13.63
Ethiopia,ETH,2016,,13.63
Ethiopia,ETH,2017,,13.63
Ethiopia,ETH,2018,,13.63
Ethiopia,ETH,2019,,13.63
Ethiopia,ETH,2020,,13.63
Ethiopia,ETH,2021,,13.63
Ethiopia,ETH,2022,13.63,13.63
Ethiopia,ETH,2023,13.63,13.63
Europe (WID),,1820,21.64,21.64
Europe (WID),,1850,22.23,22.23
Europe (WID),,1880,21.97,21.97
Europe (WID),,1900,25.52,25.52
Europe (WID),,1910,25.55,25.55
Europe (WID),,1920,21.15,21.15
Europe (WID),,1930,15.49,15.49
Europe (WID),,1940,15.17,15.17
Europe (WID),,1950,11.16,11.16
Europe (WID),,1960,10.87,10.87
Europe (WID),,1970,9.12,9.12
Europe (WID),,1980,8.44,8.44
Europe (WID),,1981,8.17,8.17
Europe (WID),,1982,8.05,8.05
Europe (WID),,1983,8.120001,8.120001
Europe (WID),,1984,8.190001,8.190001
Europe (WID),,1985,8.22,8.22
Europe (WID),,1986,8.74,8.74
Europe (WID),,1987,8.79,8.79
Europe (WID),,1988,9.12,9.12
Europe (WID),,1989,9.42,9.42
Europe (WID),,1990,9.39,9.39
Europe (WID),,1991,9.54,9.54
Europe (WID),,1992,9.47,9.47
Europe (WID),,1993,9.570001,9.570001
Europe (WID),,1994,10.01,10.01
Europe (WID),,1995,10.19,10.19
Europe (WID),,1996,10.7,10.7
Europe (WID),,1997,10.97,10.97
Europe (WID),,1998,11.58,11.58
Europe (WID),,1999,11.429999,11.429999
Europe (WID),,2000,11.55,11.55
Europe (WID),,2001,11.18,11.18
Europe (WID),,2002,11.13,11.13
Europe (WID),,2003,11.35,11.35
Europe (WID),,2004,11.62,11.62
Europe (WID),,2005,12.21,12.21
Europe (WID),,2006,12.620001,12.620001
Europe (WID),,2007,13.150001,13.150001
Europe (WID),,2008,12.37,12.37
Europe (WID),,2009,12.02,12.02
Europe (WID),,2010,11.76,11.76
Europe (WID),,2011,12.11,12.11
Europe (WID),,2012,11.900001,11.900001
Europe (WID),,2013,12,12
Europe (WID),,2014,12.32,12.32
Europe (WID),,2015,12.23,12.23
Europe (WID),,2016,12.219999,12.219999
Europe (WID),,2017,12.610001,12.610001
Europe (WID),,2018,12.65,12.65
Europe (WID),,2019,12.29,12.29
Europe (WID),,2020,12.690001,12.690001
Europe (WID),,2021,12.68,12.68
Europe (WID),,2022,12.6,12.6
Europe (WID),,2023,12.49,12.49
European Union (WID),,1980,8.4,8.4
European Union (WID),,1981,8.030001,8.030001
European Union (WID),,1982,8,8
European Union (WID),,1983,8.08,8.08
European Union (WID),,1984,8.120001,8.120001
European Union (WID),,1985,8.110001,8.110001
European Union (WID),,1986,8.7,8.7
European Union (WID),,1987,8.8,8.8
European Union (WID),,1988,9.17,9.17
European Union (WID),,1989,9.440001,9.440001
European Union (WID),,1990,9.41,9.41
European Union (WID),,1991,9.4,9.4
European Union (WID),,1992,9.33,9.33
European Union (WID),,1993,9.440001,9.440001
European Union (WID),,1994,9.86,9.86
European Union (WID),,1995,10.059999,10.059999
European Union (WID),,1996,10.58,10.58
European Union (WID),,1997,10.82,10.82
European Union (WID),,1998,11.55,11.55
European Union (WID),,1999,11.29,11.29
European Union (WID),,2000,11.34,11.34
European Union (WID),,2001,11.110001,11.110001
European Union (WID),,2002,11.01,11.01
European Union (WID),,2003,11.12,11.12
European Union (WID),,2004,11.469999,11.469999
European Union (WID),,2005,12.030001,12.030001
European Union (WID),,2006,12.5,12.5
European Union (WID),,2007,13.070001,13.070001
European Union (WID),,2008,12.37,12.37
European Union (WID),,2009,11.96,11.96
European Union (WID),,2010,11.62,11.62
European Union (WID),,2011,11.9800005,11.9800005
European Union (WID),,2012,11.82,11.82
European Union (WID),,2013,12.01,12.01
European Union (WID),,2014,12.2,12.2
European Union (WID),,2015,12.17,12.17
European Union (WID),,2016,12.16,12.16
European Union (WID),,2017,12.549999,12.549999
European Union (WID),,2018,12.610001,12.610001
European Union (WID),,2019,12.2699995,12.2699995
European Union (WID),,2020,12.74,12.74
European Union (WID),,2021,12.620001,12.620001
European Union (WID),,2022,12.67,12.67
European Union (WID),,2023,12.57,12.57
Fiji,FJI,1980,8.81,8.81
Fiji,FJI,1981,8.95,8.95
Fiji,FJI,1982,9.099999,9.099999
Fiji,FJI,1983,9.25,9.25
Fiji,FJI,1984,9.4,9.4
Fiji,FJI,1985,9.55,9.55
Fiji,FJI,1986,9.71,9.71
Fiji,FJI,1987,9.87,9.87
Fiji,FJI,1988,10.03,10.03
Fiji,FJI,1989,10.2,10.2
Fiji,FJI,1990,10.37,10.37
Fiji,FJI,1991,10.65,10.65
Fiji,FJI,1992,10.91,10.91
Fiji,FJI,1993,11.17,11.17
Fiji,FJI,1994,11.42,11.42
Fiji,FJI,1995,11.66,11.66
Fiji,FJI,1996,11.89,11.89
Fiji,FJI,1997,12.12,12.12
Fiji,FJI,1998,12.34,12.34
Fiji,FJI,1999,12.549999,12.549999
Fiji,FJI,2000,12.76,12.76
Fiji,FJI,2001,13.14,13.14
Fiji,FJI,2002,13.51,13.51
Fiji,FJI,2003,13.879999,13.879999
Fiji,FJI,2004,14.23,14.23
Fiji,FJI,2005,14.58,14.58
Fiji,FJI,2006,14.920001,14.920001
Fiji,FJI,2007,15.25,15.25
Fiji,FJI,2008,15.57,15.57
Fiji,FJI,2009,15.889999,15.889999
Fiji,FJI,2010,16.2,16.2
Fiji,FJI,2011,16.18,16.18
Fiji,FJI,2012,16.16,16.16
Fiji,FJI,2013,16.140001,16.140001
Fiji,FJI,2014,16.12,16.12
Fiji,FJI,2015,16.11,16.11
Fiji,FJI,2016,16.09,16.09
Fiji,FJI,2017,16.07,16.07
Fiji,FJI,2018,16.060001,16.060001
Fiji,FJI,2019,16.050001,16.050001
Fiji,FJI,2020,16.03,16.03
Fiji,FJI,2021,16.03,16.03
Fiji,FJI,2022,16.03,16.03
Fiji,FJI,2023,16.03,16.03
Finland,FIN,1980,6.3900003,6.3900003
Finland,FIN,1981,5.44,5.44
Finland,FIN,1982,5.2000003,5.2000003
Finland,FIN,1983,5.3199997,5.3199997
Finland,FIN,1984,6.06,6.06
Finland,FIN,1985,5.6000004,5.6000004
Finland,FIN,1986,5.31,5.31
Finland,FIN,1987,6.57,6.57
Finland,FIN,1988,6.6699996,6.6699996
Finland,FIN,1989,5.77,5.77
Finland,FIN,1990,4.5099998,4.5099998
Finland,FIN,1991,3.74,3.74
Finland,FIN,1992,3.6100001,3.6100001
Finland,FIN,1993,4.81,4.81
Finland,FIN,1994,7.13,7.13
Finland,FIN,1995,8.79,8.79
Finland,FIN,1996,9.24,9.24
Finland,FIN,1997,10.87,10.87
Finland,FIN,1998,11.599999,11.599999
Finland,FIN,1999,12.559999,12.559999
Finland,FIN,2000,13.339999,13.339999
Finland,FIN,2001,14.07,14.07
Finland,FIN,2002,12.59,12.59
Finland,FIN,2003,11.95,11.95
Finland,FIN,2004,12.96,12.96
Finland,FIN,2005,10.76,10.76
Finland,FIN,2006,11.63,11.63
Finland,FIN,2007,11.54,11.54
Finland,FIN,2008,11.16,11.16
Finland,FIN,2009,8.91,8.91
Finland,FIN,2010,9.45,9.45
Finland,FIN,2011,9.33,9.33
Finland,FIN,2012,8.64,8.64
Finland,FIN,2013,8.63,8.63
Finland,FIN,2014,8.99,8.99
Finland,FIN,2015,9.4800005,9.4800005
Finland,FIN,2016,9.51,9.51
Finland,FIN,2017,10.8,10.8
Finland,FIN,2018,,10.39
Finland,FIN,2019,,10.559999
Finland,FIN,2020,,10.96
Finland,FIN,2021,,11.429999
Finland,FIN,2022,11.27,11.27
Finland,FIN,2023,11.2300005,11.2300005
France,FRA,1820,,20.4
France,FRA,1850,,21.6
France,FRA,1880,,19.1
France,FRA,1900,,22.050001
France,FRA,1910,22.949999,22.949999
France,FRA,1915,19.83,19.83
France,FRA,1916,22.84,22.84
France,FRA,1917,22.6,22.6
France,FRA,1918,20.09,20.09
France,FRA,1919,20.95,20.95
France,FRA,1920,20.07,20.07
France,FRA,1921,19.130001,19.130001
France,FRA,1922,20.94,20.94
France,FRA,1923,23.27,23.27
France,FRA,1924,21.58,21.58
France,FRA,1925,20.960001,20.960001
France,FRA,1926,20.56,20.56
France,FRA,1927,21.259998,21.259998
France,FRA,1928,21.39,21.39
France,FRA,1929,20.02,20.02
France,FRA,1930,17.24,17.24
France,FRA,1931,16.46,16.46
France,FRA,1932,16.869999,16.869999
France,FRA,1933,17.66,17.66
France,FRA,1934,17.640001,17.640001
France,FRA,1935,18.39,18.39
France,FRA,1936,17.3,17.3
France,FRA,1937,17.45,17.45
France,FRA,1938,16.52,16.52
France,FRA,1939,16.41,16.41
France,FRA,1940,16.779999,16.779999
France,FRA,1941,16.02,16.02
France,FRA,1942,14.650001,14.650001
France,FRA,1943,11.83,11.83
France,FRA,1944,9.98,9.98
France,FRA,1945,8.47,8.47
France,FRA,1946,10.43,10.43
France,FRA,1947,10.71,10.71
France,FRA,1948,9.91,9.91
France,FRA,1949,10.27,10.27
France,FRA,1950,10.34,10.34
France,FRA,1951,10.7,10.7
France,FRA,1952,10.96,10.96
France,FRA,1953,10.84,10.84
France,FRA,1954,11.05,11.05
France,FRA,1955,11.26,11.26
France,FRA,1956,10.96,10.96
France,FRA,1957,11.2300005,11.2300005
France,FRA,1958,10.360001,10.360001
France,FRA,1959,11.22,11.22
France,FRA,1960,11.46,11.46
France,FRA,1961,11.57,11.57
France,FRA,1962,10.94,10.94
France,FRA,1963,10.73,10.73
France,FRA,1964,10.84,10.84
France,FRA,1965,10.94,10.94
France,FRA,1966,10.73,10.73
France,FRA,1967,10.71,10.71
France,FRA,1968,10.16,10.16
France,FRA,1969,9.9,9.9
France,FRA,1970,9.660001,9.660001
France,FRA,1971,9.67,9.67
France,FRA,1972,9.5,9.5
France,FRA,1973,10.09,10.09
France,FRA,1974,9.74,9.74
France,FRA,1975,9.11,9.11
France,FRA,1976,9.099999,9.099999
France,FRA,1977,8.53,8.53
France,FRA,1978,8.2699995,8.2699995
France,FRA,1979,8.56,8.56
France,FRA,1980,7.53,7.53
France,FRA,1981,7.43,7.43
France,FRA,1982,6.99,6.99
France,FRA,1983,6.9799995,6.9799995
France,FRA,1984,7.0299997,7.0299997
France,FRA,1985,7.3700004,7.3700004
France,FRA,1986,8.110001,8.110001
France,FRA,1987,8.150001,8.150001
France,FRA,1988,8.34,8.34
France,FRA,1989,8.95,8.95
France,FRA,1990,9.01,9.01
France,FRA,1991,9.099999,9.099999
France,FRA,1992,8.77,8.77
France,FRA,1993,8.63,8.63
France,FRA,1994,9.32,9.32
France,FRA,1995,9.34,9.34
France,FRA,1996,10.400001,10.400001
France,FRA,1997,10.62,10.62
France,FRA,1998,11.57,11.57
France,FRA,1999,11.389999,11.389999
France,FRA,2000,11.31,11.31
France,FRA,2001,11.46,11.46
France,FRA,2002,11.2300005,11.2300005
France,FRA,2003,11.48,11.48
France,FRA,2004,11.7,11.7
France,FRA,2005,11.84,11.84
France,FRA,2006,11.5199995,11.5199995
France,FRA,2007,12.29,12.29
France,FRA,2008,12.34,12.34
France,FRA,2009,10.37,10.37
France,FRA,2010,11,11
France,FRA,2011,11.48,11.48
France,FRA,2012,10.25,10.25
France,FRA,2013,9.63,9.63
France,FRA,2014,9.79,9.79
France,FRA,2015,10.38,10.38
France,FRA,2016,10.42,10.42
France,FRA,2017,10.76,10.76
France,FRA,2018,11.97,11.97
France,FRA,2019,,11.45
France,FRA,2020,,11.55
France,FRA,2021,,12.700001
France,FRA,2022,12.07,12.07
France,FRA,2023,12.13,12.13
French Polynesia,PYF,1980,8.81,8.81
French Polynesia,PYF,1981,8.95,8.95
French Polynesia,PYF,1982,9.099999,9.099999
French Polynesia,PYF,1983,9.25,9.25
French Polynesia,PYF,1984,9.4,9.4
French Polynesia,PYF,1985,9.55,9.55
French Polynesia,PYF,1986,9.71,9.71
French Polynesia,PYF,1987,9.87,9.87
French Polynesia,PYF,1988,10.03,10.03
French Polynesia,PYF,1989,10.2,10.2
French Polynesia,PYF,1990,10.37,10.37
French Polynesia,PYF,1991,10.65,10.65
French Polynesia,PYF,1992,10.91,10.91
French Polynesia,PYF,1993,11.17,11.17
French Polynesia,PYF,1994,11.42,11.42
French Polynesia,PYF,1995,11.66,11.66
French Polynesia,PYF,1996,11.89,11.89
French Polynesia,PYF,1997,12.12,12.12
French Polynesia,PYF,1998,12.34,12.34
French Polynesia,PYF,1999,12.549999,12.549999
French Polynesia,PYF,2000,12.76,12.76
French Polynesia,PYF,2001,13.14,13.14
French Polynesia,PYF,2002,13.51,13.51
French Polynesia,PYF,2003,13.879999,13.879999
French Polynesia,PYF,2004,14.23,14.23
French Polynesia,PYF,2005,14.58,14.58
French Polynesia,PYF,2006,14.920001,14.920001
French Polynesia,PYF,2007,15.25,15.25
French Polynesia,PYF,2008,15.57,15.57
French Polynesia,PYF,2009,15.889999,15.889999
French Polynesia,PYF,2010,16.2,16.2
French Polynesia,PYF,2011,16.18,16.18
French Polynesia,PYF,2012,16.16,16.16
French Polynesia,PYF,2013,16.140001,16.140001
French Polynesia,PYF,2014,16.12,16.12
French Polynesia,PYF,2015,16.11,16.11
French Polynesia,PYF,2016,16.09,16.09
French Polynesia,PYF,2017,16.07,16.07
French Polynesia,PYF,2018,16.060001,16.060001
French Polynesia,PYF,2019,16.050001,16.050001
French Polynesia,PYF,2020,16.03,16.03
French Polynesia,PYF,2021,16.03,16.03
French Polynesia,PYF,2022,16.03,16.03
French Polynesia,PYF,2023,16.03,16.03
Gabon,GAB,1980,,17.35
Gabon,GAB,1981,,17.02
Gabon,GAB,1982,,17.08
Gabon,GAB,1983,,17.15
Gabon,GAB,1984,,16.97
Gabon,GAB,1985,,16.97
Gabon,GAB,1986,,17.08
Gabon,GAB,1987,,16.98
Gabon,GAB,1988,,17.06
Gabon,GAB,1989,,17.02
Gabon,GAB,1990,,17.58
Gabon,GAB,1991,,17.380001
Gabon,GAB,1992,,17.16
Gabon,GAB,1993,,17.48
Gabon,GAB,1994,,17
Gabon,GAB,1995,,17.08
Gabon,GAB,1996,,17.06
Gabon,GAB,1997,,17.51
Gabon,GAB,1998,,17.13
Gabon,GAB,1999,,17.19
Gabon,GAB,2000,,17.16
Gabon,GAB,2001,,17.06
Gabon,GAB,2002,,17.05
Gabon,GAB,2003,,17.06
Gabon,GAB,2004,,16.99
Gabon,GAB,2005,17.06,17.06
Gabon,GAB,2006,,16.5
Gabon,GAB,2007,,15.96
Gabon,GAB,2008,,15.449999
Gabon,GAB,2009,,15.14
Gabon,GAB,2010,,14.45
Gabon,GAB,2011,,13.93
Gabon,GAB,2012,,13.420001
Gabon,GAB,2013,,12.92
Gabon,GAB,2014,,12.47
Gabon,GAB,2015,,11.91
Gabon,GAB,2016,,11.42
Gabon,GAB,2017,10.9,10.9
Gabon,GAB,2018,,10.89
Gabon,GAB,2019,,10.89
Gabon,GAB,2020,,10.9
Gabon,GAB,2021,,10.91
Gabon,GAB,2022,10.89,10.89
Gabon,GAB,2023,10.89,10.89
Gambia,GMB,1980,,18.539999
Gambia,GMB,1981,,18.6
Gambia,GMB,1982,,18.76
Gambia,GMB,1983,,18.59
Gambia,GMB,1984,,18.52
Gambia,GMB,1985,,18.66
Gambia,GMB,1986,,18.48
Gambia,GMB,1987,,18.51
Gambia,GMB,1988,,18.48
Gambia,GMB,1989,,18.51
Gambia,GMB,1990,,18.52
Gambia,GMB,1991,,18.5
Gambia,GMB,1992,18.48,18.48
Gambia,GMB,1993,,18.49
Gambia,GMB,1994,,18.48
Gambia,GMB,1995,,18.64
Gambia,GMB,1996,,18.48
Gambia,GMB,1997,,18.55
Gambia,GMB,1998,18.55,18.55
Gambia,GMB,1999,,18.82
Gambia,GMB,2000,,19.17
Gambia,GMB,2001,,19.49
Gambia,GMB,2002,,19.84
Gambia,GMB,2003,20.36,20.36
Gambia,GMB,2004,,20.5
Gambia,GMB,2005,,20.44
Gambia,GMB,2006,,20.78
Gambia,GMB,2007,,20.730001
Gambia,GMB,2008,,20.86
Gambia,GMB,2009,,21.01
Gambia,GMB,2010,21.13,21.13
Gambia,GMB,2011,,19.58
Gambia,GMB,2012,,18.13
Gambia,GMB,2013,,16.48
Gambia,GMB,2014,,14.929999
Gambia,GMB,2015,13.39,13.39
Gambia,GMB,2016,,13.85
Gambia,GMB,2017,,14.309999
Gambia,GMB,2018,,14.78
Gambia,GMB,2019,,15.24
Gambia,GMB,2020,,15.700001
Gambia,GMB,2021,,15.700001
Gambia,GMB,2022,15.700001,15.700001
Gambia,GMB,2023,15.700001,15.700001
Georgia,GEO,1980,,18.33
Georgia,GEO,1981,,18.33
Georgia,GEO,1982,,18.33
Georgia,GEO,1983,,18.33
Georgia,GEO,1984,,18.33
Georgia,GEO,1985,,18.33
Georgia,GEO,1986,,18.33
Georgia,GEO,1987,,18.33
Georgia,GEO,1988,,18.33
Georgia,GEO,1989,,18.33
Georgia,GEO,1990,,18.33
Georgia,GEO,1991,,18.33
Georgia,GEO,1992,,18.33
Georgia,GEO,1993,,18.33
Georgia,GEO,1994,,18.33
Georgia,GEO,1995,,18.33
Georgia,GEO,1996,,18.33
Georgia,GEO,1997,19.04,19.04
Georgia,GEO,1998,27.17,27.17
Georgia,GEO,1999,20.039999,20.039999
Georgia,GEO,2000,19.56,19.56
Georgia,GEO,2001,20.05,20.05
Georgia,GEO,2002,18.01,18.01
Georgia,GEO,2003,17.05,17.05
Georgia,GEO,2004,17.05,17.05
Georgia,GEO,2005,18.65,18.65
Georgia,GEO,2006,18.13,18.13
Georgia,GEO,2007,20.890001,20.890001
Georgia,GEO,2008,19.8,19.8
Georgia,GEO,2009,18.02,18.02
Georgia,GEO,2010,19.02,19.02
Georgia,GEO,2011,24.22,24.22
Georgia,GEO,2012,19.89,19.89
Georgia,GEO,2013,19.82,19.82
Georgia,GEO,2014,23.99,23.99
Georgia,GEO,2015,20.890001,20.890001
Georgia,GEO,2016,27.2,27.2
Georgia,GEO,2017,24.699999,24.699999
Georgia,GEO,2018,21.92,21.92
Georgia,GEO,2019,,21.31
Georgia,GEO,2020,,20.52
Georgia,GEO,2021,,18.33
Georgia,GEO,2022,18.33,18.33
Georgia,GEO,2023,18.33,18.33
Germany,DEU,1820,,17.69
Germany,DEU,1850,,18.08
Germany,DEU,1880,,17.45
Germany,DEU,1900,,22.44
Germany,DEU,1910,,21.4
Germany,DEU,1920,,21.85
Germany,DEU,1930,,12.49
Germany,DEU,1940,,15.74
Germany,DEU,1950,,10.78
Germany,DEU,1960,,11.429999
Germany,DEU,1970,,10.22
Germany,DEU,1980,,11.22
Germany,DEU,1981,9.72,9.72
Germany,DEU,1982,9.38,9.38
Germany,DEU,1983,9.94,9.94
Germany,DEU,1984,9.63,9.63
Germany,DEU,1985,9.29,9.29
Germany,DEU,1986,10.52,10.52
Germany,DEU,1987,10.4800005,10.4800005
Germany,DEU,1988,11.21,11.21
Germany,DEU,1989,11.89,11.89
Germany,DEU,1990,11.41,11.41
Germany,DEU,1991,10.11,10.11
Germany,DEU,1992,9.58,9.58
Germany,DEU,1993,9.11,9.11
Germany,DEU,1994,9.07,9.07
Germany,DEU,1995,9.099999,9.099999
Germany,DEU,1996,9.87,9.87
Germany,DEU,1997,9.96,9.96
Germany,DEU,1998,11.469999,11.469999
Germany,DEU,1999,11.27,11.27
Germany,DEU,2000,11.09,11.09
Germany,DEU,2001,9.99,9.99
Germany,DEU,2002,9.82,9.82
Germany,DEU,2003,9.21,9.21
Germany,DEU,2004,10.400001,10.400001
Germany,DEU,2005,11.96,11.96
Germany,DEU,2006,12.73,12.73
Germany,DEU,2007,13.91,13.91
Germany,DEU,2008,13.75,13.75
Germany,DEU,2009,13.36,13.36
Germany,DEU,2010,12.59,12.59
Germany,DEU,2011,12.83,12.83
Germany,DEU,2012,12.259999,12.259999
Germany,DEU,2013,12.9,12.9
Germany,DEU,2014,12.94,12.94
Germany,DEU,2015,12.99,12.99
Germany,DEU,2016,12.9,12.9
Germany,DEU,2017,13.6,13.6
Germany,DEU,2018,,13.0199995
Germany,DEU,2019,,12.860001
Germany,DEU,2020,,12.91
Germany,DEU,2021,,12.860001
Germany,DEU,2022,12.76,12.76
Germany,DEU,2023,12.720001,12.720001
Ghana,GHA,1980,,13.63
Ghana,GHA,1981,,13.889999
Ghana,GHA,1982,,13.789999
Ghana,GHA,1983,,14.049999
Ghana,GHA,1984,,13.66
Ghana,GHA,1985,,13.61
Ghana,GHA,1986,,13.68
Ghana,GHA,1987,13.6,13.6
Ghana,GHA,1988,,13.93
Ghana,GHA,1989,,13.950001
Ghana,GHA,1990,,13.809999
Ghana,GHA,1991,13.56,13.56
Ghana,GHA,1992,,13.56
Ghana,GHA,1993,,13.160001
Ghana,GHA,1994,,13.73
Ghana,GHA,1995,,13.05
Ghana,GHA,1996,,12.66
Ghana,GHA,1997,,12.29
Ghana,GHA,1998,,12.349999
Ghana,GHA,1999,,12.639999
Ghana,GHA,2000,,13.179999
Ghana,GHA,2001,,13.68
Ghana,GHA,2002,,14.33
Ghana,GHA,2003,,15.11
Ghana,GHA,2004,,15.32
Ghana,GHA,2005,15.719999,15.719999
Ghana,GHA,2006,,15.620001
Ghana,GHA,2007,,15.35
Ghana,GHA,2008,,15.11
Ghana,GHA,2009,,14.920001
Ghana,GHA,2010,,14.78
Ghana,GHA,2011,,14.4800005
Ghana,GHA,2012,14.26,14.26
Ghana,GHA,2013,,14.4800005
Ghana,GHA,2014,,14.72
Ghana,GHA,2015,,14.920001
Ghana,GHA,2016,15.14,15.14
Ghana,GHA,2017,,15.11
Ghana,GHA,2018,,15.09
Ghana,GHA,2019,,15.080001
Ghana,GHA,2020,,15.080001
Ghana,GHA,2021,,15.14
Ghana,GHA,2022,15.080001,15.080001
Ghana,GHA,2023,15.080001,15.080001
Gibraltar,GIB,1980,9.08,9.08
Gibraltar,GIB,1981,9.049999,9.049999
Gibraltar,GIB,1982,9.0199995,9.0199995
Gibraltar,GIB,1983,9.13,9.13
Gibraltar,GIB,1984,9.34,9.34
Gibraltar,GIB,1985,9.37,9.37
Gibraltar,GIB,1986,9.34,9.34
Gibraltar,GIB,1987,9.2699995,9.2699995
Gibraltar,GIB,1988,9.33,9.33
Gibraltar,GIB,1989,9.43,9.43
Gibraltar,GIB,1990,9.22,9.22
Gibraltar,GIB,1991,9.139999,9.139999
Gibraltar,GIB,1992,9.51,9.51
Gibraltar,GIB,1993,9.63,9.63
Gibraltar,GIB,1994,10.07,10.07
Gibraltar,GIB,1995,9.75,9.75
Gibraltar,GIB,1996,10.08,10.08
Gibraltar,GIB,1997,10.679999,10.679999
Gibraltar,GIB,1998,10.809999,10.809999
Gibraltar,GIB,1999,10.88,10.88
Gibraltar,GIB,2000,11.3,11.3
Gibraltar,GIB,2001,10.86,10.86
Gibraltar,GIB,2002,10.5,10.5
Gibraltar,GIB,2003,10.75,10.75
Gibraltar,GIB,2004,11.16,11.16
Gibraltar,GIB,2005,11.34,11.34
Gibraltar,GIB,2006,12,12
Gibraltar,GIB,2007,11.9800005,11.9800005
Gibraltar,GIB,2008,10.78,10.78
Gibraltar,GIB,2009,9.88,9.88
Gibraltar,GIB,2010,10.93,10.93
Gibraltar,GIB,2011,10.88,10.88
Gibraltar,GIB,2012,10.25,10.25
Gibraltar,GIB,2013,10.400001,10.400001
Gibraltar,GIB,2014,10.849999,10.849999
Gibraltar,GIB,2015,10.66,10.66
Gibraltar,GIB,2016,10.7699995,10.7699995
Gibraltar,GIB,2017,10.78,10.78
Gibraltar,GIB,2018,10.83,10.83
Gibraltar,GIB,2019,10.49,10.49
Gibraltar,GIB,2020,10.58,10.58
Gibraltar,GIB,2021,11.4,11.4
Gibraltar,GIB,2022,11.5,11.5
Gibraltar,GIB,2023,11.5,11.5
Greece,GRC,1980,9.95,9.95
Greece,GRC,1981,10.1,10.1
Greece,GRC,1982,9.58,9.58
Greece,GRC,1983,8.91,8.91
Greece,GRC,1984,8.93,8.93
Greece,GRC,1985,9.24,9.24
Greece,GRC,1986,9.38,9.38
Greece,GRC,1987,9.049999,9.049999
Greece,GRC,1988,9.19,9.19
Greece,GRC,1989,9.11,9.11
Greece,GRC,1990,9.22,9.22
Greece,GRC,1991,9.35,9.35
Greece,GRC,1992,9.16,9.16
Greece,GRC,1993,9.38,9.38
Greece,GRC,1994,9.64,9.64
Greece,GRC,1995,9.84,9.84
Greece,GRC,1996,10.17,10.17
Greece,GRC,1997,11.63,11.63
Greece,GRC,1998,12.16,12.16
Greece,GRC,1999,13.21,13.21
Greece,GRC,2000,12.6,12.6
Greece,GRC,2001,12.610001,12.610001
Greece,GRC,2002,11.1,11.1
Greece,GRC,2003,10.83,10.83
Greece,GRC,2004,11.49,11.49
Greece,GRC,2005,11.45,11.45
Greece,GRC,2006,11.41,11.41
Greece,GRC,2007,10.61,10.61
Greece,GRC,2008,8.8,8.8
Greece,GRC,2009,8.34,8.34
Greece,GRC,2010,8.81,8.81
Greece,GRC,2011,7.28,7.28
Greece,GRC,2012,7.8199997,7.8199997
Greece,GRC,2013,9.96,9.96
Greece,GRC,2014,12.92,12.92
Greece,GRC,2015,12.259999,12.259999
Greece,GRC,2016,11.389999,11.389999
Greece,GRC,2017,11.57,11.57
Greece,GRC,2018,,11.44
Greece,GRC,2019,,11.95
Greece,GRC,2020,,10.9800005
Greece,GRC,2021,,12.28
Greece,GRC,2022,14.24,14.24
Greece,GRC,2023,14.33,14.33
Greenland,GRL,1980,8.81,8.81
Greenland,GRL,1981,8.95,8.95
Greenland,GRL,1982,9.099999,9.099999
Greenland,GRL,1983,9.25,9.25
Greenland,GRL,1984,9.4,9.4
Greenland,GRL,1985,9.55,9.55
Greenland,GRL,1986,9.71,9.71
Greenland,GRL,1987,9.87,9.87
Greenland,GRL,1988,10.03,10.03
Greenland,GRL,1989,10.2,10.2
Greenland,GRL,1990,10.37,10.37
Greenland,GRL,1991,10.65,10.65
Greenland,GRL,1992,10.91,10.91
Greenland,GRL,1993,11.17,11.17
Greenland,GRL,1994,11.42,11.42
Greenland,GRL,1995,11.66,11.66
Greenland,GRL,1996,11.89,11.89
Greenland,GRL,1997,12.12,12.12
Greenland,GRL,1998,12.34,12.34
Greenland,GRL,1999,12.549999,12.549999
Greenland,GRL,2000,12.76,12.76
Greenland,GRL,2001,13.14,13.14
Greenland,GRL,2002,13.51,13.51
Greenland,GRL,2003,13.879999,13.879999
Greenland,GRL,2004,14.23,14.23
Greenland,GRL,2005,14.58,14.58
Greenland,GRL,2006,14.920001,14.920001
Greenland,GRL,2007,15.25,15.25
Greenland,GRL,2008,15.57,15.57
Greenland,GRL,2009,15.889999,15.889999
Greenland,GRL,2010,16.2,16.2
Greenland,GRL,2011,16.18,16.18
Greenland,GRL,2012,16.16,16.16
Greenland,GRL,2013,16.140001,16.140001
Greenland,GRL,2014,16.12,16.12
Greenland,GRL,2015,16.11,16.11
Greenland,GRL,2016,16.09,16.09
Greenland,GRL,2017,16.07,16.07
Greenland,GRL,2018,16.060001,16.060001
Greenland,GRL,2019,16.050001,16.050001
Greenland,GRL,2020,16.03,16.03
Greenland,GRL,2021,16.03,16.03
Greenland,GRL,2022,16.03,16.03
Greenland,GRL,2023,16.03,16.03
Grenada,GRD,1980,23.75,23.75
Grenada,GRD,1981,23.64,23.64
Grenada,GRD,1982,23.53,23.53
Grenada,GRD,1983,23.42,23.42
Grenada,GRD,1984,23.31,23.31
Grenada,GRD,1985,23.19,23.19
Grenada,GRD,1986,23.07,23.07
Grenada,GRD,1987,22.949999,22.949999
Grenada,GRD,1988,22.83,22.83
Grenada,GRD,1989,22.71,22.71
Grenada,GRD,1990,22.58,22.58
Grenada,GRD,1991,22.57,22.57
Grenada,GRD,1992,22.550001,22.550001
Grenada,GRD,1993,22.54,22.54
Grenada,GRD,1994,22.53,22.53
Grenada,GRD,1995,22.52,22.52
Grenada,GRD,1996,22.51,22.51
Grenada,GRD,1997,22.5,22.5
Grenada,GRD,1998,22.490002,22.490002
Grenada,GRD,1999,22.480001,22.480001
Grenada,GRD,2000,22.470001,22.470001
Grenada,GRD,2001,22.310001,22.310001
Grenada,GRD,2002,22.16,22.16
Grenada,GRD,2003,22.02,22.02
Grenada,GRD,2004,21.89,21.89
Grenada,GRD,2005,21.76,21.76
Grenada,GRD,2006,21.64,21.64
Grenada,GRD,2007,21.529999,21.529999
Grenada,GRD,2008,21.42,21.42
Grenada,GRD,2009,21.31,21.31
Grenada,GRD,2010,21.21,21.21
Grenada,GRD,2011,21.199999,21.199999
Grenada,GRD,2012,21.199999,21.199999
Grenada,GRD,2013,21.199999,21.199999
Grenada,GRD,2014,21.199999,21.199999
Grenada,GRD,2015,21.189999,21.189999
Grenada,GRD,2016,21.189999,21.189999
Grenada,GRD,2017,21.189999,21.189999
Grenada,GRD,2018,21.18,21.18
Grenada,GRD,2019,21.18,21.18
Grenada,GRD,2020,21.199999,21.199999
Grenada,GRD,2021,21.199999,21.199999
Grenada,GRD,2022,21.199999,21.199999
Grenada,GRD,2023,21.199999,21.199999
Guatemala,GTM,1980,,19.03
Guatemala,GTM,1981,,19.03
Guatemala,GTM,1982,,19.03
Guatemala,GTM,1983,,19.03
Guatemala,GTM,1984,,19.03
Guatemala,GTM,1985,,19.03
Guatemala,GTM,1986,,19.03
Guatemala,GTM,1987,,19.03
Guatemala,GTM,1988,,19.03
Guatemala,GTM,1989,,19.03
Guatemala,GTM,1990,,19.03
Guatemala,GTM,1991,,19.03
Guatemala,GTM,1992,,19.03
Guatemala,GTM,1993,,19.03
Guatemala,GTM,1994,,19.03
Guatemala,GTM,1995,,19.03
Guatemala,GTM,1996,,19.03
Guatemala,GTM,1997,,19.03
Guatemala,GTM,1998,,19.03
Guatemala,GTM,1999,,19.03
Guatemala,GTM,2000,,19.03
Guatemala,GTM,2001,,19.84
Guatemala,GTM,2002,,19.28
Guatemala,GTM,2003,,20.43
Guatemala,GTM,2004,,19.99
Guatemala,GTM,2005,,19.300001
Guatemala,GTM,2006,,19.41
Guatemala,GTM,2007,,21.1
Guatemala,GTM,2008,,20.29
Guatemala,GTM,2009,,19.28
Guatemala,GTM,2010,,20.01
Guatemala,GTM,2011,,19.82
Guatemala,GTM,2012,,19.699999
Guatemala,GTM,2013,,20.57
Guatemala,GTM,2014,,20.460001
Guatemala,GTM,2015,,19.42
Guatemala,GTM,2016,,19.84
Guatemala,GTM,2017,,18.84
Guatemala,GTM,2018,,19.76
Guatemala,GTM,2019,,19.050001
Guatemala,GTM,2020,,20.43
Guatemala,GTM,2021,,18.92
Guatemala,GTM,2022,17.87,17.87
Guatemala,GTM,2023,17.87,17.87
Guernsey,GGY,1980,9.08,9.08
Guernsey,GGY,1981,9.049999,9.049999
Guernsey,GGY,1982,9.0199995,9.0199995
Guernsey,GGY,1983,9.13,9.13
Guernsey,GGY,1984,9.34,9.34
Guernsey,GGY,1985,9.37,9.37
Guernsey,GGY,1986,9.34,9.34
Guernsey,GGY,1987,9.2699995,9.2699995
Guernsey,GGY,1988,9.33,9.33
Guernsey,GGY,1989,9.43,9.43
Guernsey,GGY,1990,9.22,9.22
Guernsey,GGY,1991,9.139999,9.139999
Guernsey,GGY,1992,9.51,9.51
Guernsey,GGY,1993,9.63,9.63
Guernsey,GGY,1994,10.07,10.07
Guernsey,GGY,1995,9.75,9.75
Guernsey,GGY,1996,10.08,10.08
Guernsey,GGY,1997,10.679999,10.679999
Guernsey,GGY,1998,10.809999,10.809999
Guernsey,GGY,1999,10.88,10.88
Guernsey,GGY,2000,11.3,11.3
Guernsey,GGY,2001,10.86,10.86
Guernsey,GGY,2002,10.5,10.5
Guernsey,GGY,2003,10.75,10.75
Guernsey,GGY,2004,11.16,11.16
Guernsey,GGY,2005,11.34,11.34
Guernsey,GGY,2006,12,12
Guernsey,GGY,2007,11.9800005,11.9800005
Guernsey,GGY,2008,10.78,10.78
Guernsey,GGY,2009,9.88,9.88
Guernsey,GGY,2010,10.93,10.93
Guernsey,GGY,2011,10.88,10.88
Guernsey,GGY,2012,10.25,10.25
Guernsey,GGY,2013,10.400001,10.400001
Guernsey,GGY,2014,10.849999,10.849999
Guernsey,GGY,2015,10.66,10.66
Guernsey,GGY,2016,10.7699995,10.7699995
Guernsey,GGY,2017,10.78,10.78
Guernsey,GGY,2018,10.83,10.83
Guernsey,GGY,2019,10.49,10.49
Guernsey,GGY,2020,10.58,10.58
Guernsey,GGY,2021,11.4,11.4
Guernsey,GGY,2022,11.5,11.5
Guernsey,GGY,2023,11.5,11.5
Guinea,GIN,1980,,9.76
Guinea,GIN,1981,,9.78
Guinea,GIN,1982,,9.83
Guinea,GIN,1983,,9.86
Guinea,GIN,1984,,9.72
Guinea,GIN,1985,,9.72
Guinea,GIN,1986,,9.700001
Guinea,GIN,1987,,9.700001
Guinea,GIN,1988,,9.700001
Guinea,GIN,1989,,9.700001
Guinea,GIN,1990,,9.700001
Guinea,GIN,1991,9.700001,9.700001
Guinea,GIN,1992,,12.65
Guinea,GIN,1993,,15.59
Guinea,GIN,1994,,18.77
Guinea,GIN,1995,,18.52
Guinea,GIN,1996,,18.61
Guinea,GIN,1997,,18.6
Guinea,GIN,1998,,18.46
Guinea,GIN,1999,,18.449999
Guinea,GIN,2000,,18.44
Guinea,GIN,2001,,18.38
Guinea,GIN,2002,18.529999,18.529999
Guinea,GIN,2003,17.37,17.37
Guinea,GIN,2004,,16.210001
Guinea,GIN,2005,,15.21
Guinea,GIN,2006,,14.129999
Guinea,GIN,2007,13.009999,13.009999
Guinea,GIN,2008,,12.88
Guinea,GIN,2009,,12.74
Guinea,GIN,2010,,12.610001
Guinea,GIN,2011,,12.48
Guinea,GIN,2012,12.349999,12.349999
Guinea,GIN,2013,,11.72
Guinea,GIN,2014,,11.08
Guinea,GIN,2015,,10.450001
Guinea,GIN,2016,,9.82
Guinea,GIN,2017,,9.19
Guinea,GIN,2018,,8.55
Guinea,GIN,2019,,8.55
Guinea,GIN,2020,,8.55
Guinea,GIN,2021,,8.55
Guinea,GIN,2022,8.55,8.55
Guinea,GIN,2023,8.55,8.55
Guinea-Bissau,GNB,1980,,19.9
Guinea-Bissau,GNB,1981,,19.72
Guinea-Bissau,GNB,1982,,19.5
Guinea-Bissau,GNB,1983,,19.779999
Guinea-Bissau,GNB,1984,,22.06
Guinea-Bissau,GNB,1985,,19.83
Guinea-Bissau,GNB,1986,,19.65
Guinea-Bissau,GNB,1987,,20.17
Guinea-Bissau,GNB,1988,,19.55
Guinea-Bissau,GNB,1989,,19.939999
Guinea-Bissau,GNB,1990,,19.6
Guinea-Bissau,GNB,1991,19.6,19.6
Guinea-Bissau,GNB,1992,,19.44
Guinea-Bissau,GNB,1993,19.48,19.48
Guinea-Bissau,GNB,1994,,18.86
Guinea-Bissau,GNB,1995,,18.21
Guinea-Bissau,GNB,1996,,17.59
Guinea-Bissau,GNB,1997,,16.98
Guinea-Bissau,GNB,1998,,16.36
Guinea-Bissau,GNB,1999,,15.74
Guinea-Bissau,GNB,2000,,15.13
Guinea-Bissau,GNB,2001,,14.51
Guinea-Bissau,GNB,2002,13.9,13.9
Guinea-Bissau,GNB,2003,,13.809999
Guinea-Bissau,GNB,2004,,13.73
Guinea-Bissau,GNB,2005,,13.64
Guinea-Bissau,GNB,2006,,13.55
Guinea-Bissau,GNB,2007,,13.47
Guinea-Bissau,GNB,2008,,13.38
Guinea-Bissau,GNB,2009,,13.3
Guinea-Bissau,GNB,2010,13.21,13.21
Guinea-Bissau,GNB,2011,,13.13
Guinea-Bissau,GNB,2012,,13.04
Guinea-Bissau,GNB,2013,,12.95
Guinea-Bissau,GNB,2014,,12.87
Guinea-Bissau,GNB,2015,,12.780001
Guinea-Bissau,GNB,2016,,12.700001
Guinea-Bissau,GNB,2017,,12.610001
Guinea-Bissau,GNB,2018,,12.530001
Guinea-Bissau,GNB,2019,,11.96
Guinea-Bissau,GNB,2020,,11.4
Guinea-Bissau,GNB,2021,,10.84
Guinea-Bissau,GNB,2022,10.84,10.84
Guinea-Bissau,GNB,2023,10.84,10.84
Guyana,GUY,1980,,19.03
Guyana,GUY,1981,,19.03
Guyana,GUY,1982,,19.03
Guyana,GUY,1983,,19.03
Guyana,GUY,1984,,19.03
Guyana,GUY,1985,,19.03
Guyana,GUY,1986,,19.03
Guyana,GUY,1987,,19.03
Guyana,GUY,1988,,19.03
Guyana,GUY,1989,,19.03
Guyana,GUY,1990,,19.03
Guyana,GUY,1991,,19.03
Guyana,GUY,1992,,19.03
Guyana,GUY,1993,,19.03
Guyana,GUY,1994,,19.03
Guyana,GUY,1995,,19.03
Guyana,GUY,1996,,19.03
Guyana,GUY,1997,,19.03
Guyana,GUY,1998,,19.03
Guyana,GUY,1999,,19.03
Guyana,GUY,2000,,19.03
Guyana,GUY,2001,,19.84
Guyana,GUY,2002,,19.28
Guyana,GUY,2003,,20.43
Guyana,GUY,2004,,19.99
Guyana,GUY,2005,,19.300001
Guyana,GUY,2006,,19.41
Guyana,GUY,2007,,21.1
Guyana,GUY,2008,,20.29
Guyana,GUY,2009,,19.28
Guyana,GUY,2010,,20.01
Guyana,GUY,2011,,19.82
Guyana,GUY,2012,,19.699999
Guyana,GUY,2013,,20.57
Guyana,GUY,2014,,20.460001
Guyana,GUY,2015,,19.42
Guyana,GUY,2016,,19.84
Guyana,GUY,2017,,18.84
Guyana,GUY,2018,,19.76
Guyana,GUY,2019,,19.050001
Guyana,GUY,2020,,20.43
Guyana,GUY,2021,,18.92
Guyana,GUY,2022,17.87,17.87
Guyana,GUY,2023,17.87,17.87
Haiti,HTI,1980,,19.03
Haiti,HTI,1981,,19.03
Haiti,HTI,1982,,19.03
Haiti,HTI,1983,,19.03
Haiti,HTI,1984,,19.03
Haiti,HTI,1985,,19.03
Haiti,HTI,1986,,19.03
Haiti,HTI,1987,,19.03
Haiti,HTI,1988,,19.03
Haiti,HTI,1989,,19.03
Haiti,HTI,1990,,19.03
Haiti,HTI,1991,,19.03
Haiti,HTI,1992,,19.03
Haiti,HTI,1993,,19.03
Haiti,HTI,1994,,19.03
Haiti,HTI,1995,,19.03
Haiti,HTI,1996,,19.03
Haiti,HTI,1997,,19.03
Haiti,HTI,1998,,19.03
Haiti,HTI,1999,,19.03
Haiti,HTI,2000,,19.03
Haiti,HTI,2001,,19.84
Haiti,HTI,2002,,19.28
Haiti,HTI,2003,,20.43
Haiti,HTI,2004,,19.99
Haiti,HTI,2005,,19.300001
Haiti,HTI,2006,,19.41
Haiti,HTI,2007,,21.1
Haiti,HTI,2008,,20.29
Haiti,HTI,2009,,19.28
Haiti,HTI,2010,,20.01
Haiti,HTI,2011,,19.82
Haiti,HTI,2012,,19.699999
Haiti,HTI,2013,,20.57
Haiti,HTI,2014,,20.460001
Haiti,HTI,2015,,19.42
Haiti,HTI,2016,,19.84
Haiti,HTI,2017,,18.84
Haiti,HTI,2018,,19.76
Haiti,HTI,2019,,19.050001
Haiti,HTI,2020,,20.43
Haiti,HTI,2021,,18.92
Haiti,HTI,2022,17.87,17.87
Haiti,HTI,2023,17.87,17.87
Honduras,HND,1980,,19.03
Honduras,HND,1981,,19.03
Honduras,HND,1982,,19.03
Honduras,HND,1983,,19.03
Honduras,HND,1984,,19.03
Honduras,HND,1985,,19.03
Honduras,HND,1986,,19.03
Honduras,HND,1987,,19.03
Honduras,HND,1988,,19.03
Honduras,HND,1989,,19.03
Honduras,HND,1990,,19.03
Honduras,HND,1991,,19.03
Honduras,HND,1992,,19.03
Honduras,HND,1993,,19.03
Honduras,HND,1994,,19.03
Honduras,HND,1995,,19.03
Honduras,HND,1996,,19.03
Honduras,HND,1997,,19.03
Honduras,HND,1998,,19.03
Honduras,HND,1999,,19.03
Honduras,HND,2000,,19.03
Honduras,HND,2001,,19.84
Honduras,HND,2002,,19.28
Honduras,HND,2003,,20.43
Honduras,HND,2004,,19.99
Honduras,HND,2005,,19.300001
Honduras,HND,2006,,19.41
Honduras,HND,2007,,21.1
Honduras,HND,2008,,20.29
Honduras,HND,2009,,19.28
Honduras,HND,2010,,20.01
Honduras,HND,2011,,19.82
Honduras,HND,2012,,19.699999
Honduras,HND,2013,,20.57
Honduras,HND,2014,,20.460001
Honduras,HND,2015,,19.42
Honduras,HND,2016,,19.84
Honduras,HND,2017,,18.84
Honduras,HND,2018,,19.76
Honduras,HND,2019,,19.050001
Honduras,HND,2020,,20.43
Honduras,HND,2021,,18.92
Honduras,HND,2022,17.87,17.87
Honduras,HND,2023,17.87,17.87
Hong Kong,HKG,1980,,13
Hong Kong,HKG,1981,14.309999,14.309999
Hong Kong,HKG,1982,,13.51
Hong Kong,HKG,1983,,14.200001
Hong Kong,HKG,1984,,14.39
Hong Kong,HKG,1985,,14.7300005
Hong Kong,HKG,1986,15.559999,15.559999
Hong Kong,HKG,1987,,17.66
Hong Kong,HKG,1988,,16.539999
Hong Kong,HKG,1989,,16.240002
Hong Kong,HKG,1990,,17.29
Hong Kong,HKG,1991,16.93,16.93
Hong Kong,HKG,1992,,16.55
Hong Kong,HKG,1993,,15.469999
Hong Kong,HKG,1994,,14.9800005
Hong Kong,HKG,1995,,15.13
Hong Kong,HKG,1996,14.290001,14.290001
Hong Kong,HKG,1997,,15.800001
Hong Kong,HKG,1998,,16.779999
Hong Kong,HKG,1999,,15.99
Hong Kong,HKG,2000,,16.29
Hong Kong,HKG,2001,17.52,17.52
Hong Kong,HKG,2002,,17.83
Hong Kong,HKG,2003,,18.7
Hong Kong,HKG,2004,,20.69
Hong Kong,HKG,2005,,23.33
Hong Kong,HKG,2006,21.81,21.81
Hong Kong,HKG,2007,,22.77
Hong Kong,HKG,2008,,21.85
Hong Kong,HKG,2009,,20.68
Hong Kong,HKG,2010,,20.83
Hong Kong,HKG,2011,20.460001,20.460001
Hong Kong,HKG,2012,,20.2
Hong Kong,HKG,2013,,19.42
Hong Kong,HKG,2014,,19.49
Hong Kong,HKG,2015,,17.96
Hong Kong,HKG,2016,17.99,17.99
Hong Kong,HKG,2017,,18.099998
Hong Kong,HKG,2018,,18.14
Hong Kong,HKG,2019,,18.24
Hong Kong,HKG,2020,,17.75
Hong Kong,HKG,2021,,17.75
Hong Kong,HKG,2022,17.75,17.75
Hong Kong,HKG,2023,17.75,17.75
Hungary,HUN,1980,2.6799998,2.6799998
Hungary,HUN,1981,2.6699998,2.6699998
Hungary,HUN,1982,2.7,2.7
Hungary,HUN,1983,2.6000001,2.6000001
Hungary,HUN,1984,2.57,2.57
Hungary,HUN,1985,2.6399999,2.6399999
Hungary,HUN,1986,2.74,2.74
Hungary,HUN,1987,3.17,3.17
Hungary,HUN,1988,3.5900002,3.5900002
Hungary,HUN,1989,4.89,4.89
Hungary,HUN,1990,5.37,5.37
Hungary,HUN,1991,6.06,6.06
Hungary,HUN,1992,6.84,6.84
Hungary,HUN,1993,7.09,7.09
Hungary,HUN,1994,7.21,7.21
Hungary,HUN,1995,7.4199996,7.4199996
Hungary,HUN,1996,8.26,8.26
Hungary,HUN,1997,8.25,8.25
Hungary,HUN,1998,8.65,8.65
Hungary,HUN,1999,8.72,8.72
Hungary,HUN,2000,9.570001,9.570001
Hungary,HUN,2001,9.809999,9.809999
Hungary,HUN,2002,11.14,11.14
Hungary,HUN,2003,10.679999,10.679999
Hungary,HUN,2004,10.57,10.57
Hungary,HUN,2005,13.21,13.21
Hungary,HUN,2006,12.52,12.52
Hungary,HUN,2007,11.2300005,11.2300005
Hungary,HUN,2008,11.4,11.4
Hungary,HUN,2009,11.34,11.34
Hungary,HUN,2010,11.82,11.82
Hungary,HUN,2011,11.62,11.62
Hungary,HUN,2012,10.559999,10.559999
Hungary,HUN,2013,12.04,12.04
Hungary,HUN,2014,11.82,11.82
Hungary,HUN,2015,12,12
Hungary,HUN,2016,11.93,11.93
Hungary,HUN,2017,11.65,11.65
Hungary,HUN,2018,11.45,11.45
Hungary,HUN,2019,,9.75
Hungary,HUN,2020,,10.15
Hungary,HUN,2021,,10.04
Hungary,HUN,2022,10.01,10.01
Hungary,HUN,2023,9.91,9.91
Iceland,ISL,1980,7.53,7.53
Iceland,ISL,1981,7.53,7.53
Iceland,ISL,1982,7.53,7.53
Iceland,ISL,1983,7.53,7.53
Iceland,ISL,1984,7.53,7.53
Iceland,ISL,1985,7.53,7.53
Iceland,ISL,1986,7.53,7.53
Iceland,ISL,1987,7.53,7.53
Iceland,ISL,1988,7.53,7.53
Iceland,ISL,1989,7.53,7.53
Iceland,ISL,1990,7.53,7.53
Iceland,ISL,1991,7.47,7.47
Iceland,ISL,1992,7.79,7.79
Iceland,ISL,1993,7.5499997,7.5499997
Iceland,ISL,1994,7.6499996,7.6499996
Iceland,ISL,1995,7.7200003,7.7200003
Iceland,ISL,1996,7.53,7.53
Iceland,ISL,1997,7.6499996,7.6499996
Iceland,ISL,1998,7.6899996,7.6899996
Iceland,ISL,1999,8.24,8.24
Iceland,ISL,2000,8.46,8.46
Iceland,ISL,2001,10.16,10.16
Iceland,ISL,2002,10.82,10.82
Iceland,ISL,2003,11.990001,11.990001
Iceland,ISL,2004,9.139999,9.139999
Iceland,ISL,2005,10.51,10.51
Iceland,ISL,2006,11.03,11.03
Iceland,ISL,2007,15.25,15.25
Iceland,ISL,2008,8.16,8.16
Iceland,ISL,2009,6.82,6.82
Iceland,ISL,2010,5.45,5.45
Iceland,ISL,2011,5.73,5.73
Iceland,ISL,2012,6.89,6.89
Iceland,ISL,2013,8.33,8.33
Iceland,ISL,2014,8.61,8.61
Iceland,ISL,2015,8.2699995,8.2699995
Iceland,ISL,2016,8.780001,8.780001
Iceland,ISL,2017,,10.5
Iceland,ISL,2018,,8.68
Iceland,ISL,2019,,8.91
Iceland,ISL,2020,,9.24
Iceland,ISL,2021,,9.25
Iceland,ISL,2022,7.74,7.74
Iceland,ISL,2023,8.1,8.1
India,IND,1820,16,16
India,IND,1850,18,18
India,IND,1880,18.199999,18.199999
India,IND,1900,16.8,16.8
India,IND,1910,14,14
India,IND,1920,16.65,16.65
India,IND,1930,13.65,13.65
India,IND,1940,19.49,19.49
India,IND,1950,11.72,11.72
India,IND,1951,11.71,11.71
India,IND,1952,11.900001,11.900001
India,IND,1953,11.45,11.45
India,IND,1954,12.75,12.75
India,IND,1955,14.990001,14.990001
India,IND,1956,13.950001,13.950001
India,IND,1957,14.26,14.26
India,IND,1958,13.940001,13.940001
India,IND,1959,13.079999,13.079999
India,IND,1960,13.68,13.68
India,IND,1961,13.03,13.03
India,IND,1962,12.700001,12.700001
India,IND,1963,12.219999,12.219999
India,IND,1964,12.05,12.05
India,IND,1965,12.75,12.75
India,IND,1966,13.05,13.05
India,IND,1967,12.83,12.83
India,IND,1968,12.2,12.2
India,IND,1969,13.31,13.31
India,IND,1970,13.71,13.71
India,IND,1971,11.78,11.78
India,IND,1972,11.12,11.12
India,IND,1973,10.22,10.22
India,IND,1974,10.33,10.33
India,IND,1975,10.59,10.59
India,IND,1976,10.35,10.35
India,IND,1977,9.809999,9.809999
India,IND,1978,9.28,9.28
India,IND,1979,8.08,8.08
India,IND,1980,7.4500003,7.4500003
India,IND,1981,6.72,6.72
India,IND,1982,6.19,6.19
India,IND,1983,10.51,10.51
India,IND,1984,9.01,9.01
India,IND,1985,10.5,10.5
India,IND,1986,10.83,10.83
India,IND,1987,10.360001,10.360001
India,IND,1988,11.200001,11.200001
India,IND,1989,11.09,11.09
India,IND,1990,10.75,10.75
India,IND,1991,10.2300005,10.2300005
India,IND,1992,10.26,10.26
India,IND,1993,12.82,12.82
India,IND,1994,13.079999,13.079999
India,IND,1995,16.220001,16.220001
India,IND,1996,14.929999,14.929999
India,IND,1997,14.219999,14.219999
India,IND,1998,,14.72
India,IND,1999,,16.39
India,IND,2000,,16.33
India,IND,2001,,17.32
India,IND,2002,,18.359999
India,IND,2003,,18.72
India,IND,2004,,18.64
India,IND,2005,19.61,19.61
India,IND,2006,,19.769999
India,IND,2007,,20.69
India,IND,2008,,20.91
India,IND,2009,,20.970001
India,IND,2010,,22.08
India,IND,2011,,22.36
India,IND,2012,21.539999,21.539999
India,IND,2013,22.74,22.74
India,IND,2014,,22.15
India,IND,2015,,21.82
India,IND,2016,,22.400002
India,IND,2017,,22.32
India,IND,2018,,22.36
India,IND,2019,,22.17
India,IND,2020,,23.019999
India,IND,2021,,22.17
India,IND,2022,25.5,25.5
India,IND,2023,24.11,24.11
Indonesia,IDN,1820,,13.719999
Indonesia,IDN,1850,,13.869999
Indonesia,IDN,1880,,14.01
Indonesia,IDN,1900,,14.16
Indonesia,IDN,1910,,14.45
Indonesia,IDN,1920,,14.45
Indonesia,IDN,1930,,20.34
Indonesia,IDN,1940,,23.960001
Indonesia,IDN,1950,,20.59
Indonesia,IDN,1960,,17.22
Indonesia,IDN,1970,,13.860001
Indonesia,IDN,1980,,14.910001
Indonesia,IDN,1981,,14.910001
Indonesia,IDN,1982,,14.910001
Indonesia,IDN,1983,,14.910001
Indonesia,IDN,1984,,14.910001
Indonesia,IDN,1985,15.67,15.67
Indonesia,IDN,1986,20.900002,20.900002
Indonesia,IDN,1987,18.14,18.14
Indonesia,IDN,1988,16.1,16.1
Indonesia,IDN,1989,15.59,15.59
Indonesia,IDN,1990,15.0199995,15.0199995
Indonesia,IDN,1991,15.800001,15.800001
Indonesia,IDN,1992,17.97,17.97
Indonesia,IDN,1993,19.25,19.25
Indonesia,IDN,1994,19.18,19.18
Indonesia,IDN,1995,18.56,18.56
Indonesia,IDN,1996,20.6,20.6
Indonesia,IDN,1997,16.539999,16.539999
Indonesia,IDN,1998,14.839999,14.839999
Indonesia,IDN,1999,13.73,13.73
Indonesia,IDN,2000,13.7,13.7
Indonesia,IDN,2001,14.79,14.79
Indonesia,IDN,2002,14.32,14.32
Indonesia,IDN,2003,13.869999,13.869999
Indonesia,IDN,2004,15.33,15.33
Indonesia,IDN,2005,15.91,15.91
Indonesia,IDN,2006,16.73,16.73
Indonesia,IDN,2007,15.9,15.9
Indonesia,IDN,2008,18.63,18.63
Indonesia,IDN,2009,20.74,20.74
Indonesia,IDN,2010,16.47,16.47
Indonesia,IDN,2011,17.26,17.26
Indonesia,IDN,2012,17.24,17.24
Indonesia,IDN,2013,16.89,16.89
Indonesia,IDN,2014,16.9,16.9
Indonesia,IDN,2015,17.18,17.18
Indonesia,IDN,2016,15.97,15.97
Indonesia,IDN,2017,16.58,16.58
Indonesia,IDN,2018,,18.08
Indonesia,IDN,2019,,19.050001
Indonesia,IDN,2020,,18.16
Indonesia,IDN,2021,,17.66
Indonesia,IDN,2022,18.6,18.6
Indonesia,IDN,2023,17.78,17.78
Iran,IRN,1980,,22.6
Iran,IRN,1981,,22.97
Iran,IRN,1982,,23.960001
Iran,IRN,1983,,22.050001
Iran,IRN,1984,,23.019999
Iran,IRN,1985,,21.57
Iran,IRN,1986,23.54,23.54
Iran,IRN,1987,,23.6
Iran,IRN,1988,,21.32
Iran,IRN,1989,,20.62
Iran,IRN,1990,19.63,19.63
Iran,IRN,1991,,20.02
Iran,IRN,1992,,20.24
Iran,IRN,1993,,20.76
Iran,IRN,1994,20.45,20.45
Iran,IRN,1995,,20.01
Iran,IRN,1996,,19.460001
Iran,IRN,1997,,19.76
Iran,IRN,1998,20.039999,20.039999
Iran,IRN,1999,,20.44
Iran,IRN,2000,,20.26
Iran,IRN,2001,,17.880001
Iran,IRN,2002,,18.55
Iran,IRN,2003,,19.11
Iran,IRN,2004,,18.86
Iran,IRN,2005,18.83,18.83
Iran,IRN,2006,19.26,19.26
Iran,IRN,2007,,20.47
Iran,IRN,2008,,17.23
Iran,IRN,2009,15.889999,15.889999
Iran,IRN,2010,17.83,17.83
Iran,IRN,2011,,17.9
Iran,IRN,2012,,18.189999
Iran,IRN,2013,,17.03
Iran,IRN,2014,17.380001,17.380001
Iran,IRN,2015,17.28,17.28
Iran,IRN,2016,14.17,14.17
Iran,IRN,2017,16.869999,16.869999
Iran,IRN,2018,,17.78
Iran,IRN,2019,,17.720001
Iran,IRN,2020,,17.84
Iran,IRN,2021,,15.98
Iran,IRN,2022,17.62,17.62
Iran,IRN,2023,17.94,17.94
Iraq,IRQ,1980,,25.64
Iraq,IRQ,1981,,25.04
Iraq,IRQ,1982,,23.84
Iraq,IRQ,1983,,24.279999
Iraq,IRQ,1984,,24.11
Iraq,IRQ,1985,,24.17
Iraq,IRQ,1986,,22.62
Iraq,IRQ,1987,,27.49
Iraq,IRQ,1988,,24.869999
Iraq,IRQ,1989,,24.19
Iraq,IRQ,1990,,24.31
Iraq,IRQ,1991,,24.609999
Iraq,IRQ,1992,,21.789999
Iraq,IRQ,1993,,23.08
Iraq,IRQ,1994,,24.91
Iraq,IRQ,1995,,23.960001
Iraq,IRQ,1996,,24.27
Iraq,IRQ,1997,,23.69
Iraq,IRQ,1998,,24.73
Iraq,IRQ,1999,,24.01
Iraq,IRQ,2000,,23.880001
Iraq,IRQ,2001,,23.69
Iraq,IRQ,2002,,23.970001
Iraq,IRQ,2003,,23.68
Iraq,IRQ,2004,,23.710001
Iraq,IRQ,2005,,24.67
Iraq,IRQ,2006,,22.470001
Iraq,IRQ,2007,23.91,23.91
Iraq,IRQ,2008,,26.179998
Iraq,IRQ,2009,,26.67
Iraq,IRQ,2010,,25.949999
Iraq,IRQ,2011,,25
Iraq,IRQ,2012,18.87,18.87
Iraq,IRQ,2013,,16.220001
Iraq,IRQ,2014,,16.29
Iraq,IRQ,2015,,15.92
Iraq,IRQ,2016,,16.74
Iraq,IRQ,2017,,15.6
Iraq,IRQ,2018,,16
Iraq,IRQ,2019,,15.610001
Iraq,IRQ,2020,,15.97
Iraq,IRQ,2021,,15.43
Iraq,IRQ,2022,15.690001,15.690001
Iraq,IRQ,2023,15.629999,15.629999
Ireland,IRL,1980,8.89,8.89
Ireland,IRL,1981,8.7300005,8.7300005
Ireland,IRL,1982,9,9
Ireland,IRL,1983,9.099999,9.099999
Ireland,IRL,1984,8.77,8.77
Ireland,IRL,1985,8.66,8.66
Ireland,IRL,1986,8.58,8.58
Ireland,IRL,1987,8.62,8.62
Ireland,IRL,1988,8.61,8.61
Ireland,IRL,1989,8.74,8.74
Ireland,IRL,1990,8.860001,8.860001
Ireland,IRL,1991,9.39,9.39
Ireland,IRL,1992,9.63,9.63
Ireland,IRL,1993,9.33,9.33
Ireland,IRL,1994,9.64,9.64
Ireland,IRL,1995,9.95,9.95
Ireland,IRL,1996,9.51,9.51
Ireland,IRL,1997,10.89,10.89
Ireland,IRL,1998,11.82,11.82
Ireland,IRL,1999,11.91,11.91
Ireland,IRL,2000,12.620001,12.620001
Ireland,IRL,2001,11.83,11.83
Ireland,IRL,2002,12.04,12.04
Ireland,IRL,2003,12.4,12.4
Ireland,IRL,2004,12.23,12.23
Ireland,IRL,2005,13.31,13.31
Ireland,IRL,2006,13.4800005,13.4800005
Ireland,IRL,2007,11.95,11.95
Ireland,IRL,2008,10.19,10.19
Ireland,IRL,2009,9.95,9.95
Ireland,IRL,2010,9.889999,9.889999
Ireland,IRL,2011,9.95,9.95
Ireland,IRL,2012,9.38,9.38
Ireland,IRL,2013,10.1,10.1
Ireland,IRL,2014,10.849999,10.849999
Ireland,IRL,2015,11.9800005,11.9800005
Ireland,IRL,2016,12,12
Ireland,IRL,2017,11.69,11.69
Ireland,IRL,2018,12.2,12.2
Ireland,IRL,2019,,12.12
Ireland,IRL,2020,,14.09
Ireland,IRL,2021,,14.110001
Ireland,IRL,2022,14.219999,14.219999
Ireland,IRL,2023,13.860001,13.860001
Isle of Man,IMN,1980,9.08,9.08
Isle of Man,IMN,1981,9.049999,9.049999
Isle of Man,IMN,1982,9.0199995,9.0199995
Isle of Man,IMN,1983,9.13,9.13
Isle of Man,IMN,1984,9.34,9.34
Isle of Man,IMN,1985,9.37,9.37
Isle of Man,IMN,1986,9.34,9.34
Isle of Man,IMN,1987,9.2699995,9.2699995
Isle of Man,IMN,1988,9.33,9.33
Isle of Man,IMN,1989,9.43,9.43
Isle of Man,IMN,1990,9.22,9.22
Isle of Man,IMN,1991,9.139999,9.139999
Isle of Man,IMN,1992,9.51,9.51
Isle of Man,IMN,1993,9.63,9.63
Isle of Man,IMN,1994,10.07,10.07
Isle of Man,IMN,1995,9.75,9.75
Isle of Man,IMN,1996,10.08,10.08
Isle of Man,IMN,1997,10.679999,10.679999
Isle of Man,IMN,1998,10.809999,10.809999
Isle of Man,IMN,1999,10.88,10.88
Isle of Man,IMN,2000,11.3,11.3
Isle of Man,IMN,2001,10.86,10.86
Isle of Man,IMN,2002,10.5,10.5
Isle of Man,IMN,2003,10.75,10.75
Isle of Man,IMN,2004,11.16,11.16
Isle of Man,IMN,2005,11.34,11.34
Isle of Man,IMN,2006,12,12
Isle of Man,IMN,2007,11.9800005,11.9800005
Isle of Man,IMN,2008,10.78,10.78
Isle of Man,IMN,2009,9.88,9.88
Isle of Man,IMN,2010,10.93,10.93
Isle of Man,IMN,2011,10.88,10.88
Isle of Man,IMN,2012,10.25,10.25
Isle of Man,IMN,2013,10.400001,10.400001
Isle of Man,IMN,2014,10.849999,10.849999
Isle of Man,IMN,2015,10.66,10.66
Isle of Man,IMN,2016,10.7699995,10.7699995
Isle of Man,IMN,2017,10.78,10.78
Isle of Man,IMN,2018,10.83,10.83
Isle of Man,IMN,2019,10.49,10.49
Isle of Man,IMN,2020,10.58,10.58
Isle of Man,IMN,2021,11.4,11.4
Isle of Man,IMN,2022,11.5,11.5
Isle of Man,IMN,2023,11.5,11.5
Israel,ISR,1979,18.199999,18.199999
Israel,ISR,1980,,18.07
Israel,ISR,1981,,18.14
Israel,ISR,1982,,17.58
Israel,ISR,1983,,17.58
Israel,ISR,1984,,17.37
Israel,ISR,1985,,17.51
Israel,ISR,1986,17.25,17.25
Israel,ISR,1987,,16.96
Israel,ISR,1988,,17.5
Israel,ISR,1989,,18.15
Israel,ISR,1990,,18.71
Israel,ISR,1991,,18.35
Israel,ISR,1992,18.44,18.44
Israel,ISR,1993,,18.4
Israel,ISR,1994,,18.05
Israel,ISR,1995,,18.57
Israel,ISR,1996,,18.49
Israel,ISR,1997,18.61,18.61
Israel,ISR,1998,,19.06
Israel,ISR,1999,,19.050001
Israel,ISR,2000,,19.56
Israel,ISR,2001,19.17,19.17
Israel,ISR,2002,,19.33
Israel,ISR,2003,,19.84
Israel,ISR,2004,,20.24
Israel,ISR,2005,,20
Israel,ISR,2006,19.56,19.56
Israel,ISR,2007,20.95,20.95
Israel,ISR,2008,19.64,19.64
Israel,ISR,2009,20.23,20.23
Israel,ISR,2010,20.22,20.22
Israel,ISR,2011,19.99,19.99
Israel,ISR,2012,19.08,19.08
Israel,ISR,2013,18.4,18.4
Israel,ISR,2014,17.48,17.48
Israel,ISR,2015,17.62,17.62
Israel,ISR,2016,16.97,16.97
Israel,ISR,2017,,17.16
Israel,ISR,2018,,16.99
Israel,ISR,2019,,17.470001
Israel,ISR,2020,,17.07
Israel,ISR,2021,,16.85
Israel,ISR,2022,16.72,16.72
Israel,ISR,2023,16.63,16.63
Italy,ITA,1820,,22.02
Italy,ITA,1850,,22.550001
Italy,ITA,1880,,22.25
Italy,ITA,1900,,27.89
Italy,ITA,1910,,26.750002
Italy,ITA,1920,,21.31
Italy,ITA,1930,,16.310001
Italy,ITA,1940,,14.79
Italy,ITA,1950,,10.71
Italy,ITA,1960,,10.12
Italy,ITA,1970,,5.2999997
Italy,ITA,1980,,6.24
Italy,ITA,1981,5.73,5.73
Italy,ITA,1982,5.6400003,5.6400003
Italy,ITA,1983,5.59,5.59
Italy,ITA,1984,5.7999997,5.7999997
Italy,ITA,1985,6.17,6.17
Italy,ITA,1986,6.95,6.95
Italy,ITA,1987,7.09,7.09
Italy,ITA,1988,7.48,7.48
Italy,ITA,1989,7.64,7.64
Italy,ITA,1990,7.6,7.6
Italy,ITA,1991,7.66,7.66
Italy,ITA,1992,7.66,7.66
Italy,ITA,1993,7.9400005,7.9400005
Italy,ITA,1994,8.23,8.23
Italy,ITA,1995,8.81,8.81
Italy,ITA,1996,9.08,9.08
Italy,ITA,1997,9.179999,9.179999
Italy,ITA,1998,9.62,9.62
Italy,ITA,1999,9.36,9.36
Italy,ITA,2000,9.929999,9.929999
Italy,ITA,2001,10.53,10.53
Italy,ITA,2002,9.969999,9.969999
Italy,ITA,2003,10.18,10.18
Italy,ITA,2004,9.92,9.92
Italy,ITA,2005,9.82,9.82
Italy,ITA,2006,9.88,9.88
Italy,ITA,2007,9.64,9.64
Italy,ITA,2008,8.67,8.67
Italy,ITA,2009,8.97,8.97
Italy,ITA,2010,9.47,9.47
Italy,ITA,2011,10.52,10.52
Italy,ITA,2012,11.44,11.44
Italy,ITA,2013,11.02,11.02
Italy,ITA,2014,11.2300005,11.2300005
Italy,ITA,2015,,10.54
Italy,ITA,2016,,12.530001
Italy,ITA,2017,,12.700001
Italy,ITA,2018,,12.610001
Italy,ITA,2019,,13.21
Italy,ITA,2020,,13.76
Italy,ITA,2021,,12.42
Italy,ITA,2022,12.52,12.52
Italy,ITA,2023,12.48,12.48
Jamaica,JAM,1980,,19.03
Jamaica,JAM,1981,,19.03
Jamaica,JAM,1982,,19.03
Jamaica,JAM,1983,,19.03
Jamaica,JAM,1984,,19.03
Jamaica,JAM,1985,,19.03
Jamaica,JAM,1986,,19.03
Jamaica,JAM,1987,,19.03
Jamaica,JAM,1988,,19.03
Jamaica,JAM,1989,,19.03
Jamaica,JAM,1990,,19.03
Jamaica,JAM,1991,,19.03
Jamaica,JAM,1992,,19.03
Jamaica,JAM,1993,,19.03
Jamaica,JAM,1994,,19.03
Jamaica,JAM,1995,,19.03
Jamaica,JAM,1996,,19.03
Jamaica,JAM,1997,,19.03
Jamaica,JAM,1998,,19.03
Jamaica,JAM,1999,,19.03
Jamaica,JAM,2000,,19.03
Jamaica,JAM,2001,,19.84
Jamaica,JAM,2002,,19.28
Jamaica,JAM,2003,,20.43
Jamaica,JAM,2004,,19.99
Jamaica,JAM,2005,,19.300001
Jamaica,JAM,2006,,19.41
Jamaica,JAM,2007,,21.1
Jamaica,JAM,2008,,20.29
Jamaica,JAM,2009,,19.28
Jamaica,JAM,2010,,20.01
Jamaica,JAM,2011,,19.82
Jamaica,JAM,2012,,19.699999
Jamaica,JAM,2013,,20.57
Jamaica,JAM,2014,,20.460001
Jamaica,JAM,2015,,19.42
Jamaica,JAM,2016,,19.84
Jamaica,JAM,2017,,18.84
Jamaica,JAM,2018,,19.76
Jamaica,JAM,2019,,19.050001
Jamaica,JAM,2020,,20.43
Jamaica,JAM,2021,,18.92
Jamaica,JAM,2022,17.87,17.87
Jamaica,JAM,2023,17.87,17.87
Japan,JPN,1820,,21.59
Japan,JPN,1850,,22.07
Japan,JPN,1880,,21.83
Japan,JPN,1900,,24.25
Japan,JPN,1910,,25.99
Japan,JPN,1920,,21.78
Japan,JPN,1930,,19.84
Japan,JPN,1940,,18.17
Japan,JPN,1950,,10.54
Japan,JPN,1960,,11.09
Japan,JPN,1970,,11.57
Japan,JPN,1980,,10.53
Japan,JPN,1981,10.1,10.1
Japan,JPN,1982,9.96,9.96
Japan,JPN,1983,10.3,10.3
Japan,JPN,1984,10.28,10.28
Japan,JPN,1985,10.65,10.65
Japan,JPN,1986,10.97,10.97
Japan,JPN,1987,12.67,12.67
Japan,JPN,1988,12.639999,12.639999
Japan,JPN,1989,13.74,13.74
Japan,JPN,1990,14.309999,14.309999
Japan,JPN,1991,13.58,13.58
Japan,JPN,1992,9.83,9.83
Japan,JPN,1993,10.01,10.01
Japan,JPN,1994,9.849999,9.849999
Japan,JPN,1995,10.39,10.39
Japan,JPN,1996,10.86,10.86
Japan,JPN,1997,9.94,9.94
Japan,JPN,1998,10.19,10.19
Japan,JPN,1999,10.65,10.65
Japan,JPN,2000,11.01,11.01
Japan,JPN,2001,11.26,11.26
Japan,JPN,2002,11.18,11.18
Japan,JPN,2003,12.34,12.34
Japan,JPN,2004,12.91,12.91
Japan,JPN,2005,13.349999,13.349999
Japan,JPN,2006,13.410001,13.410001
Japan,JPN,2007,13.099999,13.099999
Japan,JPN,2008,12.48,12.48
Japan,JPN,2009,12.01,12.01
Japan,JPN,2010,12.790001,12.790001
Japan,JPN,2011,12.309999,12.309999
Japan,JPN,2012,12.41,12.41
Japan,JPN,2013,12.46,12.46
Japan,JPN,2014,12.68,12.68
Japan,JPN,2015,12.73,12.73
Japan,JPN,2016,12.610001,12.610001
Japan,JPN,2017,12.46,12.46
Japan,JPN,2018,12.46,12.46
Japan,JPN,2019,12.559999,12.559999
Japan,JPN,2020,13.009999,13.009999
Japan,JPN,2021,12.44,12.44
Japan,JPN,2022,13.39,13.39
Japan,JPN,2023,12.89,12.89
Jersey,JEY,1980,9.08,9.08
Jersey,JEY,1981,9.049999,9.049999
Jersey,JEY,1982,9.0199995,9.0199995
Jersey,JEY,1983,9.13,9.13
Jersey,JEY,1984,9.34,9.34
Jersey,JEY,1985,9.37,9.37
Jersey,JEY,1986,9.34,9.34
Jersey,JEY,1987,9.2699995,9.2699995
Jersey,JEY,1988,9.33,9.33
Jersey,JEY,1989,9.43,9.43
Jersey,JEY,1990,9.22,9.22
Jersey,JEY,1991,9.139999,9.139999
Jersey,JEY,1992,9.51,9.51
Jersey,JEY,1993,9.63,9.63
Jersey,JEY,1994,10.07,10.07
Jersey,JEY,1995,9.75,9.75
Jersey,JEY,1996,10.08,10.08
Jersey,JEY,1997,10.679999,10.679999
Jersey,JEY,1998,10.809999,10.809999
Jersey,JEY,1999,10.88,10.88
Jersey,JEY,2000,11.3,11.3
Jersey,JEY,2001,10.86,10.86
Jersey,JEY,2002,10.5,10.5
Jersey,JEY,2003,10.75,10.75
Jersey,JEY,2004,11.16,11.16
Jersey,JEY,2005,11.34,11.34
Jersey,JEY,2006,12,12
Jersey,JEY,2007,11.9800005,11.9800005
Jersey,JEY,2008,10.78,10.78
Jersey,JEY,2009,9.88,9.88
Jersey,JEY,2010,10.93,10.93
Jersey,JEY,2011,10.88,10.88
Jersey,JEY,2012,10.25,10.25
Jersey,JEY,2013,10.400001,10.400001
Jersey,JEY,2014,10.849999,10.849999
Jersey,JEY,2015,10.66,10.66
Jersey,JEY,2016,10.7699995,10.7699995
Jersey,JEY,2017,10.78,10.78
Jersey,JEY,2018,10.83,10.83
Jersey,JEY,2019,10.49,10.49
Jersey,JEY,2020,10.58,10.58
Jersey,JEY,2021,11.4,11.4
Jersey,JEY,2022,11.5,11.5
Jersey,JEY,2023,11.5,11.5
Jordan,JOR,1980,,17.33
Jordan,JOR,1981,,17.33
Jordan,JOR,1982,,17.43
Jordan,JOR,1983,,17.33
Jordan,JOR,1984,,17.34
Jordan,JOR,1985,,17.33
Jordan,JOR,1986,17.36,17.36
Jordan,JOR,1987,,18.099998
Jordan,JOR,1988,,18.75
Jordan,JOR,1989,,19.58
Jordan,JOR,1990,,20.52
Jordan,JOR,1991,,21.61
Jordan,JOR,1992,22.84,22.84
Jordan,JOR,1993,,21.57
Jordan,JOR,1994,,20
Jordan,JOR,1995,,18.52
Jordan,JOR,1996,,17.13
Jordan,JOR,1997,,15.469999
Jordan,JOR,1998,,16.210001
Jordan,JOR,1999,,16.9
Jordan,JOR,2000,,17.57
Jordan,JOR,2001,,18.199999
Jordan,JOR,2002,18.9,18.9
Jordan,JOR,2003,,19.25
Jordan,JOR,2004,,20.56
Jordan,JOR,2005,,20.07
Jordan,JOR,2006,20.51,20.51
Jordan,JOR,2007,,21.13
Jordan,JOR,2008,21.09,21.09
Jordan,JOR,2009,,22.2
Jordan,JOR,2010,23.21,23.21
Jordan,JOR,2011,,19.71
Jordan,JOR,2012,,19.8
Jordan,JOR,2013,19.91,19.91
Jordan,JOR,2014,,19.92
Jordan,JOR,2015,,20.27
Jordan,JOR,2016,,20.13
Jordan,JOR,2017,,19.91
Jordan,JOR,2018,,19.91
Jordan,JOR,2019,,19.91
Jordan,JOR,2020,,19.91
Jordan,JOR,2021,,19.91
Jordan,JOR,2022,20.14,20.14
Jordan,JOR,2023,19.91,19.91
Kazakhstan,KAZ,1980,,10.49
Kazakhstan,KAZ,1981,,10.49
Kazakhstan,KAZ,1982,,10.49
Kazakhstan,KAZ,1983,,10.49
Kazakhstan,KAZ,1984,,10.49
Kazakhstan,KAZ,1985,,10.49
Kazakhstan,KAZ,1986,,10.49
Kazakhstan,KAZ,1987,,10.49
Kazakhstan,KAZ,1988,,10.49
Kazakhstan,KAZ,1989,,10.49
Kazakhstan,KAZ,1990,,10.49
Kazakhstan,KAZ,1991,,10.49
Kazakhstan,KAZ,1992,,10.49
Kazakhstan,KAZ,1993,10.49,10.49
Kazakhstan,KAZ,1994,,10.08
Kazakhstan,KAZ,1995,,11.5199995
Kazakhstan,KAZ,1996,12.96,12.96
Kazakhstan,KAZ,1997,,12.9800005
Kazakhstan,KAZ,1998,,14.89
Kazakhstan,KAZ,1999,,14.4
Kazakhstan,KAZ,2000,,15.2
Kazakhstan,KAZ,2001,15.41,15.41
Kazakhstan,KAZ,2002,16.04,16.04
Kazakhstan,KAZ,2003,15.66,15.66
Kazakhstan,KAZ,2004,12.74,12.74
Kazakhstan,KAZ,2005,19.56,19.56
Kazakhstan,KAZ,2006,16.64,16.64
Kazakhstan,KAZ,2007,15.23,15.23
Kazakhstan,KAZ,2008,14.97,14.97
Kazakhstan,KAZ,2009,15.76,15.76
Kazakhstan,KAZ,2010,15.379999,15.379999
Kazakhstan,KAZ,2011,13.66,13.66
Kazakhstan,KAZ,2012,14.280001,14.280001
Kazakhstan,KAZ,2013,14.23,14.23
Kazakhstan,KAZ,2014,14.200001,14.200001
Kazakhstan,KAZ,2015,12.52,12.52
Kazakhstan,KAZ,2016,14.63,14.63
Kazakhstan,KAZ,2017,14.910001,14.910001
Kazakhstan,KAZ,2018,,14.87
Kazakhstan,KAZ,2019,,14.61
Kazakhstan,KAZ,2020,,15.22
Kazakhstan,KAZ,2021,,14.8
Kazakhstan,KAZ,2022,15.360001,15.360001
Kazakhstan,KAZ,2023,15.000001,15.000001
Kenya,KEN,1980,,18.9
Kenya,KEN,1981,,19
Kenya,KEN,1982,,19.58
Kenya,KEN,1983,,19.08
Kenya,KEN,1984,,19
Kenya,KEN,1985,,19.68
Kenya,KEN,1986,,18.99
Kenya,KEN,1987,,19
Kenya,KEN,1988,,18.98
Kenya,KEN,1989,,19.08
Kenya,KEN,1990,,19.01
Kenya,KEN,1991,,18.880001
Kenya,KEN,1992,19.380001,19.380001
Kenya,KEN,1993,,18.86
Kenya,KEN,1994,18.84,18.84
Kenya,KEN,1995,,18.89
Kenya,KEN,1996,,18.93
Kenya,KEN,1997,18.8,18.8
Kenya,KEN,1998,,19.12
Kenya,KEN,1999,,19.400002
Kenya,KEN,2000,,19.789999
Kenya,KEN,2001,,20.05
Kenya,KEN,2002,,20.460001
Kenya,KEN,2003,,20.67
Kenya,KEN,2004,,21.15
Kenya,KEN,2005,21.43,21.43
Kenya,KEN,2006,,21.1
Kenya,KEN,2007,,20.05
Kenya,KEN,2008,,19.45
Kenya,KEN,2009,,18.8
Kenya,KEN,2010,,18.16
Kenya,KEN,2011,,17.53
Kenya,KEN,2012,,16.99
Kenya,KEN,2013,,16.28
Kenya,KEN,2014,,15.65
Kenya,KEN,2015,15.0199995,15.0199995
Kenya,KEN,2016,,14.39
Kenya,KEN,2017,,13.76
Kenya,KEN,2018,,13.13
Kenya,KEN,2019,,12.5
Kenya,KEN,2020,,11.860001
Kenya,KEN,2021,,15.68
Kenya,KEN,2022,15.68,15.68
Kenya,KEN,2023,15.68,15.68
Kiribati,KIR,1980,8.81,8.81
Kiribati,KIR,1981,8.95,8.95
Kiribati,KIR,1982,9.099999,9.099999
Kiribati,KIR,1983,9.25,9.25
Kiribati,KIR,1984,9.4,9.4
Kiribati,KIR,1985,9.55,9.55
Kiribati,KIR,1986,9.71,9.71
Kiribati,KIR,1987,9.87,9.87
Kiribati,KIR,1988,10.03,10.03
Kiribati,KIR,1989,10.2,10.2
Kiribati,KIR,1990,10.37,10.37
Kiribati,KIR,1991,10.65,10.65
Kiribati,KIR,1992,10.91,10.91
Kiribati,KIR,1993,11.17,11.17
Kiribati,KIR,1994,11.42,11.42
Kiribati,KIR,1995,11.66,11.66
Kiribati,KIR,1996,11.89,11.89
Kiribati,KIR,1997,12.12,12.12
Kiribati,KIR,1998,12.34,12.34
Kiribati,KIR,1999,12.549999,12.549999
Kiribati,KIR,2000,12.76,12.76
Kiribati,KIR,2001,13.14,13.14
Kiribati,KIR,2002,13.51,13.51
Kiribati,KIR,2003,13.879999,13.879999
Kiribati,KIR,2004,14.23,14.23
Kiribati,KIR,2005,14.58,14.58
Kiribati,KIR,2006,14.920001,14.920001
Kiribati,KIR,2007,15.25,15.25
Kiribati,KIR,2008,15.57,15.57
Kiribati,KIR,2009,15.889999,15.889999
Kiribati,KIR,2010,16.2,16.2
Kiribati,KIR,2011,16.18,16.18
Kiribati,KIR,2012,16.16,16.16
Kiribati,KIR,2013,16.140001,16.140001
Kiribati,KIR,2014,16.12,16.12
Kiribati,KIR,2015,16.11,16.11
Kiribati,KIR,2016,16.09,16.09
Kiribati,KIR,2017,16.07,16.07
Kiribati,KIR,2018,16.060001,16.060001
Kiribati,KIR,2019,16.050001,16.050001
Kiribati,KIR,2020,16.03,16.03
Kiribati,KIR,2021,16.03,16.03
Kiribati,KIR,2022,16.03,16.03
Kiribati,KIR,2023,16.03,16.03
Kosovo,OWID_KOS,1980,,8.46
Kosovo,OWID_KOS,1981,,8.46
Kosovo,OWID_KOS,1982,,8.46
Kosovo,OWID_KOS,1983,,8.46
Kosovo,OWID_KOS,1984,,8.46
Kosovo,OWID_KOS,1985,,8.46
Kosovo,OWID_KOS,1986,,8.46
Kosovo,OWID_KOS,1987,,8.46
Kosovo,OWID_KOS,1988,,8.46
Kosovo,OWID_KOS,1989,,8.46
Kosovo,OWID_KOS,1990,,8.46
Kosovo,OWID_KOS,1991,,8.46
Kosovo,OWID_KOS,1992,,8.46
Kosovo,OWID_KOS,1993,,8.46
Kosovo,OWID_KOS,1994,,8.46
Kosovo,OWID_KOS,1995,,8.46
Kosovo,OWID_KOS,1996,,8.46
Kosovo,OWID_KOS,1997,,8.46
Kosovo,OWID_KOS,1998,,8.46
Kosovo,OWID_KOS,1999,,8.46
Kosovo,OWID_KOS,2000,,8.46
Kosovo,OWID_KOS,2001,,8.46
Kosovo,OWID_KOS,2002,,8.46
Kosovo,OWID_KOS,2003,,8.46
Kosovo,OWID_KOS,2004,8.06,8.06
Kosovo,OWID_KOS,2005,8.08,8.08
Kosovo,OWID_KOS,2006,7.98,7.98
Kosovo,OWID_KOS,2007,7.62,7.62
Kosovo,OWID_KOS,2008,8.780001,8.780001
Kosovo,OWID_KOS,2009,8.2,8.2
Kosovo,OWID_KOS,2010,8.690001,8.690001
Kosovo,OWID_KOS,2011,8.76,8.76
Kosovo,OWID_KOS,2012,8.95,8.95
Kosovo,OWID_KOS,2013,9.24,9.24
Kosovo,OWID_KOS,2014,9.19,9.19
Kosovo,OWID_KOS,2015,9.52,9.52
Kosovo,OWID_KOS,2016,9.49,9.49
Kosovo,OWID_KOS,2017,,9.62
Kosovo,OWID_KOS,2018,,9.440001
Kosovo,OWID_KOS,2019,,9.059999
Kosovo,OWID_KOS,2020,,8.85
Kosovo,OWID_KOS,2021,,8.85
Kosovo,OWID_KOS,2022,8.89,8.89
Kosovo,OWID_KOS,2023,8.85,8.85
Kuwait,KWT,1980,,21.04
Kuwait,KWT,1981,,20.890001
Kuwait,KWT,1982,,21.14
Kuwait,KWT,1983,,20.85
Kuwait,KWT,1984,,20.74
Kuwait,KWT,1985,,20.710001
Kuwait,KWT,1986,,20.82
Kuwait,KWT,1987,,21
Kuwait,KWT,1988,,21.08
Kuwait,KWT,1989,,21
Kuwait,KWT,1990,,20.92
Kuwait,KWT,1991,,20.84
Kuwait,KWT,1992,,20.900002
Kuwait,KWT,1993,,20.710001
Kuwait,KWT,1994,,20.82
Kuwait,KWT,1995,,20.93
Kuwait,KWT,1996,,20.890001
Kuwait,KWT,1997,,20.710001
Kuwait,KWT,1998,,20.86
Kuwait,KWT,1999,,20.85
Kuwait,KWT,2000,,20.87
Kuwait,KWT,2001,,20.710001
Kuwait,KWT,2002,,20.91
Kuwait,KWT,2003,,21.06
Kuwait,KWT,2004,,21.1
Kuwait,KWT,2005,,20.890001
Kuwait,KWT,2006,,20.95
Kuwait,KWT,2007,21.05,21.05
Kuwait,KWT,2008,,20.67
Kuwait,KWT,2009,,20.48
Kuwait,KWT,2010,,20.26
Kuwait,KWT,2011,,20.119999
Kuwait,KWT,2012,19.73,19.73
Kuwait,KWT,2013,,19.230001
Kuwait,KWT,2014,,17.11
Kuwait,KWT,2015,,17.13
Kuwait,KWT,2016,,17.37
Kuwait,KWT,2017,,17.19
Kuwait,KWT,2018,,17.42
Kuwait,KWT,2019,,17.16
Kuwait,KWT,2020,,17.26
Kuwait,KWT,2021,,17.13
Kuwait,KWT,2022,17.61,17.61
Kuwait,KWT,2023,17.1,17.1
Kyrgyzstan,KGZ,1980,,16.19
Kyrgyzstan,KGZ,1981,,16.19
Kyrgyzstan,KGZ,1982,,16.19
Kyrgyzstan,KGZ,1983,,16.19
Kyrgyzstan,KGZ,1984,,16.19
Kyrgyzstan,KGZ,1985,,16.19
Kyrgyzstan,KGZ,1986,,16.19
Kyrgyzstan,KGZ,1987,,16.19
Kyrgyzstan,KGZ,1988,,16.19
Kyrgyzstan,KGZ,1989,,16.19
Kyrgyzstan,KGZ,1990,,16.19
Kyrgyzstan,KGZ,1991,,16.19
Kyrgyzstan,KGZ,1992,,16.19
Kyrgyzstan,KGZ,1993,,16.19
Kyrgyzstan,KGZ,1994,,16.19
Kyrgyzstan,KGZ,1995,,16.19
Kyrgyzstan,KGZ,1996,,16.19
Kyrgyzstan,KGZ,1997,,16.19
Kyrgyzstan,KGZ,1998,16.19,16.19
Kyrgyzstan,KGZ,1999,12.17,12.17
Kyrgyzstan,KGZ,2000,10.17,10.17
Kyrgyzstan,KGZ,2001,10.97,10.97
Kyrgyzstan,KGZ,2002,10.67,10.67
Kyrgyzstan,KGZ,2003,10.34,10.34
Kyrgyzstan,KGZ,2004,14.190001,14.190001
Kyrgyzstan,KGZ,2005,14.740001,14.740001
Kyrgyzstan,KGZ,2006,18.22,18.22
Kyrgyzstan,KGZ,2007,13.3,13.3
Kyrgyzstan,KGZ,2008,14.4800005,14.4800005
Kyrgyzstan,KGZ,2009,14.5199995,14.5199995
Kyrgyzstan,KGZ,2010,14.040001,14.040001
Kyrgyzstan,KGZ,2011,13.2,13.2
Kyrgyzstan,KGZ,2012,12.5,12.5
Kyrgyzstan,KGZ,2013,12.21,12.21
Kyrgyzstan,KGZ,2014,12.2,12.2
Kyrgyzstan,KGZ,2015,14.55,14.55
Kyrgyzstan,KGZ,2016,12.07,12.07
Kyrgyzstan,KGZ,2017,13.84,13.84
Kyrgyzstan,KGZ,2018,13.959999,13.959999
Kyrgyzstan,KGZ,2019,,17.94
Kyrgyzstan,KGZ,2020,,17.96
Kyrgyzstan,KGZ,2021,,18.199999
Kyrgyzstan,KGZ,2022,18.06,18.06
Kyrgyzstan,KGZ,2023,18.49,18.49
Laos,LAO,1980,,17.78
Laos,LAO,1981,,17.78
Laos,LAO,1982,,17.78
Laos,LAO,1983,,17.78
Laos,LAO,1984,,17.78
Laos,LAO,1985,,17.78
Laos,LAO,1986,,17.78
Laos,LAO,1987,,17.78
Laos,LAO,1988,,17.78
Laos,LAO,1989,,17.78
Laos,LAO,1990,,17.78
Laos,LAO,1991,,17.78
Laos,LAO,1992,17.78,17.78
Laos,LAO,1993,,19.66
Laos,LAO,1994,,17.92
Laos,LAO,1995,,20.3
Laos,LAO,1996,,18.71
Laos,LAO,1997,19.59,19.59
Laos,LAO,1998,,18.55
Laos,LAO,1999,,18.76
Laos,LAO,2000,,18.529999
Laos,LAO,2001,,19.06
Laos,LAO,2002,18.369999,18.369999
Laos,LAO,2003,,18.63
Laos,LAO,2004,,18.3
Laos,LAO,2005,,18.289999
Laos,LAO,2006,,18.970001
Laos,LAO,2007,19.28,19.28
Laos,LAO,2008,,23.45
Laos,LAO,2009,,18.25
Laos,LAO,2010,,18.64
Laos,LAO,2011,,17.560001
Laos,LAO,2012,17.25,17.25
Laos,LAO,2013,,18.13
Laos,LAO,2014,,18.59
Laos,LAO,2015,,18.98
Laos,LAO,2016,,17.94
Laos,LAO,2017,,19.98
Laos,LAO,2018,19.699999,19.699999
Laos,LAO,2019,,21.82
Laos,LAO,2020,,19.11
Laos,LAO,2021,,19.869999
Laos,LAO,2022,20.1,20.1
Laos,LAO,2023,20.33,20.33
Latin America (WID),,1820,23.32,23.32
Latin America (WID),,1850,23.24,23.24
Latin America (WID),,1880,23.22,23.22
Latin America (WID),,1900,23.46,23.46
Latin America (WID),,1910,24.07,24.07
Latin America (WID),,1920,23.9,23.9
Latin America (WID),,1930,25,25
Latin America (WID),,1940,26.789999,26.789999
Latin America (WID),,1950,24.48,24.48
Latin America (WID),,1960,20.34,20.34
Latin America (WID),,1970,22.130001,22.130001
Latin America (WID),,1980,18.7,18.7
Latin America (WID),,1981,18.960001,18.960001
Latin America (WID),,1982,18.85,18.85
Latin America (WID),,1983,18.7,18.7
Latin America (WID),,1984,18.65,18.65
Latin America (WID),,1985,18.77,18.77
Latin America (WID),,1986,18.78,18.78
Latin America (WID),,1987,18.93,18.93
Latin America (WID),,1988,18.79,18.79
Latin America (WID),,1989,19,19
Latin America (WID),,1990,18.71,18.71
Latin America (WID),,1991,18.66,18.66
Latin America (WID),,1992,18.66,18.66
Latin America (WID),,1993,18.66,18.66
Latin America (WID),,1994,18.74,18.74
Latin America (WID),,1995,19.11,19.11
Latin America (WID),,1996,18.960001,18.960001
Latin America (WID),,1997,18.91,18.91
Latin America (WID),,1998,18.880001,18.880001
Latin America (WID),,1999,18.71,18.71
Latin America (WID),,2000,18.69,18.69
Latin America (WID),,2001,18.93,18.93
Latin America (WID),,2002,19.01,19.01
Latin America (WID),,2003,20.51,20.51
Latin America (WID),,2004,21.08,21.08
Latin America (WID),,2005,20.29,20.29
Latin America (WID),,2006,19.97,19.97
Latin America (WID),,2007,21.91,21.91
Latin America (WID),,2008,22.45,22.45
Latin America (WID),,2009,21.349998,21.349998
Latin America (WID),,2010,22.28,22.28
Latin America (WID),,2011,22.789999,22.789999
Latin America (WID),,2012,22.939999,22.939999
Latin America (WID),,2013,22.51,22.51
Latin America (WID),,2014,22.9,22.9
Latin America (WID),,2015,22.07,22.07
Latin America (WID),,2016,21.61,21.61
Latin America (WID),,2017,21.49,21.49
Latin America (WID),,2018,22.35,22.35
Latin America (WID),,2019,21.86,21.86
Latin America (WID),,2020,22.390001,22.390001
Latin America (WID),,2021,21.32,21.32
Latin America (WID),,2022,20.16,20.16
Latin America (WID),,2023,20.3,20.3
Latvia,LVA,1980,,5.33
Latvia,LVA,1981,,5.33
Latvia,LVA,1982,,5.33
Latvia,LVA,1983,,5.33
Latvia,LVA,1984,,5.33
Latvia,LVA,1985,,5.33
Latvia,LVA,1986,,5.33
Latvia,LVA,1987,,5.33
Latvia,LVA,1988,5.33,5.33
Latvia,LVA,1989,,5.33
Latvia,LVA,1990,,5.33
Latvia,LVA,1991,,5.74
Latvia,LVA,1992,,6.29
Latvia,LVA,1993,,6.88
Latvia,LVA,1994,8.72,8.72
Latvia,LVA,1995,10.7699995,10.7699995
Latvia,LVA,1996,11,11
Latvia,LVA,1997,10.719999,10.719999
Latvia,LVA,1998,10.59,10.59
Latvia,LVA,1999,10.9800005,10.9800005
Latvia,LVA,2000,10.71,10.71
Latvia,LVA,2001,10.29,10.29
Latvia,LVA,2002,11.05,11.05
Latvia,LVA,2003,10.57,10.57
Latvia,LVA,2004,11.5,11.5
Latvia,LVA,2005,11.93,11.93
Latvia,LVA,2006,9.54,9.54
Latvia,LVA,2007,10.58,10.58
Latvia,LVA,2008,10.46,10.46
Latvia,LVA,2009,11.5,11.5
Latvia,LVA,2010,9.650001,9.650001
Latvia,LVA,2011,10.31,10.31
Latvia,LVA,2012,11.18,11.18
Latvia,LVA,2013,11.469999,11.469999
Latvia,LVA,2014,10.639999,10.639999
Latvia,LVA,2015,10.09,10.09
Latvia,LVA,2016,8.65,8.65
Latvia,LVA,2017,9.51,9.51
Latvia,LVA,2018,9.46,9.46
Latvia,LVA,2019,,8.97
Latvia,LVA,2020,,9.03
Latvia,LVA,2021,,10.0199995
Latvia,LVA,2022,10.71,10.71
Latvia,LVA,2023,10.69,10.69
Lebanon,LBN,1980,,19.68
Lebanon,LBN,1981,,20.39
Lebanon,LBN,1982,,19.76
Lebanon,LBN,1983,,22.28
Lebanon,LBN,1984,,20.53
Lebanon,LBN,1985,,20.54
Lebanon,LBN,1986,,20.800001
Lebanon,LBN,1987,,19.41
Lebanon,LBN,1988,,20.550001
Lebanon,LBN,1989,,19.939999
Lebanon,LBN,1990,,22.11
Lebanon,LBN,1991,,22.06
Lebanon,LBN,1992,,20.16
Lebanon,LBN,1993,,20.21
Lebanon,LBN,1994,,19.82
Lebanon,LBN,1995,,21.63
Lebanon,LBN,1996,,20.23
Lebanon,LBN,1997,,20.730001
Lebanon,LBN,1998,,20.91
Lebanon,LBN,1999,,20.79
Lebanon,LBN,2000,,20.119999
Lebanon,LBN,2001,,20.56
Lebanon,LBN,2002,,20.39
Lebanon,LBN,2003,,20.36
Lebanon,LBN,2004,,20.47
Lebanon,LBN,2005,,20.039999
Lebanon,LBN,2006,20.54,20.54
Lebanon,LBN,2007,21.81,21.81
Lebanon,LBN,2008,21.31,21.31
Lebanon,LBN,2009,20.39,20.39
Lebanon,LBN,2010,20.76,20.76
Lebanon,LBN,2011,21.05,21.05
Lebanon,LBN,2012,22.15,22.15
Lebanon,LBN,2013,22.07,22.07
Lebanon,LBN,2014,,21.84
Lebanon,LBN,2015,,21.84
Lebanon,LBN,2016,,21.84
Lebanon,LBN,2017,,20.880001
Lebanon,LBN,2018,,21.99
Lebanon,LBN,2019,,21.02
Lebanon,LBN,2020,,21.5
Lebanon,LBN,2021,,21.55
Lebanon,LBN,2022,19.09,19.09
Lebanon,LBN,2023,21.17,21.17
Lesotho,LSO,1980,,23.84
Lesotho,LSO,1981,,23.57
Lesotho,LSO,1982,,23.6
Lesotho,LSO,1983,,23.77
Lesotho,LSO,1984,,23.44
Lesotho,LSO,1985,,23.960001
Lesotho,LSO,1986,25.48,25.48
Lesotho,LSO,1987,,23.720001
Lesotho,LSO,1988,,23.49
Lesotho,LSO,1989,,23.56
Lesotho,LSO,1990,,23.3
Lesotho,LSO,1991,,22.82
Lesotho,LSO,1992,,22.789999
Lesotho,LSO,1993,22.65,22.65
Lesotho,LSO,1994,22.480001,22.480001
Lesotho,LSO,1995,,22
Lesotho,LSO,1996,,21.43
Lesotho,LSO,1997,,20.880001
Lesotho,LSO,1998,,20.47
Lesotho,LSO,1999,,19.869999
Lesotho,LSO,2000,,19.380001
Lesotho,LSO,2001,,18.87
Lesotho,LSO,2002,18.46,18.46
Lesotho,LSO,2003,,18.109999
Lesotho,LSO,2004,,17.84
Lesotho,LSO,2005,,17.57
Lesotho,LSO,2006,,17.3
Lesotho,LSO,2007,,17.03
Lesotho,LSO,2008,,16.76
Lesotho,LSO,2009,,16.49
Lesotho,LSO,2010,16.220001,16.220001
Lesotho,LSO,2011,,16
Lesotho,LSO,2012,,15.68
Lesotho,LSO,2013,,15.41
Lesotho,LSO,2014,,15.14
Lesotho,LSO,2015,,14.87
Lesotho,LSO,2016,,14.599999
Lesotho,LSO,2017,14.33,14.33
Lesotho,LSO,2018,,14.33
Lesotho,LSO,2019,,14.33
Lesotho,LSO,2020,,14.33
Lesotho,LSO,2021,,14.33
Lesotho,LSO,2022,14.33,14.33
Lesotho,LSO,2023,14.33,14.33
Liberia,LBR,1980,,12.57
Liberia,LBR,1981,,12.57
Liberia,LBR,1982,,12.57
Liberia,LBR,1983,,12.57
Liberia,LBR,1984,,12.57
Liberia,LBR,1985,,12.57
Liberia,LBR,1986,,12.57
Liberia,LBR,1987,,12.57
Liberia,LBR,1988,,12.57
Liberia,LBR,1989,,12.57
Liberia,LBR,1990,,12.57
Liberia,LBR,1991,,12.57
Liberia,LBR,1992,,12.57
Liberia,LBR,1993,,12.57
Liberia,LBR,1994,,12.57
Liberia,LBR,1995,,12.57
Liberia,LBR,1996,,12.57
Liberia,LBR,1997,,12.57
Liberia,LBR,1998,,12.57
Liberia,LBR,1999,,12.57
Liberia,LBR,2000,,12.57
Liberia,LBR,2001,,12.57
Liberia,LBR,2002,,12.57
Liberia,LBR,2003,,12.57
Liberia,LBR,2004,,12.57
Liberia,LBR,2005,,12.57
Liberia,LBR,2006,,12.57
Liberia,LBR,2007,12.57,12.57
Liberia,LBR,2008,,12.3
Liberia,LBR,2009,,12.030001
Liberia,LBR,2010,,11.76
Liberia,LBR,2011,,11.49
Liberia,LBR,2012,,11.22
Liberia,LBR,2013,,10.95
Liberia,LBR,2014,10.679999,10.679999
Liberia,LBR,2015,,11.34
Liberia,LBR,2016,12,12
Liberia,LBR,2017,,12
Liberia,LBR,2018,,12
Liberia,LBR,2019,,12
Liberia,LBR,2020,,12
Liberia,LBR,2021,,12
Liberia,LBR,2022,12,12
Liberia,LBR,2023,12,12
Libya,LBY,1980,,16.779999
Libya,LBY,1981,,17.14
Libya,LBY,1982,,16.17
Libya,LBY,1983,,16.43
Libya,LBY,1984,,16.46
Libya,LBY,1985,,16.04
Libya,LBY,1986,,15.82
Libya,LBY,1987,,15.690001
Libya,LBY,1988,,15.469999
Libya,LBY,1989,,16.529999
Libya,LBY,1990,,15.29
Libya,LBY,1991,,15.080001
Libya,LBY,1992,,15.06
Libya,LBY,1993,,15.06
Libya,LBY,1994,,15.32
Libya,LBY,1995,,15.13
Libya,LBY,1996,,15.080001
Libya,LBY,1997,,15.22
Libya,LBY,1998,,15.360001
Libya,LBY,1999,,15.639999
Libya,LBY,2000,,15.379999
Libya,LBY,2001,,15.379999
Libya,LBY,2002,,15.389999
Libya,LBY,2003,,15.870001
Libya,LBY,2004,,15.719999
Libya,LBY,2005,,15.639999
Libya,LBY,2006,,15.610001
Libya,LBY,2007,,16.240002
Libya,LBY,2008,,15.65
Libya,LBY,2009,,15.29
Libya,LBY,2010,,15.940001
Libya,LBY,2011,,14.900001
Libya,LBY,2012,,14.740001
Libya,LBY,2013,,15.18
Libya,LBY,2014,,15.91
Libya,LBY,2015,,16.76
Libya,LBY,2016,,16.060001
Libya,LBY,2017,,15.68
Libya,LBY,2018,,16.47
Libya,LBY,2019,,16.58
Libya,LBY,2020,,17.31
Libya,LBY,2021,,16.63
Libya,LBY,2022,16.5,16.5
Libya,LBY,2023,16.769999,16.769999
Liechtenstein,LIE,1980,9.08,9.08
Liechtenstein,LIE,1981,9.049999,9.049999
Liechtenstein,LIE,1982,9.0199995,9.0199995
Liechtenstein,LIE,1983,9.13,9.13
Liechtenstein,LIE,1984,9.34,9.34
Liechtenstein,LIE,1985,9.37,9.37
Liechtenstein,LIE,1986,9.34,9.34
Liechtenstein,LIE,1987,9.2699995,9.2699995
Liechtenstein,LIE,1988,9.33,9.33
Liechtenstein,LIE,1989,9.43,9.43
Liechtenstein,LIE,1990,9.22,9.22
Liechtenstein,LIE,1991,9.139999,9.139999
Liechtenstein,LIE,1992,9.51,9.51
Liechtenstein,LIE,1993,9.63,9.63
Liechtenstein,LIE,1994,10.07,10.07
Liechtenstein,LIE,1995,9.75,9.75
Liechtenstein,LIE,1996,10.08,10.08
Liechtenstein,LIE,1997,10.679999,10.679999
Liechtenstein,LIE,1998,10.809999,10.809999
Liechtenstein,LIE,1999,10.88,10.88
Liechtenstein,LIE,2000,11.3,11.3
Liechtenstein,LIE,2001,10.86,10.86
Liechtenstein,LIE,2002,10.5,10.5
Liechtenstein,LIE,2003,10.75,10.75
Liechtenstein,LIE,2004,11.16,11.16
Liechtenstein,LIE,2005,11.34,11.34
Liechtenstein,LIE,2006,12,12
Liechtenstein,LIE,2007,11.9800005,11.9800005
Liechtenstein,LIE,2008,10.78,10.78
Liechtenstein,LIE,2009,9.88,9.88
Liechtenstein,LIE,2010,10.93,10.93
Liechtenstein,LIE,2011,10.88,10.88
Liechtenstein,LIE,2012,10.25,10.25
Liechtenstein,LIE,2013,10.400001,10.400001
Liechtenstein,LIE,2014,10.849999,10.849999
Liechtenstein,LIE,2015,10.66,10.66
Liechtenstein,LIE,2016,10.7699995,10.7699995
Liechtenstein,LIE,2017,10.78,10.78
Liechtenstein,LIE,2018,10.83,10.83
Liechtenstein,LIE,2019,10.49,10.49
Liechtenstein,LIE,2020,10.58,10.58
Liechtenstein,LIE,2021,11.4,11.4
Liechtenstein,LIE,2022,11.5,11.5
Liechtenstein,LIE,2023,11.5,11.5
Lithuania,LTU,1980,,4.5099998
Lithuania,LTU,1981,,4.5099998
Lithuania,LTU,1982,,4.5099998
Lithuania,LTU,1983,,4.5099998
Lithuania,LTU,1984,,4.5099998
Lithuania,LTU,1985,,4.5099998
Lithuania,LTU,1986,,4.5099998
Lithuania,LTU,1987,,4.5099998
Lithuania,LTU,1988,4.5099998,4.5099998
Lithuania,LTU,1989,,5.3399997
Lithuania,LTU,1990,,6.37
Lithuania,LTU,1991,,7.08
Lithuania,LTU,1992,,8.110001
Lithuania,LTU,1993,,8.98
Lithuania,LTU,1994,9.43,9.43
Lithuania,LTU,1995,9.33,9.33
Lithuania,LTU,1996,9.68,9.68
Lithuania,LTU,1997,9.26,9.26
Lithuania,LTU,1998,8.87,8.87
Lithuania,LTU,1999,8.67,8.67
Lithuania,LTU,2000,8.55,8.55
Lithuania,LTU,2001,8.87,8.87
Lithuania,LTU,2002,8.93,8.93
Lithuania,LTU,2003,9.16,9.16
Lithuania,LTU,2004,8.57,8.57
Lithuania,LTU,2005,9.51,9.51
Lithuania,LTU,2006,8.44,8.44
Lithuania,LTU,2007,11.36,11.36
Lithuania,LTU,2008,11.71,11.71
Lithuania,LTU,2009,10.93,10.93
Lithuania,LTU,2010,9.17,9.17
Lithuania,LTU,2011,9.55,9.55
Lithuania,LTU,2012,11.389999,11.389999
Lithuania,LTU,2013,11.79,11.79
Lithuania,LTU,2014,14.42,14.42
Lithuania,LTU,2015,10.69,10.69
Lithuania,LTU,2016,10.58,10.58
Lithuania,LTU,2017,11.8,11.8
Lithuania,LTU,2018,,11.190001
Lithuania,LTU,2019,,9.87
Lithuania,LTU,2020,,9.4800005
Lithuania,LTU,2021,,9.52
Lithuania,LTU,2022,9.49,9.49
Lithuania,LTU,2023,9.4800005,9.4800005
Luxembourg,LUX,1980,,13.070001
Luxembourg,LUX,1981,,13.070001
Luxembourg,LUX,1982,,13.070001
Luxembourg,LUX,1983,,13.070001
Luxembourg,LUX,1984,,13.070001
Luxembourg,LUX,1985,13.070001,13.070001
Luxembourg,LUX,1986,,12.88
Luxembourg,LUX,1987,,13.37
Luxembourg,LUX,1988,,13.330001
Luxembourg,LUX,1989,,14.599999
Luxembourg,LUX,1990,,13.69
Luxembourg,LUX,1991,14.5,14.5
Luxembourg,LUX,1992,,13.44
Luxembourg,LUX,1993,,13.500001
Luxembourg,LUX,1994,14.32,14.32
Luxembourg,LUX,1995,,14.18
Luxembourg,LUX,1996,,14.39
Luxembourg,LUX,1997,15.080001,15.080001
Luxembourg,LUX,1998,,17.86
Luxembourg,LUX,1999,,19.67
Luxembourg,LUX,2000,17.45,17.45
Luxembourg,LUX,2001,,17.25
Luxembourg,LUX,2002,,19.52
Luxembourg,LUX,2003,,14.5
Luxembourg,LUX,2004,18.099998,18.099998
Luxembourg,LUX,2005,18.58,18.58
Luxembourg,LUX,2006,17.22,17.22
Luxembourg,LUX,2007,19.75,19.75
Luxembourg,LUX,2008,19.03,19.03
Luxembourg,LUX,2009,14.1,14.1
Luxembourg,LUX,2010,14.57,14.57
Luxembourg,LUX,2011,13.099999,13.099999
Luxembourg,LUX,2012,16.380001,16.380001
Luxembourg,LUX,2013,13.74,13.74
Luxembourg,LUX,2014,15.13,15.13
Luxembourg,LUX,2015,10.87,10.87
Luxembourg,LUX,2016,12.42,12.42
Luxembourg,LUX,2017,15.29,15.29
Luxembourg,LUX,2018,,14.669999
Luxembourg,LUX,2019,,12.58
Luxembourg,LUX,2020,,13.2300005
Luxembourg,LUX,2021,,13.99
Luxembourg,LUX,2022,13.249999,13.249999
Luxembourg,LUX,2023,13.66,13.66
MENA (WID),,1820,24.33,24.33
MENA (WID),,1850,24.609999,24.609999
MENA (WID),,1880,24.81,24.81
MENA (WID),,1900,25.440002,25.440002
MENA (WID),,1910,27.140001,27.140001
MENA (WID),,1920,27.59,27.59
MENA (WID),,1930,27.22,27.22
MENA (WID),,1940,26.99,26.99
MENA (WID),,1950,24.47,24.47
MENA (WID),,1960,26.78,26.78
MENA (WID),,1970,30.82,30.82
MENA (WID),,1980,36.579998,36.579998
MENA (WID),,1981,35.989998,35.989998
MENA (WID),,1982,31.46,31.46
MENA (WID),,1983,30.919998,30.919998
MENA (WID),,1984,29.01,29.01
MENA (WID),,1985,29.13,29.13
MENA (WID),,1986,28.82,28.82
MENA (WID),,1987,28.7,28.7
MENA (WID),,1988,29.660002,29.660002
MENA (WID),,1989,27.89,27.89
MENA (WID),,1990,27.630001,27.630001
MENA (WID),,1991,30.18,30.18
MENA (WID),,1992,29.589998,29.589998
MENA (WID),,1993,27.23,27.23
MENA (WID),,1994,26.94,26.94
MENA (WID),,1995,27.06,27.06
MENA (WID),,1996,26.409998,26.409998
MENA (WID),,1997,27.01,27.01
MENA (WID),,1998,26,26
MENA (WID),,1999,26.06,26.06
MENA (WID),,2000,25.94,25.94
MENA (WID),,2001,25.76,25.76
MENA (WID),,2002,25.240002,25.240002
MENA (WID),,2003,25.48,25.48
MENA (WID),,2004,25.170002,25.170002
MENA (WID),,2005,24.65,24.65
MENA (WID),,2006,24.539999,24.539999
MENA (WID),,2007,24.15,24.15
MENA (WID),,2008,24.130001,24.130001
MENA (WID),,2009,23.91,23.91
MENA (WID),,2010,23.57,23.57
MENA (WID),,2011,23.78,23.78
MENA (WID),,2012,24.34,24.34
MENA (WID),,2013,23.83,23.83
MENA (WID),,2014,23.65,23.65
MENA (WID),,2015,24.279999,24.279999
MENA (WID),,2016,23.5,23.5
MENA (WID),,2017,23.49,23.49
MENA (WID),,2018,23.85,23.85
MENA (WID),,2019,23.4,23.4
MENA (WID),,2020,23.46,23.46
MENA (WID),,2021,23.28,23.28
MENA (WID),,2022,23.93,23.93
MENA (WID),,2023,23.64,23.64
Macao,MAC,1980,,8.65
Macao,MAC,1981,,8.65
Macao,MAC,1982,,8.65
Macao,MAC,1983,,8.65
Macao,MAC,1984,,8.65
Macao,MAC,1985,,8.65
Macao,MAC,1986,,8.65
Macao,MAC,1987,,8.65
Macao,MAC,1988,,8.65
Macao,MAC,1989,,8.65
Macao,MAC,1990,,8.65
Macao,MAC,1991,,8.5199995
Macao,MAC,1992,,9.179999
Macao,MAC,1993,,9.309999
Macao,MAC,1994,,10.059999
Macao,MAC,1995,,9.22
Macao,MAC,1996,,10.59
Macao,MAC,1997,,9.77
Macao,MAC,1998,,10.69
Macao,MAC,1999,,10.76
Macao,MAC,2000,,10.53
Macao,MAC,2001,,11.4
Macao,MAC,2002,,13.429999
Macao,MAC,2003,,13.74
Macao,MAC,2004,,14.4
Macao,MAC,2005,,15.75
Macao,MAC,2006,,14.820001
Macao,MAC,2007,,16.33
Macao,MAC,2008,,15.32
Macao,MAC,2009,,15.950001
Macao,MAC,2010,,16.8
Macao,MAC,2011,,16.210001
Macao,MAC,2012,,14.42
Macao,MAC,2013,,14.32
Macao,MAC,2014,,14.300001
Macao,MAC,2015,,15.83
Macao,MAC,2016,,16.75
Macao,MAC,2017,,13.9
Macao,MAC,2018,,15.539999
Macao,MAC,2019,,15.32
Macao,MAC,2020,,14.86
Macao,MAC,2021,,14.58
Macao,MAC,2022,15.93,15.93
Macao,MAC,2023,14.46,14.46
Madagascar,MDG,1980,21.43,21.43
Madagascar,MDG,1981,,22.51
Madagascar,MDG,1982,,22.779999
Madagascar,MDG,1983,,23.58
Madagascar,MDG,1984,,23.67
Madagascar,MDG,1985,,25.170002
Madagascar,MDG,1986,,23.960001
Madagascar,MDG,1987,,24.449999
Madagascar,MDG,1988,,25.960001
Madagascar,MDG,1989,,25.85
Madagascar,MDG,1990,,26.69
Madagascar,MDG,1991,,28.150002
Madagascar,MDG,1992,,26.910002
Madagascar,MDG,1993,,27.509998
Madagascar,MDG,1994,,24.25
Madagascar,MDG,1995,,22.1
Madagascar,MDG,1996,,17.94
Madagascar,MDG,1997,14.61,14.61
Madagascar,MDG,1998,,13.13
Madagascar,MDG,1999,11.64,11.64
Madagascar,MDG,2000,,13.67
Madagascar,MDG,2001,15.76,15.76
Madagascar,MDG,2002,,16.4
Madagascar,MDG,2003,,17.02
Madagascar,MDG,2004,,17.68
Madagascar,MDG,2005,18.33,18.33
Madagascar,MDG,2006,,18.369999
Madagascar,MDG,2007,,18.43
Madagascar,MDG,2008,,18.43
Madagascar,MDG,2009,,18.58
Madagascar,MDG,2010,18.6,18.6
Madagascar,MDG,2011,,16.76
Madagascar,MDG,2012,15.0199995,15.0199995
Madagascar,MDG,2013,,15.0199995
Madagascar,MDG,2014,,15.0199995
Madagascar,MDG,2015,,15.0199995
Madagascar,MDG,2016,,15.0199995
Madagascar,MDG,2017,,15.0199995
Madagascar,MDG,2018,,15.0199995
Madagascar,MDG,2019,,15.0199995
Madagascar,MDG,2020,,15.0199995
Madagascar,MDG,2021,,15.0199995
Madagascar,MDG,2022,15.0199995,15.0199995
Madagascar,MDG,2023,15.0199995,15.0199995
Malawi,MWI,1980,,72.35
Malawi,MWI,1981,,68.44
Malawi,MWI,1982,,64.01
Malawi,MWI,1983,,63.730003
Malawi,MWI,1984,,64.770004
Malawi,MWI,1985,,67.64
Malawi,MWI,1986,,75.54
Malawi,MWI,1987,,72.299995
Malawi,MWI,1988,,72.479996
Malawi,MWI,1989,,68.83
Malawi,MWI,1990,,68.61
Malawi,MWI,1991,,64.32
Malawi,MWI,1992,,64.21
Malawi,MWI,1993,,64.04
Malawi,MWI,1994,,64.28
Malawi,MWI,1995,,68.88
Malawi,MWI,1996,,72.52
Malawi,MWI,1997,64.240005,64.240005
Malawi,MWI,1998,,58.420002
Malawi,MWI,1999,,55.839996
Malawi,MWI,2000,,50.379997
Malawi,MWI,2001,,38.170002
Malawi,MWI,2002,,31.89
Malawi,MWI,2003,,25.73
Malawi,MWI,2004,18.83,18.83
Malawi,MWI,2005,,19.57
Malawi,MWI,2006,,19.789999
Malawi,MWI,2007,,20.57
Malawi,MWI,2008,,20.800001
Malawi,MWI,2009,,21.25
Malawi,MWI,2010,21.73,21.73
Malawi,MWI,2011,,23.3
Malawi,MWI,2012,,25.240002
Malawi,MWI,2013,,26.390001
Malawi,MWI,2014,,27.98
Malawi,MWI,2015,,30.599998
Malawi,MWI,2016,31.060001,31.060001
Malawi,MWI,2017,,26.44
Malawi,MWI,2018,,20.37
Malawi,MWI,2019,,15.0199995
Malawi,MWI,2020,,15.0199995
Malawi,MWI,2021,,15.0199995
Malawi,MWI,2022,15.0199995,15.0199995
Malawi,MWI,2023,15.0199995,15.0199995
Malaysia,MYS,1980,,19.98
Malaysia,MYS,1981,,19.98
Malaysia,MYS,1982,,19.98
Malaysia,MYS,1983,,19.98
Malaysia,MYS,1984,19.98,19.98
Malaysia,MYS,1985,,19.689999
Malaysia,MYS,1986,,19.59
Malaysia,MYS,1987,19.43,19.43
Malaysia,MYS,1988,,19.619999
Malaysia,MYS,1989,18.84,18.84
Malaysia,MYS,1990,,19.140001
Malaysia,MYS,1991,,19.16
Malaysia,MYS,1992,18.880001,18.880001
Malaysia,MYS,1993,,20.35
Malaysia,MYS,1994,,19.5
Malaysia,MYS,1995,19.36,19.36
Malaysia,MYS,1996,,20.37
Malaysia,MYS,1997,19.92,19.92
Malaysia,MYS,1998,,20.43
Malaysia,MYS,1999,,19.29
Malaysia,MYS,2000,,19.18
Malaysia,MYS,2001,,18.74
Malaysia,MYS,2002,,24.519999
Malaysia,MYS,2003,19.16,19.16
Malaysia,MYS,2004,17.18,17.18
Malaysia,MYS,2005,17.2,17.2
Malaysia,MYS,2006,17.54,17.54
Malaysia,MYS,2007,18.24,18.24
Malaysia,MYS,2008,17.98,17.98
Malaysia,MYS,2009,18.14,18.14
Malaysia,MYS,2010,18.59,18.59
Malaysia,MYS,2011,16.9,16.9
Malaysia,MYS,2012,16.36,16.36
Malaysia,MYS,2013,15.65,15.65
Malaysia,MYS,2014,14.589999,14.589999
Malaysia,MYS,2015,15.360001,15.360001
Malaysia,MYS,2016,,15.690001
Malaysia,MYS,2017,,15.389999
Malaysia,MYS,2018,,15.17
Malaysia,MYS,2019,,14.589999
Malaysia,MYS,2020,,14.95
Malaysia,MYS,2021,,14.61
Malaysia,MYS,2022,14.64,14.64
Malaysia,MYS,2023,14.599999,14.599999
Maldives,MDV,1980,,36.03
Maldives,MDV,1981,,36.03
Maldives,MDV,1982,,36.03
Maldives,MDV,1983,,36.03
Maldives,MDV,1984,,36.03
Maldives,MDV,1985,,36.03
Maldives,MDV,1986,,36.03
Maldives,MDV,1987,,36.03
Maldives,MDV,1988,,36.03
Maldives,MDV,1989,,36.03
Maldives,MDV,1990,,36.03
Maldives,MDV,1991,,36.03
Maldives,MDV,1992,,36.03
Maldives,MDV,1993,,36.03
Maldives,MDV,1994,,36.03
Maldives,MDV,1995,,36.03
Maldives,MDV,1996,,36.03
Maldives,MDV,1997,,36.03
Maldives,MDV,1998,,36.03
Maldives,MDV,1999,,36.03
Maldives,MDV,2000,,36.03
Maldives,MDV,2001,,36.03
Maldives,MDV,2002,36.03,36.03
Maldives,MDV,2003,,34.11
Maldives,MDV,2004,,33.87
Maldives,MDV,2005,,29.72
Maldives,MDV,2006,,26.269999
Maldives,MDV,2007,,25.060001
Maldives,MDV,2008,,35.32
Maldives,MDV,2009,19.300001,19.300001
Maldives,MDV,2010,,19.75
Maldives,MDV,2011,,17.22
Maldives,MDV,2012,,16.64
Maldives,MDV,2013,,15.690001
Maldives,MDV,2014,,15.18
Maldives,MDV,2015,,14.040001
Maldives,MDV,2016,13.070001,13.070001
Maldives,MDV,2017,,12.96
Maldives,MDV,2018,,13.179999
Maldives,MDV,2019,,12.9800005
Maldives,MDV,2020,,12.89
Maldives,MDV,2021,,13.6
Maldives,MDV,2022,13.179999,13.179999
Maldives,MDV,2023,12.9800005,12.9800005
Mali,MLI,1980,,21.49
Mali,MLI,1981,,21.789999
Mali,MLI,1982,,21.49
Mali,MLI,1983,,21.63
Mali,MLI,1984,,21.49
Mali,MLI,1985,,21.49
Mali,MLI,1986,,21.49
Mali,MLI,1987,,21.63
Mali,MLI,1988,,21.49
Mali,MLI,1989,,21.63
Mali,MLI,1990,,21.49
Mali,MLI,1991,,21.63
Mali,MLI,1992,,21.63
Mali,MLI,1993,,21.63
Mali,MLI,1994,21.49,21.49
Mali,MLI,1995,,20.36
Mali,MLI,1996,,19.24
Mali,MLI,1997,,18.109999
Mali,MLI,1998,,16.99
Mali,MLI,1999,,15.870001
Mali,MLI,2000,,14.740001
Mali,MLI,2001,13.62,13.62
Mali,MLI,2002,,13.429999
Mali,MLI,2003,,13.240001
Mali,MLI,2004,,13.05
Mali,MLI,2005,,12.860001
Mali,MLI,2006,12.67,12.67
Mali,MLI,2007,,11.62
Mali,MLI,2008,,10.57
Mali,MLI,2009,9.52,9.52
Mali,MLI,2010,,9.77
Mali,MLI,2011,,10.0199995
Mali,MLI,2012,,10.26
Mali,MLI,2013,,10.51
Mali,MLI,2014,,10.76
Mali,MLI,2015,,11.01
Mali,MLI,2016,,11.25
Mali,MLI,2017,,11.5
Mali,MLI,2018,,11.75
Mali,MLI,2019,,11.81
Mali,MLI,2020,,11.87
Mali,MLI,2021,,11.93
Mali,MLI,2022,11.93,11.93
Mali,MLI,2023,11.93,11.93
Malta,MLT,1980,7.29,7.29
Malta,MLT,1981,7.29,7.29
Malta,MLT,1982,7.29,7.29
Malta,MLT,1983,7.29,7.29
Malta,MLT,1984,7.29,7.29
Malta,MLT,1985,7.29,7.29
Malta,MLT,1986,7.29,7.29
Malta,MLT,1987,7.29,7.29
Malta,MLT,1988,7.29,7.29
Malta,MLT,1989,7.29,7.29
Malta,MLT,1990,7.29,7.29
Malta,MLT,1991,7.29,7.29
Malta,MLT,1992,7.29,7.29
Malta,MLT,1993,7.29,7.29
Malta,MLT,1994,7.29,7.29
Malta,MLT,1995,7.29,7.29
Malta,MLT,1996,7.29,7.29
Malta,MLT,1997,7.29,7.29
Malta,MLT,1998,7.29,7.29
Malta,MLT,1999,7.29,7.29
Malta,MLT,2000,7.29,7.29
Malta,MLT,2001,7.29,7.29
Malta,MLT,2002,7.29,7.29
Malta,MLT,2003,7.29,7.29
Malta,MLT,2004,7.29,7.29
Malta,MLT,2005,7.29,7.29
Malta,MLT,2006,7.29,7.29
Malta,MLT,2007,6.6200004,6.6200004
Malta,MLT,2008,7.3700004,7.3700004
Malta,MLT,2009,8.42,8.42
Malta,MLT,2010,8.2,8.2
Malta,MLT,2011,9.570001,9.570001
Malta,MLT,2012,10.18,10.18
Malta,MLT,2013,10.5,10.5
Malta,MLT,2014,10.46,10.46
Malta,MLT,2015,10.719999,10.719999
Malta,MLT,2016,10.54,10.54
Malta,MLT,2017,11.18,11.18
Malta,MLT,2018,,9.94
Malta,MLT,2019,,9.35
Malta,MLT,2020,,8.940001
Malta,MLT,2021,,8.93
Malta,MLT,2022,8.88,8.88
Malta,MLT,2023,8.87,8.87
Marshall Islands,MHL,1980,8.81,8.81
Marshall Islands,MHL,1981,8.95,8.95
Marshall Islands,MHL,1982,9.099999,9.099999
Marshall Islands,MHL,1983,9.25,9.25
Marshall Islands,MHL,1984,9.4,9.4
Marshall Islands,MHL,1985,9.55,9.55
Marshall Islands,MHL,1986,9.71,9.71
Marshall Islands,MHL,1987,9.87,9.87
Marshall Islands,MHL,1988,10.03,10.03
Marshall Islands,MHL,1989,10.2,10.2
Marshall Islands,MHL,1990,10.37,10.37
Marshall Islands,MHL,1991,10.65,10.65
Marshall Islands,MHL,1992,10.91,10.91
Marshall Islands,MHL,1993,11.17,11.17
Marshall Islands,MHL,1994,11.42,11.42
Marshall Islands,MHL,1995,11.66,11.66
Marshall Islands,MHL,1996,11.89,11.89
Marshall Islands,MHL,1997,12.12,12.12
Marshall Islands,MHL,1998,12.34,12.34
Marshall Islands,MHL,1999,12.549999,12.549999
Marshall Islands,MHL,2000,12.76,12.76
Marshall Islands,MHL,2001,13.14,13.14
Marshall Islands,MHL,2002,13.51,13.51
Marshall Islands,MHL,2003,13.879999,13.879999
Marshall Islands,MHL,2004,14.23,14.23
Marshall Islands,MHL,2005,14.58,14.58
Marshall Islands,MHL,2006,14.920001,14.920001
Marshall Islands,MHL,2007,15.25,15.25
Marshall Islands,MHL,2008,15.57,15.57
Marshall Islands,MHL,2009,15.889999,15.889999
Marshall Islands,MHL,2010,16.2,16.2
Marshall Islands,MHL,2011,16.18,16.18
Marshall Islands,MHL,2012,16.16,16.16
Marshall Islands,MHL,2013,16.140001,16.140001
Marshall Islands,MHL,2014,16.12,16.12
Marshall Islands,MHL,2015,16.11,16.11
Marshall Islands,MHL,2016,16.09,16.09
Marshall Islands,MHL,2017,16.07,16.07
Marshall Islands,MHL,2018,16.060001,16.060001
Marshall Islands,MHL,2019,16.050001,16.050001
Marshall Islands,MHL,2020,16.03,16.03
Marshall Islands,MHL,2021,16.03,16.03
Marshall Islands,MHL,2022,16.03,16.03
Marshall Islands,MHL,2023,16.03,16.03
Mauritania,MRT,1980,,12.77
Mauritania,MRT,1981,,12.74
Mauritania,MRT,1982,,12.780001
Mauritania,MRT,1983,,12.77
Mauritania,MRT,1984,,12.75
Mauritania,MRT,1985,,12.74
Mauritania,MRT,1986,,12.74
Mauritania,MRT,1987,12.75,12.75
Mauritania,MRT,1988,,12.690001
Mauritania,MRT,1989,,12.65
Mauritania,MRT,1990,,12.620001
Mauritania,MRT,1991,,12.530001
Mauritania,MRT,1992,,12.47
Mauritania,MRT,1993,12.42,12.42
Mauritania,MRT,1994,,12.37
Mauritania,MRT,1995,12.41,12.41
Mauritania,MRT,1996,,12.05
Mauritania,MRT,1997,,11.79
Mauritania,MRT,1998,,11.54
Mauritania,MRT,1999,,11.27
Mauritania,MRT,2000,11,11
Mauritania,MRT,2001,,12.389999
Mauritania,MRT,2002,,13.789999
Mauritania,MRT,2003,,15.23
Mauritania,MRT,2004,16.73,16.73
Mauritania,MRT,2005,,15.009999
Mauritania,MRT,2006,,13.349999
Mauritania,MRT,2007,,11.73
Mauritania,MRT,2008,10.12,10.12
Mauritania,MRT,2009,,10.2
Mauritania,MRT,2010,,10.28
Mauritania,MRT,2011,,10.35
Mauritania,MRT,2012,,10.43
Mauritania,MRT,2013,,10.51
Mauritania,MRT,2014,10.59,10.59
Mauritania,MRT,2015,,10.43
Mauritania,MRT,2016,,10.28
Mauritania,MRT,2017,,10.12
Mauritania,MRT,2018,,9.96
Mauritania,MRT,2019,,9.8
Mauritania,MRT,2020,,9.8
Mauritania,MRT,2021,,9.8
Mauritania,MRT,2022,9.8,9.8
Mauritania,MRT,2023,9.8,9.8
Mauritius,MUS,1980,,13.65
Mauritius,MUS,1981,,13.66
Mauritius,MUS,1982,,13.570001
Mauritius,MUS,1983,,13.59
Mauritius,MUS,1984,,13.54
Mauritius,MUS,1985,,13.56
Mauritius,MUS,1986,,13.66
Mauritius,MUS,1987,,13.570001
Mauritius,MUS,1988,,13.55
Mauritius,MUS,1989,,13.59
Mauritius,MUS,1990,,13.59
Mauritius,MUS,1991,,13.55
Mauritius,MUS,1992,,13.59
Mauritius,MUS,1993,,13.570001
Mauritius,MUS,1994,,13.64
Mauritius,MUS,1995,,13.570001
Mauritius,MUS,1996,,13.65
Mauritius,MUS,1997,,13.63
Mauritius,MUS,1998,,13.65
Mauritius,MUS,1999,,13.55
Mauritius,MUS,2000,,13.56
Mauritius,MUS,2001,,13.55
Mauritius,MUS,2002,,13.58
Mauritius,MUS,2003,,13.55
Mauritius,MUS,2004,,13.7
Mauritius,MUS,2005,,13.61
Mauritius,MUS,2006,13.59,13.59
Mauritius,MUS,2007,,14.1
Mauritius,MUS,2008,,14.740001
Mauritius,MUS,2009,,15.17
Mauritius,MUS,2010,,15.719999
Mauritius,MUS,2011,,16.33
Mauritius,MUS,2012,16.88,16.88
Mauritius,MUS,2013,,16.599998
Mauritius,MUS,2014,,16.37
Mauritius,MUS,2015,,16.17
Mauritius,MUS,2016,,15.92
Mauritius,MUS,2017,15.809999,15.809999
Mauritius,MUS,2018,,15.860001
Mauritius,MUS,2019,,15.75
Mauritius,MUS,2020,,16.07
Mauritius,MUS,2021,,15.76
Mauritius,MUS,2022,15.76,15.76
Mauritius,MUS,2023,15.73,15.73
Mexico,MEX,1820,,22.7
Mexico,MEX,1850,,22.939999
Mexico,MEX,1880,,23.18
Mexico,MEX,1900,,23.42
Mexico,MEX,1910,,23.9
Mexico,MEX,1920,,23.9
Mexico,MEX,1930,,25.400002
Mexico,MEX,1940,,27.25
Mexico,MEX,1950,,24.33
Mexico,MEX,1960,,19.02
Mexico,MEX,1970,,20.31
Mexico,MEX,1980,,11.69
Mexico,MEX,1981,,11.69
Mexico,MEX,1982,,11.69
Mexico,MEX,1983,,11.69
Mexico,MEX,1984,,11.69
Mexico,MEX,1985,,11.69
Mexico,MEX,1986,,11.69
Mexico,MEX,1987,,11.69
Mexico,MEX,1988,,11.69
Mexico,MEX,1989,,11.69
Mexico,MEX,1990,,11.69
Mexico,MEX,1991,,11.69
Mexico,MEX,1992,,11.69
Mexico,MEX,1993,,11.69
Mexico,MEX,1994,,11.69
Mexico,MEX,1995,,11.69
Mexico,MEX,1996,,11.69
Mexico,MEX,1997,,11.69
Mexico,MEX,1998,,11.69
Mexico,MEX,1999,,11.69
Mexico,MEX,2000,,11.69
Mexico,MEX,2001,11.69,11.69
Mexico,MEX,2002,11.69,11.69
Mexico,MEX,2003,14.679999,14.679999
Mexico,MEX,2004,17.67,17.67
Mexico,MEX,2005,16.09,16.09
Mexico,MEX,2006,14.51,14.51
Mexico,MEX,2007,18.05,18.05
Mexico,MEX,2008,21.6,21.6
Mexico,MEX,2009,23.43,23.43
Mexico,MEX,2010,25.260002,25.260002
Mexico,MEX,2011,26.339998,26.339998
Mexico,MEX,2012,27.41,27.41
Mexico,MEX,2013,28.189999,28.189999
Mexico,MEX,2014,28.98,28.98
Mexico,MEX,2015,26.81,26.81
Mexico,MEX,2016,24.64,24.64
Mexico,MEX,2017,27.13,27.13
Mexico,MEX,2018,29.63,29.63
Mexico,MEX,2019,27.619999,27.619999
Mexico,MEX,2020,,25.61
Mexico,MEX,2021,,23.59
Mexico,MEX,2022,21.58,21.58
Mexico,MEX,2023,21.58,21.58
Micronesia (country),FSM,1980,8.81,8.81
Micronesia (country),FSM,1981,8.95,8.95
Micronesia (country),FSM,1982,9.099999,9.099999
Micronesia (country),FSM,1983,9.25,9.25
Micronesia (country),FSM,1984,9.4,9.4
Micronesia (country),FSM,1985,9.55,9.55
Micronesia (country),FSM,1986,9.71,9.71
Micronesia (country),FSM,1987,9.87,9.87
Micronesia (country),FSM,1988,10.03,10.03
Micronesia (country),FSM,1989,10.2,10.2
Micronesia (country),FSM,1990,10.37,10.37
Micronesia (country),FSM,1991,10.65,10.65
Micronesia (country),FSM,1992,10.91,10.91
Micronesia (country),FSM,1993,11.17,11.17
Micronesia (country),FSM,1994,11.42,11.42
Micronesia (country),FSM,1995,11.66,11.66
Micronesia (country),FSM,1996,11.89,11.89
Micronesia (country),FSM,1997,12.12,12.12
Micronesia (country),FSM,1998,12.34,12.34
Micronesia (country),FSM,1999,12.549999,12.549999
Micronesia (country),FSM,2000,12.76,12.76
Micronesia (country),FSM,2001,13.14,13.14
Micronesia (country),FSM,2002,13.51,13.51
Micronesia (country),FSM,2003,13.879999,13.879999
Micronesia (country),FSM,2004,14.23,14.23
Micronesia (country),FSM,2005,14.58,14.58
Micronesia (country),FSM,2006,14.920001,14.920001
Micronesia (country),FSM,2007,15.25,15.25
Micronesia (country),FSM,2008,15.57,15.57
Micronesia (country),FSM,2009,15.889999,15.889999
Micronesia (country),FSM,2010,16.2,16.2
Micronesia (country),FSM,2011,16.18,16.18
Micronesia (country),FSM,2012,16.16,16.16
Micronesia (country),FSM,2013,16.140001,16.140001
Micronesia (country),FSM,2014,16.12,16.12
Micronesia (country),FSM,2015,16.11,16.11
Micronesia (country),FSM,2016,16.09,16.09
Micronesia (country),FSM,2017,16.07,16.07
Micronesia (country),FSM,2018,16.060001,16.060001
Micronesia (country),FSM,2019,16.050001,16.050001
Micronesia (country),FSM,2020,16.03,16.03
Micronesia (country),FSM,2021,16.03,16.03
Micronesia (country),FSM,2022,16.03,16.03
Micronesia (country),FSM,2023,16.03,16.03
Middle Africa (WID),,1980,22.67,22.67
Middle Africa (WID),,1981,22.66,22.66
Middle Africa (WID),,1982,22.84,22.84
Middle Africa (WID),,1983,23.09,23.09
Middle Africa (WID),,1984,23.35,23.35
Middle Africa (WID),,1985,22.99,22.99
Middle Africa (WID),,1986,22.08,22.08
Middle Africa (WID),,1987,22.99,22.99
Middle Africa (WID),,1988,22.52,22.52
Middle Africa (WID),,1989,22.789999,22.789999
Middle Africa (WID),,1990,23.46,23.46
Middle Africa (WID),,1991,24.96,24.96
Middle Africa (WID),,1992,24.85,24.85
Middle Africa (WID),,1993,24.9,24.9
Middle Africa (WID),,1994,24.94,24.94
Middle Africa (WID),,1995,25.32,25.32
Middle Africa (WID),,1996,26.050001,26.050001
Middle Africa (WID),,1997,26.72,26.72
Middle Africa (WID),,1998,26.550001,26.550001
Middle Africa (WID),,1999,27.000002,27.000002
Middle Africa (WID),,2000,27.27,27.27
Middle Africa (WID),,2001,27.27,27.27
Middle Africa (WID),,2002,27.669998,27.669998
Middle Africa (WID),,2003,26.640001,26.640001
Middle Africa (WID),,2004,26.12,26.12
Middle Africa (WID),,2005,25.59,25.59
Middle Africa (WID),,2006,24.869999,24.869999
Middle Africa (WID),,2007,24.56,24.56
Middle Africa (WID),,2008,24.439999,24.439999
Middle Africa (WID),,2009,24.67,24.67
Middle Africa (WID),,2010,24.6,24.6
Middle Africa (WID),,2011,25,25
Middle Africa (WID),,2012,25.52,25.52
Middle Africa (WID),,2013,25.78,25.78
Middle Africa (WID),,2014,26.28,26.28
Middle Africa (WID),,2015,25.69,25.69
Middle Africa (WID),,2016,25.619999,25.619999
Middle Africa (WID),,2017,25.580002,25.580002
Middle Africa (WID),,2018,25.440002,25.440002
Middle Africa (WID),,2019,24.64,24.64
Middle Africa (WID),,2020,24.39,24.39
Middle Africa (WID),,2021,24.38,24.38
Middle Africa (WID),,2022,23.75,23.75
Middle Africa (WID),,2023,23.54,23.54
Middle East (WID),,1980,38.39,38.39
Middle East (WID),,1981,37.9,37.9
Middle East (WID),,1982,33.73,33.73
Middle East (WID),,1983,32.600002,32.600002
Middle East (WID),,1984,30.41,30.41
Middle East (WID),,1985,30.28,30.28
Middle East (WID),,1986,30.32,30.32
Middle East (WID),,1987,30.28,30.28
Middle East (WID),,1988,31.52,31.52
Middle East (WID),,1989,29.17,29.17
Middle East (WID),,1990,29.319998,29.319998
Middle East (WID),,1991,31.71,31.71
Middle East (WID),,1992,31.009998,31.009998
Middle East (WID),,1993,28.400002,28.400002
Middle East (WID),,1994,28.02,28.02
Middle East (WID),,1995,27.900002,27.900002
Middle East (WID),,1996,27.56,27.56
Middle East (WID),,1997,27.56,27.56
Middle East (WID),,1998,26.67,26.67
Middle East (WID),,1999,26.35,26.35
Middle East (WID),,2000,26.53,26.53
Middle East (WID),,2001,25.91,25.91
Middle East (WID),,2002,25.350002,25.350002
Middle East (WID),,2003,25.88,25.88
Middle East (WID),,2004,25.64,25.64
Middle East (WID),,2005,24.97,24.97
Middle East (WID),,2006,25.029999,25.029999
Middle East (WID),,2007,24.429998,24.429998
Middle East (WID),,2008,24.49,24.49
Middle East (WID),,2009,24.42,24.42
Middle East (WID),,2010,24.130001,24.130001
Middle East (WID),,2011,24,24
Middle East (WID),,2012,24.23,24.23
Middle East (WID),,2013,23.630001,23.630001
Middle East (WID),,2014,23.58,23.58
Middle East (WID),,2015,24.22,24.22
Middle East (WID),,2016,23.14,23.14
Middle East (WID),,2017,23.68,23.68
Middle East (WID),,2018,23.710001,23.710001
Middle East (WID),,2019,23.27,23.27
Middle East (WID),,2020,22.89,22.89
Middle East (WID),,2021,22.91,22.91
Middle East (WID),,2022,23.64,23.64
Middle East (WID),,2023,23.53,23.53
Moldova,MDA,1980,,5.87
Moldova,MDA,1981,,5.87
Moldova,MDA,1982,,5.87
Moldova,MDA,1983,,5.87
Moldova,MDA,1984,,5.87
Moldova,MDA,1985,,5.87
Moldova,MDA,1986,,5.87
Moldova,MDA,1987,,5.87
Moldova,MDA,1988,5.87,5.87
Moldova,MDA,1989,,6.3600006
Moldova,MDA,1990,,6.8999996
Moldova,MDA,1991,,8.08
Moldova,MDA,1992,,8.99
Moldova,MDA,1993,9.650001,9.650001
Moldova,MDA,1994,,9.56
Moldova,MDA,1995,,9.440001
Moldova,MDA,1996,,9.13
Moldova,MDA,1997,,9.11
Moldova,MDA,1998,8.95,8.95
Moldova,MDA,1999,8.84,8.84
Moldova,MDA,2000,8.780001,8.780001
Moldova,MDA,2001,8.66,8.66
Moldova,MDA,2002,9.059999,9.059999
Moldova,MDA,2003,9.42,9.42
Moldova,MDA,2004,9.43,9.43
Moldova,MDA,2005,9.84,9.84
Moldova,MDA,2006,10.22,10.22
Moldova,MDA,2007,10.42,10.42
Moldova,MDA,2008,10.84,10.84
Moldova,MDA,2009,10.61,10.61
Moldova,MDA,2010,10.450001,10.450001
Moldova,MDA,2011,10.67,10.67
Moldova,MDA,2012,10.5,10.5
Moldova,MDA,2013,10.08,10.08
Moldova,MDA,2014,10.15,10.15
Moldova,MDA,2015,10.18,10.18
Moldova,MDA,2016,9.88,9.88
Moldova,MDA,2017,10.59,10.59
Moldova,MDA,2018,10.3,10.3
Moldova,MDA,2019,,10.35
Moldova,MDA,2020,,10.47
Moldova,MDA,2021,,10.71
Moldova,MDA,2022,10.73,10.73
Moldova,MDA,2023,10.679999,10.679999
Monaco,MCO,1980,9.08,9.08
Monaco,MCO,1981,9.049999,9.049999
Monaco,MCO,1982,9.0199995,9.0199995
Monaco,MCO,1983,9.13,9.13
Monaco,MCO,1984,9.34,9.34
Monaco,MCO,1985,9.37,9.37
Monaco,MCO,1986,9.34,9.34
Monaco,MCO,1987,9.2699995,9.2699995
Monaco,MCO,1988,9.33,9.33
Monaco,MCO,1989,9.43,9.43
Monaco,MCO,1990,9.22,9.22
Monaco,MCO,1991,9.139999,9.139999
Monaco,MCO,1992,9.51,9.51
Monaco,MCO,1993,9.63,9.63
Monaco,MCO,1994,10.07,10.07
Monaco,MCO,1995,9.75,9.75
Monaco,MCO,1996,10.08,10.08
Monaco,MCO,1997,10.679999,10.679999
Monaco,MCO,1998,10.809999,10.809999
Monaco,MCO,1999,10.88,10.88
Monaco,MCO,2000,11.3,11.3
Monaco,MCO,2001,10.86,10.86
Monaco,MCO,2002,10.5,10.5
Monaco,MCO,2003,10.75,10.75
Monaco,MCO,2004,11.16,11.16
Monaco,MCO,2005,11.34,11.34
Monaco,MCO,2006,12,12
Monaco,MCO,2007,11.9800005,11.9800005
Monaco,MCO,2008,10.78,10.78
Monaco,MCO,2009,9.88,9.88
Monaco,MCO,2010,10.93,10.93
Monaco,MCO,2011,10.88,10.88
Monaco,MCO,2012,10.25,10.25
Monaco,MCO,2013,10.400001,10.400001
Monaco,MCO,2014,10.849999,10.849999
Monaco,MCO,2015,10.66,10.66
Monaco,MCO,2016,10.7699995,10.7699995
Monaco,MCO,2017,10.78,10.78
Monaco,MCO,2018,10.83,10.83
Monaco,MCO,2019,10.49,10.49
Monaco,MCO,2020,10.58,10.58
Monaco,MCO,2021,11.4,11.4
Monaco,MCO,2022,11.5,11.5
Monaco,MCO,2023,11.5,11.5
Mongolia,MNG,1980,,14.929999
Mongolia,MNG,1981,,14.929999
Mongolia,MNG,1982,,14.929999
Mongolia,MNG,1983,,14.929999
Mongolia,MNG,1984,,14.929999
Mongolia,MNG,1985,,14.929999
Mongolia,MNG,1986,,14.929999
Mongolia,MNG,1987,,14.929999
Mongolia,MNG,1988,,14.929999
Mongolia,MNG,1989,,14.929999
Mongolia,MNG,1990,,14.929999
Mongolia,MNG,1991,,14.929999
Mongolia,MNG,1992,,14.929999
Mongolia,MNG,1993,,14.929999
Mongolia,MNG,1994,,14.929999
Mongolia,MNG,1995,14.929999,14.929999
Mongolia,MNG,1996,,15.41
Mongolia,MNG,1997,,15.25
Mongolia,MNG,1998,15.11,15.11
Mongolia,MNG,1999,,15.82
Mongolia,MNG,2000,,16.27
Mongolia,MNG,2001,,15.719999
Mongolia,MNG,2002,16.529999,16.529999
Mongolia,MNG,2003,,15.610001
Mongolia,MNG,2004,,17.76
Mongolia,MNG,2005,,17.66
Mongolia,MNG,2006,,18.63
Mongolia,MNG,2007,16.27,16.27
Mongolia,MNG,2008,,15.800001
Mongolia,MNG,2009,,15.26
Mongolia,MNG,2010,,17.65
Mongolia,MNG,2011,16.68,16.68
Mongolia,MNG,2012,18.16,18.16
Mongolia,MNG,2013,16.859999,16.859999
Mongolia,MNG,2014,17.48,17.48
Mongolia,MNG,2015,16.27,16.27
Mongolia,MNG,2016,16.37,16.37
Mongolia,MNG,2017,17.22,17.22
Mongolia,MNG,2018,,16.75
Mongolia,MNG,2019,,17.710001
Mongolia,MNG,2020,,16.04
Mongolia,MNG,2021,,16.46
Mongolia,MNG,2022,18.880001,18.880001
Mongolia,MNG,2023,16.060001,16.060001
Montenegro,MNE,1980,7.0600004,7.0600004
Montenegro,MNE,1981,7.0699997,7.0699997
Montenegro,MNE,1982,7.0699997,7.0699997
Montenegro,MNE,1983,7.0600004,7.0600004
Montenegro,MNE,1984,7.0600004,7.0600004
Montenegro,MNE,1985,7.0600004,7.0600004
Montenegro,MNE,1986,7.0600004,7.0600004
Montenegro,MNE,1987,7.0600004,7.0600004
Montenegro,MNE,1988,7.0600004,7.0600004
Montenegro,MNE,1989,7.0600004,7.0600004
Montenegro,MNE,1990,,7.05
Montenegro,MNE,1991,,7.25
Montenegro,MNE,1992,,7.4600005
Montenegro,MNE,1993,,7.6899996
Montenegro,MNE,1994,,7.9700003
Montenegro,MNE,1995,,8.29
Montenegro,MNE,1996,,8.29
Montenegro,MNE,1997,,8.299999
Montenegro,MNE,1998,,8.55
Montenegro,MNE,1999,,8.14
Montenegro,MNE,2000,,8.08
Montenegro,MNE,2001,8.120001,8.120001
Montenegro,MNE,2002,,8.2699995
Montenegro,MNE,2003,,8.26
Montenegro,MNE,2004,,8.05
Montenegro,MNE,2005,,8.030001
Montenegro,MNE,2006,8.23,8.23
Montenegro,MNE,2007,7.8900003,7.8900003
Montenegro,MNE,2008,8.1,8.1
Montenegro,MNE,2009,8.49,8.49
Montenegro,MNE,2010,8.79,8.79
Montenegro,MNE,2011,9.23,9.23
Montenegro,MNE,2012,9.95,9.95
Montenegro,MNE,2013,9.570001,9.570001
Montenegro,MNE,2014,9.21,9.21
Montenegro,MNE,2015,10.66,10.66
Montenegro,MNE,2016,10.450001,10.450001
Montenegro,MNE,2017,10.599999,10.599999
Montenegro,MNE,2018,,10.400001
Montenegro,MNE,2019,,10.09
Montenegro,MNE,2020,,9.889999
Montenegro,MNE,2021,,9.929999
Montenegro,MNE,2022,9.889999,9.889999
Montenegro,MNE,2023,9.929999,9.929999
Montserrat,MSR,1980,23.75,23.75
Montserrat,MSR,1981,23.64,23.64
Montserrat,MSR,1982,23.53,23.53
Montserrat,MSR,1983,23.42,23.42
Montserrat,MSR,1984,23.31,23.31
Montserrat,MSR,1985,23.19,23.19
Montserrat,MSR,1986,23.07,23.07
Montserrat,MSR,1987,22.949999,22.949999
Montserrat,MSR,1988,22.83,22.83
Montserrat,MSR,1989,22.71,22.71
Montserrat,MSR,1990,22.58,22.58
Montserrat,MSR,1991,22.57,22.57
Montserrat,MSR,1992,22.550001,22.550001
Montserrat,MSR,1993,22.54,22.54
Montserrat,MSR,1994,22.53,22.53
Montserrat,MSR,1995,22.52,22.52
Montserrat,MSR,1996,22.51,22.51
Montserrat,MSR,1997,22.5,22.5
Montserrat,MSR,1998,22.490002,22.490002
Montserrat,MSR,1999,22.480001,22.480001
Montserrat,MSR,2000,22.470001,22.470001
Montserrat,MSR,2001,22.310001,22.310001
Montserrat,MSR,2002,22.16,22.16
Montserrat,MSR,2003,22.02,22.02
Montserrat,MSR,2004,21.89,21.89
Montserrat,MSR,2005,21.76,21.76
Montserrat,MSR,2006,21.64,21.64
Montserrat,MSR,2007,21.529999,21.529999
Montserrat,MSR,2008,21.42,21.42
Montserrat,MSR,2009,21.31,21.31
Montserrat,MSR,2010,21.21,21.21
Montserrat,MSR,2011,21.199999,21.199999
Montserrat,MSR,2012,21.199999,21.199999
Montserrat,MSR,2013,21.199999,21.199999
Montserrat,MSR,2014,21.199999,21.199999
Montserrat,MSR,2015,21.189999,21.189999
Montserrat,MSR,2016,21.189999,21.189999
Montserrat,MSR,2017,21.189999,21.189999
Montserrat,MSR,2018,21.18,21.18
Montserrat,MSR,2019,21.18,21.18
Montserrat,MSR,2020,21.199999,21.199999
Montserrat,MSR,2021,21.199999,21.199999
Montserrat,MSR,2022,21.199999,21.199999
Montserrat,MSR,2023,21.199999,21.199999
Morocco,MAR,1980,,13.240001
Morocco,MAR,1981,,13.2699995
Morocco,MAR,1982,,13.249999
Morocco,MAR,1983,,13.249999
Morocco,MAR,1984,13.2699995,13.2699995
Morocco,MAR,1985,,13.249999
Morocco,MAR,1986,,13.36
Morocco,MAR,1987,,13.240001
Morocco,MAR,1988,,13.320001
Morocco,MAR,1989,,13.249999
Morocco,MAR,1990,,13.3
Morocco,MAR,1991,,13.240001
Morocco,MAR,1992,,13.330001
Morocco,MAR,1993,,13.31
Morocco,MAR,1994,,13.339999
Morocco,MAR,1995,,13.4800005
Morocco,MAR,1996,,13.330001
Morocco,MAR,1997,,13.420001
Morocco,MAR,1998,,13.61
Morocco,MAR,1999,,13.240001
Morocco,MAR,2000,13.249999,13.249999
Morocco,MAR,2001,,13.28
Morocco,MAR,2002,,13.349999
Morocco,MAR,2003,,13.46
Morocco,MAR,2004,,13.51
Morocco,MAR,2005,,13.259999
Morocco,MAR,2006,13.44,13.44
Morocco,MAR,2007,,13.320001
Morocco,MAR,2008,,13.249999
Morocco,MAR,2009,,13.240001
Morocco,MAR,2010,,13.54
Morocco,MAR,2011,,13.240001
Morocco,MAR,2012,,13.38
Morocco,MAR,2013,13.320001,13.320001
Morocco,MAR,2014,,13.3
Morocco,MAR,2015,,13.570001
Morocco,MAR,2016,,13.28
Morocco,MAR,2017,,13.410001
Morocco,MAR,2018,,13.38
Morocco,MAR,2019,,13.38
Morocco,MAR,2020,,13.47
Morocco,MAR,2021,,13.339999
Morocco,MAR,2022,13.330001,13.330001
Morocco,MAR,2023,13.2300005,13.2300005
Mozambique,MOZ,1980,,23.28
Mozambique,MOZ,1981,,24.8
Mozambique,MOZ,1982,,24.2
Mozambique,MOZ,1983,,24.439999
Mozambique,MOZ,1984,,23.5
Mozambique,MOZ,1985,,24.01
Mozambique,MOZ,1986,,24.55
Mozambique,MOZ,1987,,23.95
Mozambique,MOZ,1988,,24.55
Mozambique,MOZ,1989,,24.42
Mozambique,MOZ,1990,,23.970001
Mozambique,MOZ,1991,,24.449999
Mozambique,MOZ,1992,,23.880001
Mozambique,MOZ,1993,,24.130001
Mozambique,MOZ,1994,,23.87
Mozambique,MOZ,1995,,23.99
Mozambique,MOZ,1996,23.99,23.99
Mozambique,MOZ,1997,,24.11
Mozambique,MOZ,1998,,24.349998
Mozambique,MOZ,1999,,24.59
Mozambique,MOZ,2000,,24.83
Mozambique,MOZ,2001,,25.07
Mozambique,MOZ,2002,25.310001,25.310001
Mozambique,MOZ,2003,,25.260002
Mozambique,MOZ,2004,,24.63
Mozambique,MOZ,2005,,24.289999
Mozambique,MOZ,2006,,23.95
Mozambique,MOZ,2007,23.61,23.61
Mozambique,MOZ,2008,23.27,23.27
Mozambique,MOZ,2009,,24.55
Mozambique,MOZ,2010,,25.82
Mozambique,MOZ,2011,,27.09
Mozambique,MOZ,2012,,28.369999
Mozambique,MOZ,2013,,29.640001
Mozambique,MOZ,2014,31.43,31.43
Mozambique,MOZ,2015,,30.12
Mozambique,MOZ,2016,,28.41
Mozambique,MOZ,2017,,27.15
Mozambique,MOZ,2018,,25.9
Mozambique,MOZ,2019,,24.65
Mozambique,MOZ,2020,,24.65
Mozambique,MOZ,2021,,24.65
Mozambique,MOZ,2022,24.65,24.65
Mozambique,MOZ,2023,24.65,24.65
Myanmar,MMR,1980,,28.66
Myanmar,MMR,1981,,28.66
Myanmar,MMR,1982,,28.66
Myanmar,MMR,1983,,28.66
Myanmar,MMR,1984,,28.66
Myanmar,MMR,1985,,28.66
Myanmar,MMR,1986,,28.66
Myanmar,MMR,1987,,28.66
Myanmar,MMR,1988,,28.66
Myanmar,MMR,1989,,28.66
Myanmar,MMR,1990,,28.66
Myanmar,MMR,1991,,28.66
Myanmar,MMR,1992,,28.66
Myanmar,MMR,1993,,28.66
Myanmar,MMR,1994,,28.66
Myanmar,MMR,1995,,28.66
Myanmar,MMR,1996,,28.66
Myanmar,MMR,1997,,28.66
Myanmar,MMR,1998,,28.66
Myanmar,MMR,1999,,28.66
Myanmar,MMR,2000,,28.66
Myanmar,MMR,2001,,28.66
Myanmar,MMR,2002,,28.66
Myanmar,MMR,2003,,28.66
Myanmar,MMR,2004,,28.66
Myanmar,MMR,2005,,28.66
Myanmar,MMR,2006,,28.66
Myanmar,MMR,2007,,28.66
Myanmar,MMR,2008,,28.66
Myanmar,MMR,2009,,28.66
Myanmar,MMR,2010,,28.66
Myanmar,MMR,2011,,28.66
Myanmar,MMR,2012,,28.66
Myanmar,MMR,2013,,28.66
Myanmar,MMR,2014,,28.66
Myanmar,MMR,2015,28.66,28.66
Myanmar,MMR,2016,,21.04
Myanmar,MMR,2017,16.45,16.45
Myanmar,MMR,2018,,17.93
Myanmar,MMR,2019,,16.82
Myanmar,MMR,2020,,16.57
Myanmar,MMR,2021,,16.619999
Myanmar,MMR,2022,18,18
Myanmar,MMR,2023,16.63,16.63
Namibia,NAM,1980,,26.679998
Namibia,NAM,1981,,26.88
Namibia,NAM,1982,,27.61
Namibia,NAM,1983,,27.39
Namibia,NAM,1984,,26.9
Namibia,NAM,1985,,27.039999
Namibia,NAM,1986,,28.23
Namibia,NAM,1987,,27.15
Namibia,NAM,1988,,27.03
Namibia,NAM,1989,,27.12
Namibia,NAM,1990,,27.28
Namibia,NAM,1991,,27.050001
Namibia,NAM,1992,,27.12
Namibia,NAM,1993,,26.85
Namibia,NAM,1994,,27.289999
Namibia,NAM,1995,,27.17
Namibia,NAM,1996,,26.94
Namibia,NAM,1997,,27.050001
Namibia,NAM,1998,,27.08
Namibia,NAM,1999,,26.800001
Namibia,NAM,2000,,26.99
Namibia,NAM,2001,,27.15
Namibia,NAM,2002,,26.980001
Namibia,NAM,2003,26.789999,26.789999
Namibia,NAM,2004,,26.69
Namibia,NAM,2005,,26.589998
Namibia,NAM,2006,,26.570002
Namibia,NAM,2007,,26.409998
Namibia,NAM,2008,,26.28
Namibia,NAM,2009,26.24,26.24
Namibia,NAM,2010,,25.54
Namibia,NAM,2011,,24.69
Namibia,NAM,2012,,23.890001
Namibia,NAM,2013,,23.31
Namibia,NAM,2014,,22.27
Namibia,NAM,2015,21.49,21.49
Namibia,NAM,2016,,21.52
Namibia,NAM,2017,,21.49
Namibia,NAM,2018,,21.49
Namibia,NAM,2019,,21.5
Namibia,NAM,2020,,21.49
Namibia,NAM,2021,,21.59
Namibia,NAM,2022,21.49,21.49
Namibia,NAM,2023,21.529999,21.529999
Nauru,NRU,1980,8.81,8.81
Nauru,NRU,1981,8.95,8.95
Nauru,NRU,1982,9.099999,9.099999
Nauru,NRU,1983,9.25,9.25
Nauru,NRU,1984,9.4,9.4
Nauru,NRU,1985,9.55,9.55
Nauru,NRU,1986,9.71,9.71
Nauru,NRU,1987,9.87,9.87
Nauru,NRU,1988,10.03,10.03
Nauru,NRU,1989,10.2,10.2
Nauru,NRU,1990,10.37,10.37
Nauru,NRU,1991,10.65,10.65
Nauru,NRU,1992,10.91,10.91
Nauru,NRU,1993,11.17,11.17
Nauru,NRU,1994,11.42,11.42
Nauru,NRU,1995,11.66,11.66
Nauru,NRU,1996,11.89,11.89
Nauru,NRU,1997,12.12,12.12
Nauru,NRU,1998,12.34,12.34
Nauru,NRU,1999,12.549999,12.549999
Nauru,NRU,2000,12.76,12.76
Nauru,NRU,2001,13.14,13.14
Nauru,NRU,2002,13.51,13.51
Nauru,NRU,2003,13.879999,13.879999
Nauru,NRU,2004,14.23,14.23
Nauru,NRU,2005,14.58,14.58
Nauru,NRU,2006,14.920001,14.920001
Nauru,NRU,2007,15.25,15.25
Nauru,NRU,2008,15.57,15.57
Nauru,NRU,2009,15.889999,15.889999
Nauru,NRU,2010,16.2,16.2
Nauru,NRU,2011,16.18,16.18
Nauru,NRU,2012,16.16,16.16
Nauru,NRU,2013,16.140001,16.140001
Nauru,NRU,2014,16.12,16.12
Nauru,NRU,2015,16.11,16.11
Nauru,NRU,2016,16.09,16.09
Nauru,NRU,2017,16.07,16.07
Nauru,NRU,2018,16.060001,16.060001
Nauru,NRU,2019,16.050001,16.050001
Nauru,NRU,2020,16.03,16.03
Nauru,NRU,2021,16.03,16.03
Nauru,NRU,2022,16.03,16.03
Nauru,NRU,2023,16.03,16.03
Nepal,NPL,1980,,9.39
Nepal,NPL,1981,,9.39
Nepal,NPL,1982,,9.39
Nepal,NPL,1983,,9.39
Nepal,NPL,1984,9.39,9.39
Nepal,NPL,1985,,11.280001
Nepal,NPL,1986,,11.64
Nepal,NPL,1987,,12.88
Nepal,NPL,1988,,13.66
Nepal,NPL,1989,,14.46
Nepal,NPL,1990,,15.369999
Nepal,NPL,1991,,16.140001
Nepal,NPL,1992,,17.09
Nepal,NPL,1993,,16.76
Nepal,NPL,1994,,17.5
Nepal,NPL,1995,17.9,17.9
Nepal,NPL,1996,,18.199999
Nepal,NPL,1997,,17.17
Nepal,NPL,1998,,17.29
Nepal,NPL,1999,,16.96
Nepal,NPL,2000,,16.33
Nepal,NPL,2001,,16.47
Nepal,NPL,2002,,16.18
Nepal,NPL,2003,,15.93
Nepal,NPL,2004,,16
Nepal,NPL,2005,,15.34
Nepal,NPL,2006,,16.050001
Nepal,NPL,2007,,15.459999
Nepal,NPL,2008,,15.09
Nepal,NPL,2009,,14.26
Nepal,NPL,2010,14.95,14.95
Nepal,NPL,2011,,14.25
Nepal,NPL,2012,,14.24
Nepal,NPL,2013,,14.09
Nepal,NPL,2014,,13.950001
Nepal,NPL,2015,,13.789999
Nepal,NPL,2016,,14.55
Nepal,NPL,2017,,13.53
Nepal,NPL,2018,,13.410001
Nepal,NPL,2019,,13.45
Nepal,NPL,2020,,13.490001
Nepal,NPL,2021,,14.23
Nepal,NPL,2022,13.63,13.63
Nepal,NPL,2023,14.01,14.01
Netherlands,NLD,1980,5.87,5.87
Netherlands,NLD,1981,5.7999997,5.7999997
Netherlands,NLD,1982,5.81,5.81
Netherlands,NLD,1983,5.91,5.91
Netherlands,NLD,1984,5.9900002,5.9900002
Netherlands,NLD,1985,5.86,5.86
Netherlands,NLD,1986,5.89,5.89
Netherlands,NLD,1987,5.84,5.84
Netherlands,NLD,1988,5.9,5.9
Netherlands,NLD,1989,5.88,5.88
Netherlands,NLD,1990,5.65,5.65
Netherlands,NLD,1991,5.65,5.65
Netherlands,NLD,1992,5.48,5.48
Netherlands,NLD,1993,5.39,5.39
Netherlands,NLD,1994,5.55,5.55
Netherlands,NLD,1995,5.77,5.77
Netherlands,NLD,1996,5.73,5.73
Netherlands,NLD,1997,5.87,5.87
Netherlands,NLD,1998,5.71,5.71
Netherlands,NLD,1999,5.7999997,5.7999997
Netherlands,NLD,2000,5.9500003,5.9500003
Netherlands,NLD,2001,6.73,6.73
Netherlands,NLD,2002,6.69,6.69
Netherlands,NLD,2003,6.52,6.52
Netherlands,NLD,2004,6.79,6.79
Netherlands,NLD,2005,7.08,7.08
Netherlands,NLD,2006,6.92,6.92
Netherlands,NLD,2007,7.71,7.71
Netherlands,NLD,2008,6.57,6.57
Netherlands,NLD,2009,6.3600006,6.3600006
Netherlands,NLD,2010,6.69,6.69
Netherlands,NLD,2011,6.56,6.56
Netherlands,NLD,2012,6.4300003,6.4300003
Netherlands,NLD,2013,6.29,6.29
Netherlands,NLD,2014,6.82,6.82
Netherlands,NLD,2015,6.81,6.81
Netherlands,NLD,2016,6.7599998,6.7599998
Netherlands,NLD,2017,6.91,6.91
Netherlands,NLD,2018,,6.87
Netherlands,NLD,2019,,6.72
Netherlands,NLD,2020,,6.69
Netherlands,NLD,2021,,6.69
Netherlands,NLD,2022,6.69,6.69
Netherlands,NLD,2023,6.69,6.69
New Caledonia,NCL,1980,8.81,8.81
New Caledonia,NCL,1981,8.95,8.95
New Caledonia,NCL,1982,9.099999,9.099999
New Caledonia,NCL,1983,9.25,9.25
New Caledonia,NCL,1984,9.4,9.4
New Caledonia,NCL,1985,9.55,9.55
New Caledonia,NCL,1986,9.71,9.71
New Caledonia,NCL,1987,9.87,9.87
New Caledonia,NCL,1988,10.03,10.03
New Caledonia,NCL,1989,10.2,10.2
New Caledonia,NCL,1990,10.37,10.37
New Caledonia,NCL,1991,10.65,10.65
New Caledonia,NCL,1992,10.91,10.91
New Caledonia,NCL,1993,11.17,11.17
New Caledonia,NCL,1994,11.42,11.42
New Caledonia,NCL,1995,11.66,11.66
New Caledonia,NCL,1996,11.89,11.89
New Caledonia,NCL,1997,12.12,12.12
New Caledonia,NCL,1998,12.34,12.34
New Caledonia,NCL,1999,12.549999,12.549999
New Caledonia,NCL,2000,12.76,12.76
New Caledonia,NCL,2001,13.14,13.14
New Caledonia,NCL,2002,13.51,13.51
New Caledonia,NCL,2003,13.879999,13.879999
New Caledonia,NCL,2004,14.23,14.23
New Caledonia,NCL,2005,14.58,14.58
New Caledonia,NCL,2006,14.920001,14.920001
New Caledonia,NCL,2007,15.25,15.25
New Caledonia,NCL,2008,15.57,15.57
New Caledonia,NCL,2009,15.889999,15.889999
New Caledonia,NCL,2010,16.2,16.2
New Caledonia,NCL,2011,16.18,16.18
New Caledonia,NCL,2012,16.16,16.16
New Caledonia,NCL,2013,16.140001,16.140001
New Caledonia,NCL,2014,16.12,16.12
New Caledonia,NCL,2015,16.11,16.11
New Caledonia,NCL,2016,16.09,16.09
New Caledonia,NCL,2017,16.07,16.07
New Caledonia,NCL,2018,16.060001,16.060001
New Caledonia,NCL,2019,16.050001,16.050001
New Caledonia,NCL,2020,16.03,16.03
New Caledonia,NCL,2021,16.03,16.03
New Caledonia,NCL,2022,16.03,16.03
New Caledonia,NCL,2023,16.03,16.03
New Zealand,NZL,1820,,14.43
New Zealand,NZL,1850,,14.749999
New Zealand,NZL,1880,,14.589999
New Zealand,NZL,1900,,16.210001
New Zealand,NZL,1910,,16.210001
New Zealand,NZL,1920,,18.8
New Zealand,NZL,1921,20.730001,20.730001
New Zealand,NZL,1922,19.27,19.27
New Zealand,NZL,1923,20.09,20.09
New Zealand,NZL,1924,19.99,19.99
New Zealand,NZL,1925,20.24,20.24
New Zealand,NZL,1926,19.789999,19.789999
New Zealand,NZL,1927,19.52,19.52
New Zealand,NZL,1928,20.94,20.94
New Zealand,NZL,1929,20.029999,20.029999
New Zealand,NZL,1930,19.09,19.09
New Zealand,NZL,1931,19.28,19.28
New Zealand,NZL,1932,19.96,19.96
New Zealand,NZL,1933,19.67,19.67
New Zealand,NZL,1934,18.92,18.92
New Zealand,NZL,1935,18.85,18.85
New Zealand,NZL,1936,19.699999,19.699999
New Zealand,NZL,1937,15.51,15.51
New Zealand,NZL,1938,13.799999,13.799999
New Zealand,NZL,1939,14.679999,14.679999
New Zealand,NZL,1940,13.940001,13.940001
New Zealand,NZL,1941,13.78,13.78
New Zealand,NZL,1942,13.55,13.55
New Zealand,NZL,1943,13.46,13.46
New Zealand,NZL,1944,13.28,13.28
New Zealand,NZL,1945,13.160001,13.160001
New Zealand,NZL,1946,14.18,14.18
New Zealand,NZL,1947,14.599999,14.599999
New Zealand,NZL,1948,14.5199995,14.5199995
New Zealand,NZL,1949,15.06,15.06
New Zealand,NZL,1950,17.36,17.36
New Zealand,NZL,1951,14.759999,14.759999
New Zealand,NZL,1952,14.88,14.88
New Zealand,NZL,1953,14.849999,14.849999
New Zealand,NZL,1954,14.38,14.38
New Zealand,NZL,1955,13.22,13.22
New Zealand,NZL,1956,13.44,13.44
New Zealand,NZL,1957,13.179999,13.179999
New Zealand,NZL,1958,11.06,11.06
New Zealand,NZL,1959,11.58,11.58
New Zealand,NZL,1960,11.33,11.33
New Zealand,NZL,1961,11.190001,11.190001
New Zealand,NZL,1962,11.1,11.1
New Zealand,NZL,1963,11.18,11.18
New Zealand,NZL,1964,11.75,11.75
New Zealand,NZL,1965,10.33,10.33
New Zealand,NZL,1966,10.12,10.12
New Zealand,NZL,1967,10.13,10.13
New Zealand,NZL,1968,10.33,10.33
New Zealand,NZL,1969,10.33,10.33
New Zealand,NZL,1970,10.19,10.19
New Zealand,NZL,1971,9.98,9.98
New Zealand,NZL,1972,11.02,11.02
New Zealand,NZL,1973,11.59,11.59
New Zealand,NZL,1974,10.95,10.95
New Zealand,NZL,1975,9.01,9.01
New Zealand,NZL,1976,10.76,10.76
New Zealand,NZL,1977,8.71,8.71
New Zealand,NZL,1978,8.51,8.51
New Zealand,NZL,1979,8.08,8.08
New Zealand,NZL,1980,7.7,7.7
New Zealand,NZL,1981,7.66,7.66
New Zealand,NZL,1982,7.7200003,7.7200003
New Zealand,NZL,1983,8.59,8.59
New Zealand,NZL,1984,8.5199995,8.5199995
New Zealand,NZL,1985,8.1,8.1
New Zealand,NZL,1986,7.19,7.19
New Zealand,NZL,1987,7.88,7.88
New Zealand,NZL,1988,8.150001,8.150001
New Zealand,NZL,1989,9.929999,9.929999
New Zealand,NZL,1990,11.940001,11.940001
New Zealand,NZL,1991,10.62,10.62
New Zealand,NZL,1992,11.33,11.33
New Zealand,NZL,1993,12.08,12.08
New Zealand,NZL,1994,12.34,12.34
New Zealand,NZL,1995,12.45,12.45
New Zealand,NZL,1996,11.93,11.93
New Zealand,NZL,1997,12.91,12.91
New Zealand,NZL,1998,13.77,13.77
New Zealand,NZL,1999,18.17,18.17
New Zealand,NZL,2000,11.65,11.65
New Zealand,NZL,2001,12.83,12.83
New Zealand,NZL,2002,12.59,12.59
New Zealand,NZL,2003,13.21,13.21
New Zealand,NZL,2004,21.55,21.55
New Zealand,NZL,2005,18.33,18.33
New Zealand,NZL,2006,10.41,10.41
New Zealand,NZL,2007,10.71,10.71
New Zealand,NZL,2008,18.33,18.33
New Zealand,NZL,2009,20.87,20.87
New Zealand,NZL,2010,22.64,22.64
New Zealand,NZL,2011,19.82,19.82
New Zealand,NZL,2012,14.69,14.69
New Zealand,NZL,2013,12.57,12.57
New Zealand,NZL,2014,11.88,11.88
New Zealand,NZL,2015,11.8,11.8
New Zealand,NZL,2016,11.389999,11.389999
New Zealand,NZL,2017,11.61,11.61
New Zealand,NZL,2018,10.76,10.76
New Zealand,NZL,2019,,12.09
New Zealand,NZL,2020,,13.76
New Zealand,NZL,2021,,16.779999
New Zealand,NZL,2022,12.259999,12.259999
New Zealand,NZL,2023,12.219999,12.219999
Nicaragua,NIC,1980,,19.03
Nicaragua,NIC,1981,,19.03
Nicaragua,NIC,1982,,19.03
Nicaragua,NIC,1983,,19.03
Nicaragua,NIC,1984,,19.03
Nicaragua,NIC,1985,,19.03
Nicaragua,NIC,1986,,19.03
Nicaragua,NIC,1987,,19.03
Nicaragua,NIC,1988,,19.03
Nicaragua,NIC,1989,,19.03
Nicaragua,NIC,1990,,19.03
Nicaragua,NIC,1991,,19.03
Nicaragua,NIC,1992,,19.03
Nicaragua,NIC,1993,,19.03
Nicaragua,NIC,1994,,19.03
Nicaragua,NIC,1995,,19.03
Nicaragua,NIC,1996,,19.03
Nicaragua,NIC,1997,,19.03
Nicaragua,NIC,1998,,19.03
Nicaragua,NIC,1999,,19.03
Nicaragua,NIC,2000,,19.03
Nicaragua,NIC,2001,,19.84
Nicaragua,NIC,2002,,19.28
Nicaragua,NIC,2003,,20.43
Nicaragua,NIC,2004,,19.99
Nicaragua,NIC,2005,,19.300001
Nicaragua,NIC,2006,,19.41
Nicaragua,NIC,2007,,21.1
Nicaragua,NIC,2008,,20.29
Nicaragua,NIC,2009,,19.28
Nicaragua,NIC,2010,,20.01
Nicaragua,NIC,2011,,19.82
Nicaragua,NIC,2012,,19.699999
Nicaragua,NIC,2013,,20.57
Nicaragua,NIC,2014,,20.460001
Nicaragua,NIC,2015,,19.42
Nicaragua,NIC,2016,,19.84
Nicaragua,NIC,2017,,18.84
Nicaragua,NIC,2018,,19.76
Nicaragua,NIC,2019,,19.050001
Nicaragua,NIC,2020,,20.43
Nicaragua,NIC,2021,,18.92
Nicaragua,NIC,2022,17.87,17.87
Nicaragua,NIC,2023,17.87,17.87
Niger,NER,1980,,16.689999
Niger,NER,1981,,16.619999
Niger,NER,1982,,16.619999
Niger,NER,1983,,16.619999
Niger,NER,1984,,16.619999
Niger,NER,1985,,16.619999
Niger,NER,1986,,16.619999
Niger,NER,1987,,16.619999
Niger,NER,1988,,16.619999
Niger,NER,1989,,16.619999
Niger,NER,1990,,16.619999
Niger,NER,1991,,16.619999
Niger,NER,1992,16.619999,16.619999
Niger,NER,1993,,16.619999
Niger,NER,1994,16.619999,16.619999
Niger,NER,1995,,17.24
Niger,NER,1996,,17.87
Niger,NER,1997,,18.49
Niger,NER,1998,,19.12
Niger,NER,1999,,19.74
Niger,NER,2000,,20.37
Niger,NER,2001,,20.99
Niger,NER,2002,,21.619999
Niger,NER,2003,,22.24
Niger,NER,2004,,22.859999
Niger,NER,2005,23.49,23.49
Niger,NER,2006,,19.71
Niger,NER,2007,15.92,15.92
Niger,NER,2008,,14.94
Niger,NER,2009,,13.959999
Niger,NER,2010,,12.97
Niger,NER,2011,11.990001,11.990001
Niger,NER,2012,,11.8
Niger,NER,2013,,11.599999
Niger,NER,2014,11.41,11.41
Niger,NER,2015,,12.549999
Niger,NER,2016,,13.7
Niger,NER,2017,,14.839999
Niger,NER,2018,,15.98
Niger,NER,2019,,15.27
Niger,NER,2020,,14.57
Niger,NER,2021,,13.860001
Niger,NER,2022,13.860001,13.860001
Niger,NER,2023,13.860001,13.860001
Nigeria,NGA,1980,,12.139999
Nigeria,NGA,1981,,11.29
Nigeria,NGA,1982,,11.32
Nigeria,NGA,1983,,11.2300005
Nigeria,NGA,1984,,11.21
Nigeria,NGA,1985,11.27,11.27
Nigeria,NGA,1986,,11.35
Nigeria,NGA,1987,,11.509999
Nigeria,NGA,1988,,11.3
Nigeria,NGA,1989,,11.200001
Nigeria,NGA,1990,,11.25
Nigeria,NGA,1991,,11.26
Nigeria,NGA,1992,11.389999,11.389999
Nigeria,NGA,1993,,11.48
Nigeria,NGA,1994,,11.61
Nigeria,NGA,1995,,11.8
Nigeria,NGA,1996,,12
Nigeria,NGA,1997,,12.21
Nigeria,NGA,1998,,12.41
Nigeria,NGA,1999,,12.639999
Nigeria,NGA,2000,,12.83
Nigeria,NGA,2001,,13.009999
Nigeria,NGA,2002,,13.22
Nigeria,NGA,2003,13.45,13.45
Nigeria,NGA,2004,,12.96
Nigeria,NGA,2005,,12.49
Nigeria,NGA,2006,,12.030001
Nigeria,NGA,2007,,11.5199995
Nigeria,NGA,2008,,11.04
Nigeria,NGA,2009,10.559999,10.559999
Nigeria,NGA,2010,,10.059999
Nigeria,NGA,2011,,10.04
Nigeria,NGA,2012,,10.01
Nigeria,NGA,2013,,10.05
Nigeria,NGA,2014,,10.09
Nigeria,NGA,2015,,10.13
Nigeria,NGA,2016,,10.559999
Nigeria,NGA,2017,,10.99
Nigeria,NGA,2018,11.42,11.42
Nigeria,NGA,2019,,11.42
Nigeria,NGA,2020,,11.42
Nigeria,NGA,2021,,11.42
Nigeria,NGA,2022,11.42,11.42
Nigeria,NGA,2023,11.42,11.42
North Africa (WID),,1980,22.11,22.11
North Africa (WID),,1981,20.22,20.22
North Africa (WID),,1982,19.98,19.98
North Africa (WID),,1983,24.050001,24.050001
North Africa (WID),,1984,19.310001,19.310001
North Africa (WID),,1985,19.42,19.42
North Africa (WID),,1986,19.35,19.35
North Africa (WID),,1987,18.3,18.3
North Africa (WID),,1988,18.449999,18.449999
North Africa (WID),,1989,18.48,18.48
North Africa (WID),,1990,18.289999,18.289999
North Africa (WID),,1991,18.56,18.56
North Africa (WID),,1992,18.73,18.73
North Africa (WID),,1993,18.38,18.38
North Africa (WID),,1994,18.46,18.46
North Africa (WID),,1995,18.69,18.69
North Africa (WID),,1996,18.81,18.81
North Africa (WID),,1997,19.33,19.33
North Africa (WID),,1998,19.82,19.82
North Africa (WID),,1999,20.22,20.22
North Africa (WID),,2000,19.99,19.99
North Africa (WID),,2001,19.96,19.96
North Africa (WID),,2002,20.28,20.28
North Africa (WID),,2003,19.76,19.76
North Africa (WID),,2004,19.91,19.91
North Africa (WID),,2005,19.61,19.61
North Africa (WID),,2006,19.92,19.92
North Africa (WID),,2007,20.26,20.26
North Africa (WID),,2008,19.99,19.99
North Africa (WID),,2009,19.5,19.5
North Africa (WID),,2010,18.970001,18.970001
North Africa (WID),,2011,19.01,19.01
North Africa (WID),,2012,20.27,20.27
North Africa (WID),,2013,21.46,21.46
North Africa (WID),,2014,22,22
North Africa (WID),,2015,22.19,22.19
North Africa (WID),,2016,22.35,22.35
North Africa (WID),,2017,22,22
North Africa (WID),,2018,21.95,21.95
North Africa (WID),,2019,22.06,22.06
North Africa (WID),,2020,21.34,21.34
North Africa (WID),,2021,21.439999,21.439999
North Africa (WID),,2022,20.76,20.76
North Africa (WID),,2023,20.85,20.85
North America (WID),,1820,16.140001,16.140001
North America (WID),,1850,16.85,16.85
North America (WID),,1880,11.81,11.81
North America (WID),,1900,15.4,15.4
North America (WID),,1910,19.859999,19.859999
North America (WID),,1920,18.74,18.74
North America (WID),,1930,19.06,19.06
North America (WID),,1940,20.38,20.38
North America (WID),,1950,16.1,16.1
North America (WID),,1960,12.2699995,12.2699995
North America (WID),,1970,10.75,10.75
North America (WID),,1980,10.26,10.26
North America (WID),,1981,10.51,10.51
North America (WID),,1982,10.809999,10.809999
North America (WID),,1983,11.36,11.36
North America (WID),,1984,12,12
North America (WID),,1985,12.11,12.11
North America (WID),,1986,11.83,11.83
North America (WID),,1987,13.079999,13.079999
North America (WID),,1988,15.009999,15.009999
North America (WID),,1989,14.5199995,14.5199995
North America (WID),,1990,14.57,14.57
North America (WID),,1991,13.53,13.53
North America (WID),,1992,14.57,14.57
North America (WID),,1993,14.08,14.08
North America (WID),,1994,13.93,13.93
North America (WID),,1995,14.43,14.43
North America (WID),,1996,15.17,15.17
North America (WID),,1997,15.940001,15.940001
North America (WID),,1998,16.26,16.26
North America (WID),,1999,16.689999,16.689999
North America (WID),,2000,17.26,17.26
North America (WID),,2001,16.529999,16.529999
North America (WID),,2002,16.03,16.03
North America (WID),,2003,16.26,16.26
North America (WID),,2004,16.98,16.98
North America (WID),,2005,17.95,17.95
North America (WID),,2006,18.4,18.4
North America (WID),,2007,18.289999,18.289999
North America (WID),,2008,17.810001,17.810001
North America (WID),,2009,16.58,16.58
North America (WID),,2010,17.75,17.75
North America (WID),,2011,17.96,17.96
North America (WID),,2012,19.300001,19.300001
North America (WID),,2013,18.289999,18.289999
North America (WID),,2014,18.77,18.77
North America (WID),,2015,18.75,18.75
North America (WID),,2016,18.539999,18.539999
North America (WID),,2017,18.9,18.9
North America (WID),,2018,19.1,19.1
North America (WID),,2019,18.91,18.91
North America (WID),,2020,18.07,18.07
North America (WID),,2021,19.75,19.75
North America (WID),,2022,20.61,20.61
North America (WID),,2023,20.62,20.62
North America and Oceania (WID),,1980,10.24,10.24
North America and Oceania (WID),,1981,10.47,10.47
North America and Oceania (WID),,1982,10.75,10.75
North America and Oceania (WID),,1983,11.33,11.33
North America and Oceania (WID),,1984,11.97,11.97
North America and Oceania (WID),,1985,12.09,12.09
North America and Oceania (WID),,1986,11.84,11.84
North America and Oceania (WID),,1987,13.079999,13.079999
North America and Oceania (WID),,1988,15.009999,15.009999
North America and Oceania (WID),,1989,14.54,14.54
North America and Oceania (WID),,1990,14.57,14.57
North America and Oceania (WID),,1991,13.54,13.54
North America and Oceania (WID),,1992,14.5,14.5
North America and Oceania (WID),,1993,13.950001,13.950001
North America and Oceania (WID),,1994,13.889999,13.889999
North America and Oceania (WID),,1995,14.38,14.38
North America and Oceania (WID),,1996,15.080001,15.080001
North America and Oceania (WID),,1997,15.880001,15.880001
North America and Oceania (WID),,1998,16.18,16.18
North America and Oceania (WID),,1999,16.59,16.59
North America and Oceania (WID),,2000,17.14,17.14
North America and Oceania (WID),,2001,16.52,16.52
North America and Oceania (WID),,2002,15.98,15.98
North America and Oceania (WID),,2003,16.25,16.25
North America and Oceania (WID),,2004,17.06,17.06
North America and Oceania (WID),,2005,17.96,17.96
North America and Oceania (WID),,2006,18.32,18.32
North America and Oceania (WID),,2007,18.199999,18.199999
North America and Oceania (WID),,2008,17.69,17.69
North America and Oceania (WID),,2009,16.56,16.56
North America and Oceania (WID),,2010,17.78,17.78
North America and Oceania (WID),,2011,17.92,17.92
North America and Oceania (WID),,2012,19.18,19.18
North America and Oceania (WID),,2013,18.199999,18.199999
North America and Oceania (WID),,2014,18.67,18.67
North America and Oceania (WID),,2015,18.529999,18.529999
North America and Oceania (WID),,2016,18.34,18.34
North America and Oceania (WID),,2017,18.71,18.71
North America and Oceania (WID),,2018,18.76,18.76
North America and Oceania (WID),,2019,18.619999,18.619999
North America and Oceania (WID),,2020,17.810001,17.810001
North America and Oceania (WID),,2021,19.5,19.5
North America and Oceania (WID),,2022,20.26,20.26
North America and Oceania (WID),,2023,20.27,20.27
North Korea,PRK,1980,,12.49
North Korea,PRK,1981,,12.49
North Korea,PRK,1982,,12.49
North Korea,PRK,1983,,12.49
North Korea,PRK,1984,,12.49
North Korea,PRK,1985,,12.49
North Korea,PRK,1986,,12.49
North Korea,PRK,1987,,12.49
North Korea,PRK,1988,,12.49
North Korea,PRK,1989,,12.49
North Korea,PRK,1990,,12.49
North Korea,PRK,1991,,12.45
North Korea,PRK,1992,,12.34
North Korea,PRK,1993,,12.66
North Korea,PRK,1994,,13.14
North Korea,PRK,1995,,12.83
North Korea,PRK,1996,,12.85
North Korea,PRK,1997,,12.75
North Korea,PRK,1998,,12.94
North Korea,PRK,1999,,12.97
North Korea,PRK,2000,,13.38
North Korea,PRK,2001,,13.59
North Korea,PRK,2002,,14.38
North Korea,PRK,2003,,14.5
North Korea,PRK,2004,,14.740001
North Korea,PRK,2005,,15.870001
North Korea,PRK,2006,,15.080001
North Korea,PRK,2007,,15.49
North Korea,PRK,2008,,15.719999
North Korea,PRK,2009,,17.01
North Korea,PRK,2010,,17.14
North Korea,PRK,2011,,16.11
North Korea,PRK,2012,,15.03
North Korea,PRK,2013,,14.7699995
North Korea,PRK,2014,,14.69
North Korea,PRK,2015,,14.87
North Korea,PRK,2016,,15.09
North Korea,PRK,2017,,14.81
North Korea,PRK,2018,,15.080001
North Korea,PRK,2019,,15.4
North Korea,PRK,2020,,15.17
North Korea,PRK,2021,,14.97
North Korea,PRK,2022,14.96,14.96
North Korea,PRK,2023,15.080001,15.080001
North Macedonia,MKD,1980,7.5499997,7.5499997
North Macedonia,MKD,1981,7.5499997,7.5499997
North Macedonia,MKD,1982,7.5499997,7.5499997
North Macedonia,MKD,1983,7.5499997,7.5499997
North Macedonia,MKD,1984,7.62,7.62
North Macedonia,MKD,1985,7.48,7.48
North Macedonia,MKD,1986,7.52,7.52
North Macedonia,MKD,1987,7.83,7.83
North Macedonia,MKD,1988,7.7200003,7.7200003
North Macedonia,MKD,1989,7.7,7.7
North Macedonia,MKD,1990,,7.6800003
North Macedonia,MKD,1991,,7.7200003
North Macedonia,MKD,1992,,8.05
North Macedonia,MKD,1993,,8.46
North Macedonia,MKD,1994,,8.44
North Macedonia,MKD,1995,,8.93
North Macedonia,MKD,1996,8.780001,8.780001
North Macedonia,MKD,1997,9.17,9.17
North Macedonia,MKD,1998,8.95,8.95
North Macedonia,MKD,1999,8.389999,8.389999
North Macedonia,MKD,2000,8.57,8.57
North Macedonia,MKD,2001,8.44,8.44
North Macedonia,MKD,2002,,8.21
North Macedonia,MKD,2003,,8.08
North Macedonia,MKD,2004,,7.8100004
North Macedonia,MKD,2005,,7.88
North Macedonia,MKD,2006,,7.5000005
North Macedonia,MKD,2007,,7.12
North Macedonia,MKD,2008,,7.71
North Macedonia,MKD,2009,,7.6
North Macedonia,MKD,2010,,7.84
North Macedonia,MKD,2011,8.1,8.1
North Macedonia,MKD,2012,8.1,8.1
North Macedonia,MKD,2013,8.5,8.5
North Macedonia,MKD,2014,8.91,8.91
North Macedonia,MKD,2015,8.37,8.37
North Macedonia,MKD,2016,8.41,8.41
North Macedonia,MKD,2017,8.65,8.65
North Macedonia,MKD,2018,,7.66
North Macedonia,MKD,2019,,7.13
North Macedonia,MKD,2020,,7
North Macedonia,MKD,2021,,6.92
North Macedonia,MKD,2022,6.99,6.99
North Macedonia,MKD,2023,7,7
Norway,NOR,1980,7.61,7.61
Norway,NOR,1981,7.29,7.29
Norway,NOR,1982,7.3299994,7.3299994
Norway,NOR,1983,7.35,7.35
Norway,NOR,1984,8.070001,8.070001
Norway,NOR,1985,9.11,9.11
Norway,NOR,1986,5.88,5.88
Norway,NOR,1987,5.46,5.46
Norway,NOR,1988,4.87,4.87
Norway,NOR,1989,5.65,5.65
Norway,NOR,1990,5.7999997,5.7999997
Norway,NOR,1991,6.22,6.22
Norway,NOR,1992,6.89,6.89
Norway,NOR,1993,8.13,8.13
Norway,NOR,1994,9.03,9.03
Norway,NOR,1995,8.36,8.36
Norway,NOR,1996,10,10
Norway,NOR,1997,10.43,10.43
Norway,NOR,1998,8.66,8.66
Norway,NOR,1999,10.28,10.28
Norway,NOR,2000,13.2699995,13.2699995
Norway,NOR,2001,10.51,10.51
Norway,NOR,2002,12.58,12.58
Norway,NOR,2003,11.69,11.69
Norway,NOR,2004,13.150001,13.150001
Norway,NOR,2005,15.03,15.03
Norway,NOR,2006,14,14
Norway,NOR,2007,13.4800005,13.4800005
Norway,NOR,2008,14.300001,14.300001
Norway,NOR,2009,10.86,10.86
Norway,NOR,2010,12.620001,12.620001
Norway,NOR,2011,12.389999,12.389999
Norway,NOR,2012,13.240001,13.240001
Norway,NOR,2013,12.83,12.83
Norway,NOR,2014,11.990001,11.990001
Norway,NOR,2015,10.0199995,10.0199995
Norway,NOR,2016,9.77,9.77
Norway,NOR,2017,10.599999,10.599999
Norway,NOR,2018,,11.55
Norway,NOR,2019,,9.849999
Norway,NOR,2020,,9.46
Norway,NOR,2021,,9.849999
Norway,NOR,2022,10,10
Norway,NOR,2023,9.660001,9.660001
Oceania (WID),,1820,15.870001,15.870001
Oceania (WID),,1850,15.19,15.19
Oceania (WID),,1880,14.910001,14.910001
Oceania (WID),,1900,16.42,16.42
Oceania (WID),,1910,16.55,16.55
Oceania (WID),,1920,14.26,14.26
Oceania (WID),,1930,13.51,13.51
Oceania (WID),,1940,12.790001,12.790001
Oceania (WID),,1950,17.1,17.1
Oceania (WID),,1960,8.66,8.66
Oceania (WID),,1970,7.53,7.53
Oceania (WID),,1980,6.2799997,6.2799997
Oceania (WID),,1981,6.1099997,6.1099997
Oceania (WID),,1982,6.15,6.15
Oceania (WID),,1983,6.56,6.56
Oceania (WID),,1984,6.6,6.6
Oceania (WID),,1985,6.7500005,6.7500005
Oceania (WID),,1986,7.08,7.08
Oceania (WID),,1987,8.21,8.21
Oceania (WID),,1988,9.9,9.9
Oceania (WID),,1989,8.98,8.98
Oceania (WID),,1990,8.2,8.2
Oceania (WID),,1991,8.030001,8.030001
Oceania (WID),,1992,7.96,7.96
Oceania (WID),,1993,8.51,8.51
Oceania (WID),,1994,8.83,8.83
Oceania (WID),,1995,9.13,9.13
Oceania (WID),,1996,9.49,9.49
Oceania (WID),,1997,9.660001,9.660001
Oceania (WID),,1998,9.660001,9.660001
Oceania (WID),,1999,10.33,10.33
Oceania (WID),,2000,10.34,10.34
Oceania (WID),,2001,10.35,10.35
Oceania (WID),,2002,10.71,10.71
Oceania (WID),,2003,10.849999,10.849999
Oceania (WID),,2004,13.2699995,13.2699995
Oceania (WID),,2005,13.410001,13.410001
Oceania (WID),,2006,11.33,11.33
Oceania (WID),,2007,12.19,12.19
Oceania (WID),,2008,12.84,12.84
Oceania (WID),,2009,13.71,13.71
Oceania (WID),,2010,15.14,15.14
Oceania (WID),,2011,14.02,14.02
Oceania (WID),,2012,12.41,12.41
Oceania (WID),,2013,12.74,12.74
Oceania (WID),,2014,12.259999,12.259999
Oceania (WID),,2015,11.81,11.81
Oceania (WID),,2016,11.14,11.14
Oceania (WID),,2017,11.62,11.62
Oceania (WID),,2018,11.53,11.53
Oceania (WID),,2019,11.59,11.59
Oceania (WID),,2020,11.77,11.77
Oceania (WID),,2021,11.97,11.97
Oceania (WID),,2022,12.2699995,12.2699995
Oceania (WID),,2023,11.36,11.36
Oman,OMN,1980,,19.76
Oman,OMN,1981,,19.84
Oman,OMN,1982,,19.939999
Oman,OMN,1983,,19.84
Oman,OMN,1984,,19.76
Oman,OMN,1985,,19.769999
Oman,OMN,1986,,19.85
Oman,OMN,1987,,19.789999
Oman,OMN,1988,,19.83
Oman,OMN,1989,,19.76
Oman,OMN,1990,,19.83
Oman,OMN,1991,,19.98
Oman,OMN,1992,,19.76
Oman,OMN,1993,,19.98
Oman,OMN,1994,,19.76
Oman,OMN,1995,,20.07
Oman,OMN,1996,,19.84
Oman,OMN,1997,,19.85
Oman,OMN,1998,,19.76
Oman,OMN,1999,,19.75
Oman,OMN,2000,,19.8
Oman,OMN,2001,,19.779999
Oman,OMN,2002,,19.76
Oman,OMN,2003,,19.8
Oman,OMN,2004,,19.779999
Oman,OMN,2005,,19.789999
Oman,OMN,2006,,19.76
Oman,OMN,2007,,19.84
Oman,OMN,2008,,19.859999
Oman,OMN,2009,,19.859999
Oman,OMN,2010,19.76,19.76
Oman,OMN,2011,,19.769999
Oman,OMN,2012,,19.85
Oman,OMN,2013,,19.76
Oman,OMN,2014,,19.75
Oman,OMN,2015,,19.779999
Oman,OMN,2016,,19.779999
Oman,OMN,2017,,19.96
Oman,OMN,2018,,19.769999
Oman,OMN,2019,,19.8
Oman,OMN,2020,,19.83
Oman,OMN,2021,,19.85
Oman,OMN,2022,19.779999,19.779999
Oman,OMN,2023,19.75,19.75
Pakistan,PAK,1980,,15.82
Pakistan,PAK,1981,,15.82
Pakistan,PAK,1982,,15.82
Pakistan,PAK,1983,,15.82
Pakistan,PAK,1984,,15.82
Pakistan,PAK,1985,,15.82
Pakistan,PAK,1986,,15.82
Pakistan,PAK,1987,15.82,15.82
Pakistan,PAK,1988,,15.379999
Pakistan,PAK,1989,,15.6
Pakistan,PAK,1990,15.080001,15.080001
Pakistan,PAK,1991,,15.52
Pakistan,PAK,1992,,15.700001
Pakistan,PAK,1993,,16.35
Pakistan,PAK,1994,,15.98
Pakistan,PAK,1995,,16.37
Pakistan,PAK,1996,16.65,16.65
Pakistan,PAK,1997,,18.24
Pakistan,PAK,1998,18.59,18.59
Pakistan,PAK,1999,,18.289999
Pakistan,PAK,2000,,17.460001
Pakistan,PAK,2001,17.06,17.06
Pakistan,PAK,2002,,17.41
Pakistan,PAK,2003,,18.08
Pakistan,PAK,2004,16.539999,16.539999
Pakistan,PAK,2005,19.19,19.19
Pakistan,PAK,2006,,18.41
Pakistan,PAK,2007,17.27,17.27
Pakistan,PAK,2008,,16.240002
Pakistan,PAK,2009,,16.85
Pakistan,PAK,2010,17.92,17.92
Pakistan,PAK,2011,17.49,17.49
Pakistan,PAK,2012,,17.68
Pakistan,PAK,2013,16.220001,16.220001
Pakistan,PAK,2014,,18.67
Pakistan,PAK,2015,17.460001,17.460001
Pakistan,PAK,2016,,16.72
Pakistan,PAK,2017,,16.689999
Pakistan,PAK,2018,16.47,16.47
Pakistan,PAK,2019,,17.29
Pakistan,PAK,2020,,16.92
Pakistan,PAK,2021,,16.12
Pakistan,PAK,2022,16.310001,16.310001
Pakistan,PAK,2023,17.51,17.51
Palau,PLW,1980,8.81,8.81
Palau,PLW,1981,8.95,8.95
Palau,PLW,1982,9.099999,9.099999
Palau,PLW,1983,9.25,9.25
Palau,PLW,1984,9.4,9.4
Palau,PLW,1985,9.55,9.55
Palau,PLW,1986,9.71,9.71
Palau,PLW,1987,9.87,9.87
Palau,PLW,1988,10.03,10.03
Palau,PLW,1989,10.2,10.2
Palau,PLW,1990,10.37,10.37
Palau,PLW,1991,10.65,10.65
Palau,PLW,1992,10.91,10.91
Palau,PLW,1993,11.17,11.17
Palau,PLW,1994,11.42,11.42
Palau,PLW,1995,11.66,11.66
Palau,PLW,1996,11.89,11.89
Palau,PLW,1997,12.12,12.12
Palau,PLW,1998,12.34,12.34
Palau,PLW,1999,12.549999,12.549999
Palau,PLW,2000,12.76,12.76
Palau,PLW,2001,13.14,13.14
Palau,PLW,2002,13.51,13.51
Palau,PLW,2003,13.879999,13.879999
Palau,PLW,2004,14.23,14.23
Palau,PLW,2005,14.58,14.58
Palau,PLW,2006,14.920001,14.920001
Palau,PLW,2007,15.25,15.25
Palau,PLW,2008,15.57,15.57
Palau,PLW,2009,15.889999,15.889999
Palau,PLW,2010,16.2,16.2
Palau,PLW,2011,16.18,16.18
Palau,PLW,2012,16.16,16.16
Palau,PLW,2013,16.140001,16.140001
Palau,PLW,2014,16.12,16.12
Palau,PLW,2015,16.11,16.11
Palau,PLW,2016,16.09,16.09
Palau,PLW,2017,16.07,16.07
Palau,PLW,2018,16.060001,16.060001
Palau,PLW,2019,16.050001,16.050001
Palau,PLW,2020,16.03,16.03
Palau,PLW,2021,16.03,16.03
Palau,PLW,2022,16.03,16.03
Palau,PLW,2023,16.03,16.03
Palestine,PSE,1980,,20.17
Palestine,PSE,1981,,19.859999
Palestine,PSE,1982,,19.84
Palestine,PSE,1983,,19.84
Palestine,PSE,1984,,19.84
Palestine,PSE,1985,,19.939999
Palestine,PSE,1986,,19.85
Palestine,PSE,1987,,19.869999
Palestine,PSE,1988,,19.85
Palestine,PSE,1989,,19.939999
Palestine,PSE,1990,,19.85
Palestine,PSE,1991,,19.85
Palestine,PSE,1992,,20.05
Palestine,PSE,1993,,19.939999
Palestine,PSE,1994,,19.85
Palestine,PSE,1995,,19.939999
Palestine,PSE,1996,,19.85
Palestine,PSE,1997,19.230001,19.230001
Palestine,PSE,1998,,19.36
Palestine,PSE,1999,,19.320002
Palestine,PSE,2000,,19.460001
Palestine,PSE,2001,,19.72
Palestine,PSE,2002,,19.91
Palestine,PSE,2003,,20.02
Palestine,PSE,2004,,20.34
Palestine,PSE,2005,21.5,21.5
Palestine,PSE,2006,20.93,20.93
Palestine,PSE,2007,22.45,22.45
Palestine,PSE,2008,20.900002,20.900002
Palestine,PSE,2009,19.33,19.33
Palestine,PSE,2010,22.220001,22.220001
Palestine,PSE,2011,,18.22
Palestine,PSE,2012,,22.480001
Palestine,PSE,2013,,21.11
Palestine,PSE,2014,,20.039999
Palestine,PSE,2015,,18.95
Palestine,PSE,2016,18.189999,18.189999
Palestine,PSE,2017,,17.99
Palestine,PSE,2018,,17.99
Palestine,PSE,2019,,17.99
Palestine,PSE,2020,,17.99
Palestine,PSE,2021,,18
Palestine,PSE,2022,17.99,17.99
Palestine,PSE,2023,17.99,17.99
Panama,PAN,1980,,19.03
Panama,PAN,1981,,19.03
Panama,PAN,1982,,19.03
Panama,PAN,1983,,19.03
Panama,PAN,1984,,19.03
Panama,PAN,1985,,19.03
Panama,PAN,1986,,19.03
Panama,PAN,1987,,19.03
Panama,PAN,1988,,19.03
Panama,PAN,1989,,19.03
Panama,PAN,1990,,19.03
Panama,PAN,1991,,19.03
Panama,PAN,1992,,19.03
Panama,PAN,1993,,19.03
Panama,PAN,1994,,19.03
Panama,PAN,1995,,19.03
Panama,PAN,1996,,19.03
Panama,PAN,1997,,19.03
Panama,PAN,1998,,19.03
Panama,PAN,1999,,19.03
Panama,PAN,2000,,19.03
Panama,PAN,2001,,19.84
Panama,PAN,2002,,19.28
Panama,PAN,2003,,20.43
Panama,PAN,2004,,19.99
Panama,PAN,2005,,19.300001
Panama,PAN,2006,,19.41
Panama,PAN,2007,,21.1
Panama,PAN,2008,,20.29
Panama,PAN,2009,,19.28
Panama,PAN,2010,,20.01
Panama,PAN,2011,,19.82
Panama,PAN,2012,,19.699999
Panama,PAN,2013,,20.57
Panama,PAN,2014,,20.460001
Panama,PAN,2015,,19.42
Panama,PAN,2016,,19.84
Panama,PAN,2017,,18.84
Panama,PAN,2018,,19.76
Panama,PAN,2019,,19.050001
Panama,PAN,2020,,20.43
Panama,PAN,2021,,18.92
Panama,PAN,2022,17.87,17.87
Panama,PAN,2023,17.87,17.87
Papua New Guinea,PNG,1980,,17.92
Papua New Guinea,PNG,1981,,17.92
Papua New Guinea,PNG,1982,,17.92
Papua New Guinea,PNG,1983,,17.92
Papua New Guinea,PNG,1984,,17.92
Papua New Guinea,PNG,1985,,17.92
Papua New Guinea,PNG,1986,,17.92
Papua New Guinea,PNG,1987,,17.92
Papua New Guinea,PNG,1988,,17.92
Papua New Guinea,PNG,1989,,17.92
Papua New Guinea,PNG,1990,,17.92
Papua New Guinea,PNG,1991,,17.92
Papua New Guinea,PNG,1992,,17.92
Papua New Guinea,PNG,1993,,17.92
Papua New Guinea,PNG,1994,,17.92
Papua New Guinea,PNG,1995,,17.92
Papua New Guinea,PNG,1996,17.92,17.92
Papua New Guinea,PNG,1997,,17.710001
Papua New Guinea,PNG,1998,,17.58
Papua New Guinea,PNG,1999,,17.460001
Papua New Guinea,PNG,2000,,17.380001
Papua New Guinea,PNG,2001,,17.23
Papua New Guinea,PNG,2002,,17.15
Papua New Guinea,PNG,2003,,17.25
Papua New Guinea,PNG,2004,,16.89
Papua New Guinea,PNG,2005,,16.91
Papua New Guinea,PNG,2006,,16.75
Papua New Guinea,PNG,2007,,16.82
Papua New Guinea,PNG,2008,,16.46
Papua New Guinea,PNG,2009,16.140001,16.140001
Papua New Guinea,PNG,2010,,16.240002
Papua New Guinea,PNG,2011,,16.28
Papua New Guinea,PNG,2012,,16.4
Papua New Guinea,PNG,2013,,16.26
Papua New Guinea,PNG,2014,,16.230001
Papua New Guinea,PNG,2015,,16.150002
Papua New Guinea,PNG,2016,,16.539999
Papua New Guinea,PNG,2017,,16.48
Papua New Guinea,PNG,2018,,16.28
Papua New Guinea,PNG,2019,,16.310001
Papua New Guinea,PNG,2020,,16.230001
Papua New Guinea,PNG,2021,,16.220001
Papua New Guinea,PNG,2022,16.230001,16.230001
Papua New Guinea,PNG,2023,16.220001,16.220001
Paraguay,PRY,1980,,19.03
Paraguay,PRY,1981,,19.03
Paraguay,PRY,1982,,19.03
Paraguay,PRY,1983,,19.03
Paraguay,PRY,1984,,19.03
Paraguay,PRY,1985,,19.03
Paraguay,PRY,1986,,19.03
Paraguay,PRY,1987,,19.03
Paraguay,PRY,1988,,19.03
Paraguay,PRY,1989,,19.03
Paraguay,PRY,1990,,19.03
Paraguay,PRY,1991,,19.03
Paraguay,PRY,1992,,19.03
Paraguay,PRY,1993,,19.03
Paraguay,PRY,1994,,19.03
Paraguay,PRY,1995,,19.03
Paraguay,PRY,1996,,19.03
Paraguay,PRY,1997,,19.03
Paraguay,PRY,1998,,19.03
Paraguay,PRY,1999,,19.03
Paraguay,PRY,2000,,19.03
Paraguay,PRY,2001,,19.84
Paraguay,PRY,2002,,19.28
Paraguay,PRY,2003,,20.43
Paraguay,PRY,2004,,19.99
Paraguay,PRY,2005,,19.300001
Paraguay,PRY,2006,,19.41
Paraguay,PRY,2007,,21.1
Paraguay,PRY,2008,,20.29
Paraguay,PRY,2009,,19.28
Paraguay,PRY,2010,,20.01
Paraguay,PRY,2011,,19.82
Paraguay,PRY,2012,,19.699999
Paraguay,PRY,2013,,20.57
Paraguay,PRY,2014,,20.460001
Paraguay,PRY,2015,,19.42
Paraguay,PRY,2016,,19.84
Paraguay,PRY,2017,,18.84
Paraguay,PRY,2018,,19.76
Paraguay,PRY,2019,,19.050001
Paraguay,PRY,2020,,20.43
Paraguay,PRY,2021,,18.92
Paraguay,PRY,2022,17.87,17.87
Paraguay,PRY,2023,17.87,17.87
Peru,PER,1980,,21.1
Peru,PER,1981,,21.1
Peru,PER,1982,,21.1
Peru,PER,1983,,21.1
Peru,PER,1984,,21.1
Peru,PER,1985,,21.1
Peru,PER,1986,,21.1
Peru,PER,1987,,21.1
Peru,PER,1988,,21.1
Peru,PER,1989,,21.1
Peru,PER,1990,,21.1
Peru,PER,1991,,21.1
Peru,PER,1992,,21.1
Peru,PER,1993,,21.1
Peru,PER,1994,,21.1
Peru,PER,1995,,21.1
Peru,PER,1996,,21.1
Peru,PER,1997,,21.1
Peru,PER,1998,,21.1
Peru,PER,1999,,21.1
Peru,PER,2000,,21.1
Peru,PER,2001,28.16,28.16
Peru,PER,2002,22.480001,22.480001
Peru,PER,2003,34.15,34.15
Peru,PER,2004,25.490002,25.490002
Peru,PER,2005,21.57,21.57
Peru,PER,2006,27.41,27.41
Peru,PER,2007,27.669998,27.669998
Peru,PER,2008,23.13,23.13
Peru,PER,2009,19.58,19.58
Peru,PER,2010,23.56,23.56
Peru,PER,2011,23.289999,23.289999
Peru,PER,2012,21.99,21.99
Peru,PER,2013,23.289999,23.289999
Peru,PER,2014,24.11,24.11
Peru,PER,2015,24.519999,24.519999
Peru,PER,2016,22.89,22.89
Peru,PER,2017,24.14,24.14
Peru,PER,2018,22.89,22.89
Peru,PER,2019,21.63,21.63
Peru,PER,2020,,31.119999
Peru,PER,2021,,27.4
Peru,PER,2022,26.9,26.9
Peru,PER,2023,26.9,26.9
Philippines,PHL,1980,,19.71
Philippines,PHL,1981,,19.71
Philippines,PHL,1982,,19.71
Philippines,PHL,1983,,19.71
Philippines,PHL,1984,,19.71
Philippines,PHL,1985,19.71,19.71
Philippines,PHL,1986,,18.960001
Philippines,PHL,1987,,18.52
Philippines,PHL,1988,19.26,19.26
Philippines,PHL,1989,,19.130001
Philippines,PHL,1990,,20.51
Philippines,PHL,1991,21.59,21.59
Philippines,PHL,1992,,21.52
Philippines,PHL,1993,,19.71
Philippines,PHL,1994,19.68,19.68
Philippines,PHL,1995,,21.81
Philippines,PHL,1996,,24.33
Philippines,PHL,1997,26.26,26.26
Philippines,PHL,1998,,24.19
Philippines,PHL,1999,,22.93
Philippines,PHL,2000,22.470001,22.470001
Philippines,PHL,2001,,21.34
Philippines,PHL,2002,,19.84
Philippines,PHL,2003,18.029999,18.029999
Philippines,PHL,2004,,18.66
Philippines,PHL,2005,,20.19
Philippines,PHL,2006,18.4,18.4
Philippines,PHL,2007,,17.84
Philippines,PHL,2008,,19.75
Philippines,PHL,2009,17.61,17.61
Philippines,PHL,2010,,17.74
Philippines,PHL,2011,,18.359999
Philippines,PHL,2012,18.119999,18.119999
Philippines,PHL,2013,,17.65
Philippines,PHL,2014,,17.42
Philippines,PHL,2015,17.23,17.23
Philippines,PHL,2016,,17.01
Philippines,PHL,2017,,16.91
Philippines,PHL,2018,17.45,17.45
Philippines,PHL,2019,,16.5
Philippines,PHL,2020,,16.66
Philippines,PHL,2021,,16.49
Philippines,PHL,2022,16.46,16.46
Philippines,PHL,2023,16.94,16.94
Poland,POL,1980,4.24,4.24
Poland,POL,1981,4.24,4.24
Poland,POL,1982,4.24,4.24
Poland,POL,1983,4.24,4.24
Poland,POL,1984,4.7400002,4.7400002
Poland,POL,1985,4.18,4.18
Poland,POL,1986,4.18,4.18
Poland,POL,1987,4.31,4.31
Poland,POL,1988,4.16,4.16
Poland,POL,1989,4.4,4.4
Poland,POL,1990,5.4,5.4
Poland,POL,1991,6.47,6.47
Poland,POL,1992,7.76,7.76
Poland,POL,1993,8.4,8.4
Poland,POL,1994,9.92,9.92
Poland,POL,1995,11.8,11.8
Poland,POL,1996,8.96,8.96
Poland,POL,1997,9.74,9.74
Poland,POL,1998,10.87,10.87
Poland,POL,1999,10.66,10.66
Poland,POL,2000,10.51,10.51
Poland,POL,2001,10.08,10.08
Poland,POL,2002,10.59,10.59
Poland,POL,2003,10.37,10.37
Poland,POL,2004,13.47,13.47
Poland,POL,2005,14.589999,14.589999
Poland,POL,2006,16.45,16.45
Poland,POL,2007,17.23,17.23
Poland,POL,2008,15.860001,15.860001
Poland,POL,2009,14.440001,14.440001
Poland,POL,2010,13.9,13.9
Poland,POL,2011,13.75,13.75
Poland,POL,2012,13.9,13.9
Poland,POL,2013,13.53,13.53
Poland,POL,2014,14.200001,14.200001
Poland,POL,2015,14.669999,14.669999
Poland,POL,2016,14.35,14.35
Poland,POL,2017,14.18,14.18
Poland,POL,2018,16.240002,16.240002
Poland,POL,2019,,15.57
Poland,POL,2020,,15.639999
Poland,POL,2021,,15.57
Poland,POL,2022,16.42,16.42
Poland,POL,2023,15.469999,15.469999
Portugal,PRT,1980,6.78,6.78
Portugal,PRT,1981,6.68,6.68
Portugal,PRT,1982,6.77,6.77
Portugal,PRT,1983,6.91,6.91
Portugal,PRT,1984,7.0699997,7.0699997
Portugal,PRT,1985,7.3700004,7.3700004
Portugal,PRT,1986,7.6899996,7.6899996
Portugal,PRT,1987,7.9000006,7.9000006
Portugal,PRT,1988,8.1,8.1
Portugal,PRT,1989,8.32,8.32
Portugal,PRT,1990,8.89,8.89
Portugal,PRT,1991,9.07,9.07
Portugal,PRT,1992,9.17,9.17
Portugal,PRT,1993,9.610001,9.610001
Portugal,PRT,1994,9.67,9.67
Portugal,PRT,1995,9.87,9.87
Portugal,PRT,1996,9.67,9.67
Portugal,PRT,1997,10.11,10.11
Portugal,PRT,1998,10.28,10.28
Portugal,PRT,1999,10.8,10.8
Portugal,PRT,2000,10.46,10.46
Portugal,PRT,2001,11.17,11.17
Portugal,PRT,2002,10.320001,10.320001
Portugal,PRT,2003,10.320001,10.320001
Portugal,PRT,2004,10.89,10.89
Portugal,PRT,2005,10.43,10.43
Portugal,PRT,2006,10.52,10.52
Portugal,PRT,2007,11.110001,11.110001
Portugal,PRT,2008,9.74,9.74
Portugal,PRT,2009,9.68,9.68
Portugal,PRT,2010,10.059999,10.059999
Portugal,PRT,2011,11.21,11.21
Portugal,PRT,2012,10.14,10.14
Portugal,PRT,2013,10.58,10.58
Portugal,PRT,2014,10.76,10.76
Portugal,PRT,2015,10.84,10.84
Portugal,PRT,2016,11.03,11.03
Portugal,PRT,2017,11.860001,11.860001
Portugal,PRT,2018,,11.09
Portugal,PRT,2019,,9.98
Portugal,PRT,2020,,9.309999
Portugal,PRT,2021,,8.63
Portugal,PRT,2022,9.39,9.39
Portugal,PRT,2023,9.74,9.74
Puerto Rico,PRI,1980,23.75,23.75
Puerto Rico,PRI,1981,23.64,23.64
Puerto Rico,PRI,1982,23.53,23.53
Puerto Rico,PRI,1983,23.42,23.42
Puerto Rico,PRI,1984,23.31,23.31
Puerto Rico,PRI,1985,23.19,23.19
Puerto Rico,PRI,1986,23.07,23.07
Puerto Rico,PRI,1987,22.949999,22.949999
Puerto Rico,PRI,1988,22.83,22.83
Puerto Rico,PRI,1989,22.71,22.71
Puerto Rico,PRI,1990,22.58,22.58
Puerto Rico,PRI,1991,22.57,22.57
Puerto Rico,PRI,1992,22.550001,22.550001
Puerto Rico,PRI,1993,22.54,22.54
Puerto Rico,PRI,1994,22.53,22.53
Puerto Rico,PRI,1995,22.52,22.52
Puerto Rico,PRI,1996,22.51,22.51
Puerto Rico,PRI,1997,22.5,22.5
Puerto Rico,PRI,1998,22.490002,22.490002
Puerto Rico,PRI,1999,22.480001,22.480001
Puerto Rico,PRI,2000,22.470001,22.470001
Puerto Rico,PRI,2001,22.310001,22.310001
Puerto Rico,PRI,2002,22.16,22.16
Puerto Rico,PRI,2003,22.02,22.02
Puerto Rico,PRI,2004,21.89,21.89
Puerto Rico,PRI,2005,21.76,21.76
Puerto Rico,PRI,2006,21.64,21.64
Puerto Rico,PRI,2007,21.529999,21.529999
Puerto Rico,PRI,2008,21.42,21.42
Puerto Rico,PRI,2009,21.31,21.31
Puerto Rico,PRI,2010,21.21,21.21
Puerto Rico,PRI,2011,21.199999,21.199999
Puerto Rico,PRI,2012,21.199999,21.199999
Puerto Rico,PRI,2013,21.199999,21.199999
Puerto Rico,PRI,2014,21.199999,21.199999
Puerto Rico,PRI,2015,21.189999,21.189999
Puerto Rico,PRI,2016,21.189999,21.189999
Puerto Rico,PRI,2017,21.189999,21.189999
Puerto Rico,PRI,2018,21.18,21.18
Puerto Rico,PRI,2019,21.18,21.18
Puerto Rico,PRI,2020,21.199999,21.199999
Puerto Rico,PRI,2021,21.199999,21.199999
Puerto Rico,PRI,2022,21.199999,21.199999
Puerto Rico,PRI,2023,21.199999,21.199999
Qatar,QAT,1980,,23.31
Qatar,QAT,1981,,23.31
Qatar,QAT,1982,,22.75
Qatar,QAT,1983,,22.789999
Qatar,QAT,1984,,23.82
Qatar,QAT,1985,,23.36
Qatar,QAT,1986,,23.029999
Qatar,QAT,1987,,24.74
Qatar,QAT,1988,,23.61
Qatar,QAT,1989,,23.55
Qatar,QAT,1990,,23.31
Qatar,QAT,1991,,22.26
Qatar,QAT,1992,,24.349998
Qatar,QAT,1993,,22.97
Qatar,QAT,1994,,23.109999
Qatar,QAT,1995,,23.51
Qatar,QAT,1996,,23.9
Qatar,QAT,1997,,24.699999
Qatar,QAT,1998,,23.09
Qatar,QAT,1999,,23.15
Qatar,QAT,2000,,23.039999
Qatar,QAT,2001,,23.57
Qatar,QAT,2002,,23.5
Qatar,QAT,2003,,23.61
Qatar,QAT,2004,,22.849998
Qatar,QAT,2005,,24.18
Qatar,QAT,2006,,21.259998
Qatar,QAT,2007,22.550001,22.550001
Qatar,QAT,2008,,21.83
Qatar,QAT,2009,,24.77
Qatar,QAT,2010,,22.61
Qatar,QAT,2011,,24.95
Qatar,QAT,2012,24.060001,24.060001
Qatar,QAT,2013,,24.74
Qatar,QAT,2014,,24.47
Qatar,QAT,2015,,24.94
Qatar,QAT,2016,,24.279999
Qatar,QAT,2017,,26.35
Qatar,QAT,2018,,25.029999
Qatar,QAT,2019,,24.26
Qatar,QAT,2020,,23.52
Qatar,QAT,2021,,24.03
Qatar,QAT,2022,24.2,24.2
Qatar,QAT,2023,24.050001,24.050001
Romania,ROU,1980,5.94,5.94
Romania,ROU,1981,5.94,5.94
Romania,ROU,1982,5.94,5.94
Romania,ROU,1983,5.94,5.94
Romania,ROU,1984,5.94,5.94
Romania,ROU,1985,5.94,5.94
Romania,ROU,1986,5.94,5.94
Romania,ROU,1987,5.94,5.94
Romania,ROU,1988,5.94,5.94
Romania,ROU,1989,5.94,5.94
Romania,ROU,1990,6.02,6.02
Romania,ROU,1991,6.38,6.38
Romania,ROU,1992,6.68,6.68
Romania,ROU,1993,7.79,7.79
Romania,ROU,1994,8.83,8.83
Romania,ROU,1995,11.76,11.76
Romania,ROU,1996,12.28,12.28
Romania,ROU,1997,12.540001,12.540001
Romania,ROU,1998,11.559999,11.559999
Romania,ROU,1999,12.44,12.44
Romania,ROU,2000,12.549999,12.549999
Romania,ROU,2001,11.41,11.41
Romania,ROU,2002,12.43,12.43
Romania,ROU,2003,14.41,14.41
Romania,ROU,2004,15.05,15.05
Romania,ROU,2005,14.9800005,14.9800005
Romania,ROU,2006,15.96,15.96
Romania,ROU,2007,18.82,18.82
Romania,ROU,2008,16.689999,16.689999
Romania,ROU,2009,15.940001,15.940001
Romania,ROU,2010,14.79,14.79
Romania,ROU,2011,14.35,14.35
Romania,ROU,2012,16.26,16.26
Romania,ROU,2013,15.099999,15.099999
Romania,ROU,2014,17.02,17.02
Romania,ROU,2015,17.94,17.94
Romania,ROU,2016,13.82,13.82
Romania,ROU,2017,13.31,13.31
Romania,ROU,2018,13.68,13.68
Romania,ROU,2019,,13.05
Romania,ROU,2020,,13.400001
Romania,ROU,2021,,13.64
Romania,ROU,2022,13.420001,13.420001
Romania,ROU,2023,14.57,14.57
Russia,RUS,1820,,16.01
Russia,RUS,1850,,16.37
Russia,RUS,1880,,16.19
Russia,RUS,1900,,17.99
Russia,RUS,1905,17.99,17.99
Russia,RUS,1910,17.99,17.99
Russia,RUS,1920,4.1,4.1
Russia,RUS,1928,3.6299999,3.6299999
Russia,RUS,1930,4.1,4.1
Russia,RUS,1934,4.25,4.25
Russia,RUS,1940,4.2,4.2
Russia,RUS,1950,6,6
Russia,RUS,1956,5.48,5.48
Russia,RUS,1959,4.58,4.58
Russia,RUS,1960,5,5
Russia,RUS,1961,4.5299997,4.5299997
Russia,RUS,1964,4.38,4.38
Russia,RUS,1966,4,4
Russia,RUS,1968,3.8,3.8
Russia,RUS,1970,4.8,4.8
Russia,RUS,1972,4.05,4.05
Russia,RUS,1976,3.83,3.83
Russia,RUS,1980,3.46,3.46
Russia,RUS,1981,3.7,3.7
Russia,RUS,1982,3.9,3.9
Russia,RUS,1983,4.07,4.07
Russia,RUS,1984,4.37,4.37
Russia,RUS,1985,4.44,4.44
Russia,RUS,1986,4.52,4.52
Russia,RUS,1987,4.67,4.67
Russia,RUS,1988,5,5
Russia,RUS,1989,5.6200004,5.6200004
Russia,RUS,1990,9.64,9.64
Russia,RUS,1991,10.22,10.22
Russia,RUS,1992,10.74,10.74
Russia,RUS,1993,11.73,11.73
Russia,RUS,1994,12.29,12.29
Russia,RUS,1995,14.040001,14.040001
Russia,RUS,1996,17.09,17.09
Russia,RUS,1997,15.85,15.85
Russia,RUS,1998,15.0199995,15.0199995
Russia,RUS,1999,18.7,18.7
Russia,RUS,2000,21.85,21.85
Russia,RUS,2001,26.24,26.24
Russia,RUS,2002,25.470001,25.470001
Russia,RUS,2003,23.44,23.44
Russia,RUS,2004,22.630001,22.630001
Russia,RUS,2005,30.26,30.26
Russia,RUS,2006,26.19,26.19
Russia,RUS,2007,26.28,26.28
Russia,RUS,2008,24.27,24.27
Russia,RUS,2009,21.04,21.04
Russia,RUS,2010,19.390001,19.390001
Russia,RUS,2011,24.369999,24.369999
Russia,RUS,2012,19.06,19.06
Russia,RUS,2013,22.35,22.35
Russia,RUS,2014,19.220001,19.220001
Russia,RUS,2015,19.41,19.41
Russia,RUS,2016,19.71,19.71
Russia,RUS,2017,21.01,21.01
Russia,RUS,2018,,20.79
Russia,RUS,2019,,21.06
Russia,RUS,2020,,25.21
Russia,RUS,2021,,24.33
Russia,RUS,2022,24.33,24.33
Russia,RUS,2023,24.33,24.33
Russia and Central Asia (WID),,1820,16.07,16.07
Russia and Central Asia (WID),,1850,16.43,16.43
Russia and Central Asia (WID),,1880,16.26,16.26
Russia and Central Asia (WID),,1900,18.05,18.05
Russia and Central Asia (WID),,1910,18.05,18.05
Russia and Central Asia (WID),,1920,4.68,4.68
Russia and Central Asia (WID),,1930,4.23,4.23
Russia and Central Asia (WID),,1940,4.35,4.35
Russia and Central Asia (WID),,1950,6.02,6.02
Russia and Central Asia (WID),,1960,5.0099998,5.0099998
Russia and Central Asia (WID),,1970,5.04,5.04
Russia and Central Asia (WID),,1980,8.1,8.1
Russia and Central Asia (WID),,1981,8.2,8.2
Russia and Central Asia (WID),,1982,8.070001,8.070001
Russia and Central Asia (WID),,1983,8.150001,8.150001
Russia and Central Asia (WID),,1984,8.32,8.32
Russia and Central Asia (WID),,1985,8.32,8.32
Russia and Central Asia (WID),,1986,8.38,8.38
Russia and Central Asia (WID),,1987,8.44,8.44
Russia and Central Asia (WID),,1988,8.66,8.66
Russia and Central Asia (WID),,1989,9.17,9.17
Russia and Central Asia (WID),,1990,11.8,11.8
Russia and Central Asia (WID),,1991,12.17,12.17
Russia and Central Asia (WID),,1992,12.01,12.01
Russia and Central Asia (WID),,1993,12.99,12.99
Russia and Central Asia (WID),,1994,13.82,13.82
Russia and Central Asia (WID),,1995,15.42,15.42
Russia and Central Asia (WID),,1996,18.08,18.08
Russia and Central Asia (WID),,1997,17.039999,17.039999
Russia and Central Asia (WID),,1998,15.75,15.75
Russia and Central Asia (WID),,1999,19.460001,19.460001
Russia and Central Asia (WID),,2000,22.75,22.75
Russia and Central Asia (WID),,2001,26.44,26.44
Russia and Central Asia (WID),,2002,25.77,25.77
Russia and Central Asia (WID),,2003,23.94,23.94
Russia and Central Asia (WID),,2004,23.029999,23.029999
Russia and Central Asia (WID),,2005,28.32,28.32
Russia and Central Asia (WID),,2006,26.499998,26.499998
Russia and Central Asia (WID),,2007,27.01,27.01
Russia and Central Asia (WID),,2008,24.25,24.25
Russia and Central Asia (WID),,2009,21.259998,21.259998
Russia and Central Asia (WID),,2010,19.73,19.73
Russia and Central Asia (WID),,2011,23.82,23.82
Russia and Central Asia (WID),,2012,19.65,19.65
Russia and Central Asia (WID),,2013,23.42,23.42
Russia and Central Asia (WID),,2014,19.460001,19.460001
Russia and Central Asia (WID),,2015,19.320002,19.320002
Russia and Central Asia (WID),,2016,20,20
Russia and Central Asia (WID),,2017,20.630001,20.630001
Russia and Central Asia (WID),,2018,20.49,20.49
Russia and Central Asia (WID),,2019,20.35,20.35
Russia and Central Asia (WID),,2020,24.15,24.15
Russia and Central Asia (WID),,2021,23.57,23.57
Russia and Central Asia (WID),,2022,23.94,23.94
Russia and Central Asia (WID),,2023,23.57,23.57
Rwanda,RWA,1980,,24.39
Rwanda,RWA,1981,,24.12
Rwanda,RWA,1982,,23.9
Rwanda,RWA,1983,,24.33
Rwanda,RWA,1984,23.95,23.95
Rwanda,RWA,1985,,24.3
Rwanda,RWA,1986,,24.32
Rwanda,RWA,1987,,24.15
Rwanda,RWA,1988,,24.279999
Rwanda,RWA,1989,,23.92
Rwanda,RWA,1990,,23.92
Rwanda,RWA,1991,,23.890001
Rwanda,RWA,1992,,24.07
Rwanda,RWA,1993,,23.890001
Rwanda,RWA,1994,,24.07
Rwanda,RWA,1995,,23.890001
Rwanda,RWA,1996,,23.880001
Rwanda,RWA,1997,,23.9
Rwanda,RWA,1998,,23.890001
Rwanda,RWA,1999,,23.880001
Rwanda,RWA,2000,24.060001,24.060001
Rwanda,RWA,2001,,24.46
Rwanda,RWA,2002,,25.73
Rwanda,RWA,2003,,25.61
Rwanda,RWA,2004,,26.179998
Rwanda,RWA,2005,26.750002,26.750002
Rwanda,RWA,2006,,26.339998
Rwanda,RWA,2007,,25.45
Rwanda,RWA,2008,,24.77
Rwanda,RWA,2009,,24.11
Rwanda,RWA,2010,23.45,23.45
Rwanda,RWA,2011,,23.13
Rwanda,RWA,2012,,22.81
Rwanda,RWA,2013,22.490002,22.490002
Rwanda,RWA,2014,,21.95
Rwanda,RWA,2015,,20.61
Rwanda,RWA,2016,19.68,19.68
Rwanda,RWA,2017,,19.82
Rwanda,RWA,2018,,19.68
Rwanda,RWA,2019,,19.82
Rwanda,RWA,2020,,19.68
Rwanda,RWA,2021,,19.82
Rwanda,RWA,2022,19.68,19.68
Rwanda,RWA,2023,19.68,19.68
Saint Kitts and Nevis,KNA,1980,23.75,23.75
Saint Kitts and Nevis,KNA,1981,23.64,23.64
Saint Kitts and Nevis,KNA,1982,23.53,23.53
Saint Kitts and Nevis,KNA,1983,23.42,23.42
Saint Kitts and Nevis,KNA,1984,23.31,23.31
Saint Kitts and Nevis,KNA,1985,23.19,23.19
Saint Kitts and Nevis,KNA,1986,23.07,23.07
Saint Kitts and Nevis,KNA,1987,22.949999,22.949999
Saint Kitts and Nevis,KNA,1988,22.83,22.83
Saint Kitts and Nevis,KNA,1989,22.71,22.71
Saint Kitts and Nevis,KNA,1990,22.58,22.58
Saint Kitts and Nevis,KNA,1991,22.57,22.57
Saint Kitts and Nevis,KNA,1992,22.550001,22.550001
Saint Kitts and Nevis,KNA,1993,22.54,22.54
Saint Kitts and Nevis,KNA,1994,22.53,22.53
Saint Kitts and Nevis,KNA,1995,22.52,22.52
Saint Kitts and Nevis,KNA,1996,22.51,22.51
Saint Kitts and Nevis,KNA,1997,22.5,22.5
Saint Kitts and Nevis,KNA,1998,22.490002,22.490002
Saint Kitts and Nevis,KNA,1999,22.480001,22.480001
Saint Kitts and Nevis,KNA,2000,22.470001,22.470001
Saint Kitts and Nevis,KNA,2001,22.310001,22.310001
Saint Kitts and Nevis,KNA,2002,22.16,22.16
Saint Kitts and Nevis,KNA,2003,22.02,22.02
Saint Kitts and Nevis,KNA,2004,21.89,21.89
Saint Kitts and Nevis,KNA,2005,21.76,21.76
Saint Kitts and Nevis,KNA,2006,21.64,21.64
Saint Kitts and Nevis,KNA,2007,21.529999,21.529999
Saint Kitts and Nevis,KNA,2008,21.42,21.42
Saint Kitts and Nevis,KNA,2009,21.31,21.31
Saint Kitts and Nevis,KNA,2010,21.21,21.21
Saint Kitts and Nevis,KNA,2011,21.199999,21.199999
Saint Kitts and Nevis,KNA,2012,21.199999,21.199999
Saint Kitts and Nevis,KNA,2013,21.199999,21.199999
Saint Kitts and Nevis,KNA,2014,21.199999,21.199999
Saint Kitts and Nevis,KNA,2015,21.189999,21.189999
Saint Kitts and Nevis,KNA,2016,21.189999,21.189999
Saint Kitts and Nevis,KNA,2017,21.189999,21.189999
Saint Kitts and Nevis,KNA,2018,21.18,21.18
Saint Kitts and Nevis,KNA,2019,21.18,21.18
Saint Kitts and Nevis,KNA,2020,21.199999,21.199999
Saint Kitts and Nevis,KNA,2021,21.199999,21.199999
Saint Kitts and Nevis,KNA,2022,21.199999,21.199999
Saint Kitts and Nevis,KNA,2023,21.199999,21.199999
Saint Lucia,LCA,1980,23.75,23.75
Saint Lucia,LCA,1981,23.64,23.64
Saint Lucia,LCA,1982,23.53,23.53
Saint Lucia,LCA,1983,23.42,23.42
Saint Lucia,LCA,1984,23.31,23.31
Saint Lucia,LCA,1985,23.19,23.19
Saint Lucia,LCA,1986,23.07,23.07
Saint Lucia,LCA,1987,22.949999,22.949999
Saint Lucia,LCA,1988,22.83,22.83
Saint Lucia,LCA,1989,22.71,22.71
Saint Lucia,LCA,1990,22.58,22.58
Saint Lucia,LCA,1991,22.57,22.57
Saint Lucia,LCA,1992,22.550001,22.550001
Saint Lucia,LCA,1993,22.54,22.54
Saint Lucia,LCA,1994,22.53,22.53
Saint Lucia,LCA,1995,22.52,22.52
Saint Lucia,LCA,1996,22.51,22.51
Saint Lucia,LCA,1997,22.5,22.5
Saint Lucia,LCA,1998,22.490002,22.490002
Saint Lucia,LCA,1999,22.480001,22.480001
Saint Lucia,LCA,2000,22.470001,22.470001
Saint Lucia,LCA,2001,22.310001,22.310001
Saint Lucia,LCA,2002,22.16,22.16
Saint Lucia,LCA,2003,22.02,22.02
Saint Lucia,LCA,2004,21.89,21.89
Saint Lucia,LCA,2005,21.76,21.76
Saint Lucia,LCA,2006,21.64,21.64
Saint Lucia,LCA,2007,21.529999,21.529999
Saint Lucia,LCA,2008,21.42,21.42
Saint Lucia,LCA,2009,21.31,21.31
Saint Lucia,LCA,2010,21.21,21.21
Saint Lucia,LCA,2011,21.199999,21.199999
Saint Lucia,LCA,2012,21.199999,21.199999
Saint Lucia,LCA,2013,21.199999,21.199999
Saint Lucia,LCA,2014,21.199999,21.199999
Saint Lucia,LCA,2015,21.189999,21.189999
Saint Lucia,LCA,2016,21.189999,21.189999
Saint Lucia,LCA,2017,21.189999,21.189999
Saint Lucia,LCA,2018,21.18,21.18
Saint Lucia,LCA,2019,21.18,21.18
Saint Lucia,LCA,2020,21.199999,21.199999
Saint Lucia,LCA,2021,21.199999,21.199999
Saint Lucia,LCA,2022,21.199999,21.199999
Saint Lucia,LCA,2023,21.199999,21.199999
Saint Vincent and the Grenadines,VCT,1980,23.75,23.75
Saint Vincent and the Grenadines,VCT,1981,23.64,23.64
Saint Vincent and the Grenadines,VCT,1982,23.53,23.53
Saint Vincent and the Grenadines,VCT,1983,23.42,23.42
Saint Vincent and the Grenadines,VCT,1984,23.31,23.31
Saint Vincent and the Grenadines,VCT,1985,23.19,23.19
Saint Vincent and the Grenadines,VCT,1986,23.07,23.07
Saint Vincent and the Grenadines,VCT,1987,22.949999,22.949999
Saint Vincent and the Grenadines,VCT,1988,22.83,22.83
Saint Vincent and the Grenadines,VCT,1989,22.71,22.71
Saint Vincent and the Grenadines,VCT,1990,22.58,22.58
Saint Vincent and the Grenadines,VCT,1991,22.57,22.57
Saint Vincent and the Grenadines,VCT,1992,22.550001,22.550001
Saint Vincent and the Grenadines,VCT,1993,22.54,22.54
Saint Vincent and the Grenadines,VCT,1994,22.53,22.53
Saint Vincent and the Grenadines,VCT,1995,22.52,22.52
Saint Vincent and the Grenadines,VCT,1996,22.51,22.51
Saint Vincent and the Grenadines,VCT,1997,22.5,22.5
Saint Vincent and the Grenadines,VCT,1998,22.490002,22.490002
Saint Vincent and the Grenadines,VCT,1999,22.480001,22.480001
Saint Vincent and the Grenadines,VCT,2000,22.470001,22.470001
Saint Vincent and the Grenadines,VCT,2001,22.310001,22.310001
Saint Vincent and the Grenadines,VCT,2002,22.16,22.16
Saint Vincent and the Grenadines,VCT,2003,22.02,22.02
Saint Vincent and the Grenadines,VCT,2004,21.89,21.89
Saint Vincent and the Grenadines,VCT,2005,21.76,21.76
Saint Vincent and the Grenadines,VCT,2006,21.64,21.64
Saint Vincent and the Grenadines,VCT,2007,21.529999,21.529999
Saint Vincent and the Grenadines,VCT,2008,21.42,21.42
Saint Vincent and the Grenadines,VCT,2009,21.31,21.31
Saint Vincent and the Grenadines,VCT,2010,21.21,21.21
Saint Vincent and the Grenadines,VCT,2011,21.199999,21.199999
Saint Vincent and the Grenadines,VCT,2012,21.199999,21.199999
Saint Vincent and the Grenadines,VCT,2013,21.199999,21.199999
Saint Vincent and the Grenadines,VCT,2014,21.199999,21.199999
Saint Vincent and the Grenadines,VCT,2015,21.189999,21.189999
Saint Vincent and the Grenadines,VCT,2016,21.189999,21.189999
Saint Vincent and the Grenadines,VCT,2017,21.189999,21.189999
Saint Vincent and the Grenadines,VCT,2018,21.18,21.18
Saint Vincent and the Grenadines,VCT,2019,21.18,21.18
Saint Vincent and the Grenadines,VCT,2020,21.199999,21.199999
Saint Vincent and the Grenadines,VCT,2021,21.199999,21.199999
Saint Vincent and the Grenadines,VCT,2022,21.199999,21.199999
Saint Vincent and the Grenadines,VCT,2023,21.199999,21.199999
Samoa,WSM,1980,8.81,8.81
Samoa,WSM,1981,8.95,8.95
Samoa,WSM,1982,9.099999,9.099999
Samoa,WSM,1983,9.25,9.25
Samoa,WSM,1984,9.4,9.4
Samoa,WSM,1985,9.55,9.55
Samoa,WSM,1986,9.71,9.71
Samoa,WSM,1987,9.87,9.87
Samoa,WSM,1988,10.03,10.03
Samoa,WSM,1989,10.2,10.2
Samoa,WSM,1990,10.37,10.37
Samoa,WSM,1991,10.65,10.65
Samoa,WSM,1992,10.91,10.91
Samoa,WSM,1993,11.17,11.17
Samoa,WSM,1994,11.42,11.42
Samoa,WSM,1995,11.66,11.66
Samoa,WSM,1996,11.89,11.89
Samoa,WSM,1997,12.12,12.12
Samoa,WSM,1998,12.34,12.34
Samoa,WSM,1999,12.549999,12.549999
Samoa,WSM,2000,12.76,12.76
Samoa,WSM,2001,13.14,13.14
Samoa,WSM,2002,13.51,13.51
Samoa,WSM,2003,13.879999,13.879999
Samoa,WSM,2004,14.23,14.23
Samoa,WSM,2005,14.58,14.58
Samoa,WSM,2006,14.920001,14.920001
Samoa,WSM,2007,15.25,15.25
Samoa,WSM,2008,15.57,15.57
Samoa,WSM,2009,15.889999,15.889999
Samoa,WSM,2010,16.2,16.2
Samoa,WSM,2011,16.18,16.18
Samoa,WSM,2012,16.16,16.16
Samoa,WSM,2013,16.140001,16.140001
Samoa,WSM,2014,16.12,16.12
Samoa,WSM,2015,16.11,16.11
Samoa,WSM,2016,16.09,16.09
Samoa,WSM,2017,16.07,16.07
Samoa,WSM,2018,16.060001,16.060001
Samoa,WSM,2019,16.050001,16.050001
Samoa,WSM,2020,16.03,16.03
Samoa,WSM,2021,16.03,16.03
Samoa,WSM,2022,16.03,16.03
Samoa,WSM,2023,16.03,16.03
San Marino,SMR,1980,9.08,9.08
San Marino,SMR,1981,9.049999,9.049999
San Marino,SMR,1982,9.0199995,9.0199995
San Marino,SMR,1983,9.13,9.13
San Marino,SMR,1984,9.34,9.34
San Marino,SMR,1985,9.37,9.37
San Marino,SMR,1986,9.34,9.34
San Marino,SMR,1987,9.2699995,9.2699995
San Marino,SMR,1988,9.33,9.33
San Marino,SMR,1989,9.43,9.43
San Marino,SMR,1990,9.22,9.22
San Marino,SMR,1991,9.139999,9.139999
San Marino,SMR,1992,9.51,9.51
San Marino,SMR,1993,9.63,9.63
San Marino,SMR,1994,10.07,10.07
San Marino,SMR,1995,9.75,9.75
San Marino,SMR,1996,10.08,10.08
San Marino,SMR,1997,10.679999,10.679999
San Marino,SMR,1998,10.809999,10.809999
San Marino,SMR,1999,10.88,10.88
San Marino,SMR,2000,11.3,11.3
San Marino,SMR,2001,10.86,10.86
San Marino,SMR,2002,10.5,10.5
San Marino,SMR,2003,10.75,10.75
San Marino,SMR,2004,11.16,11.16
San Marino,SMR,2005,11.34,11.34
San Marino,SMR,2006,12,12
San Marino,SMR,2007,11.9800005,11.9800005
San Marino,SMR,2008,10.78,10.78
San Marino,SMR,2009,9.88,9.88
San Marino,SMR,2010,10.93,10.93
San Marino,SMR,2011,10.88,10.88
San Marino,SMR,2012,10.25,10.25
San Marino,SMR,2013,10.400001,10.400001
San Marino,SMR,2014,10.849999,10.849999
San Marino,SMR,2015,10.66,10.66
San Marino,SMR,2016,10.7699995,10.7699995
San Marino,SMR,2017,10.78,10.78
San Marino,SMR,2018,10.83,10.83
San Marino,SMR,2019,10.49,10.49
San Marino,SMR,2020,10.58,10.58
San Marino,SMR,2021,11.4,11.4
San Marino,SMR,2022,11.5,11.5
San Marino,SMR,2023,11.5,11.5
Sao Tome and Principe,STP,1980,,9.49
Sao Tome and Principe,STP,1981,,8.95
Sao Tome and Principe,STP,1982,,8.98
Sao Tome and Principe,STP,1983,,10.37
Sao Tome and Principe,STP,1984,,8.98
Sao Tome and Principe,STP,1985,,8.97
Sao Tome and Principe,STP,1986,,9.059999
Sao Tome and Principe,STP,1987,,8.89
Sao Tome and Principe,STP,1988,,9.08
Sao Tome and Principe,STP,1989,,9.34
Sao Tome and Principe,STP,1990,,9.049999
Sao Tome and Principe,STP,1991,,9.04
Sao Tome and Principe,STP,1992,,9.12
Sao Tome and Principe,STP,1993,,9.16
Sao Tome and Principe,STP,1994,,9.01
Sao Tome and Principe,STP,1995,,8.98
Sao Tome and Principe,STP,1996,,8.95
Sao Tome and Principe,STP,1997,,8.96
Sao Tome and Principe,STP,1998,,8.96
Sao Tome and Principe,STP,1999,,8.96
Sao Tome and Principe,STP,2000,8.95,8.95
Sao Tome and Principe,STP,2001,,8.940001
Sao Tome and Principe,STP,2002,,8.93
Sao Tome and Principe,STP,2003,,8.900001
Sao Tome and Principe,STP,2004,,8.900001
Sao Tome and Principe,STP,2005,,8.87
Sao Tome and Principe,STP,2006,,8.860001
Sao Tome and Principe,STP,2007,,8.85
Sao Tome and Principe,STP,2008,,8.820001
Sao Tome and Principe,STP,2009,,8.81
Sao Tome and Principe,STP,2010,8.79,8.79
Sao Tome and Principe,STP,2011,,9.79
Sao Tome and Principe,STP,2012,,10.79
Sao Tome and Principe,STP,2013,,11.79
Sao Tome and Principe,STP,2014,,12.780001
Sao Tome and Principe,STP,2015,,13.78
Sao Tome and Principe,STP,2016,,14.81
Sao Tome and Principe,STP,2017,,15.82
Sao Tome and Principe,STP,2018,,15.780001
Sao Tome and Principe,STP,2019,,15.780001
Sao Tome and Principe,STP,2020,,15.809999
Sao Tome and Principe,STP,2021,,15.780001
Sao Tome and Principe,STP,2022,15.780001,15.780001
Sao Tome and Principe,STP,2023,15.780001,15.780001
Saudi Arabia,SAU,1980,,25.119999
Saudi Arabia,SAU,1981,,25.77
Saudi Arabia,SAU,1982,,25.130001
Saudi Arabia,SAU,1983,,25.59
Saudi Arabia,SAU,1984,,25.61
Saudi Arabia,SAU,1985,,25.94
Saudi Arabia,SAU,1986,,25.23
Saudi Arabia,SAU,1987,,23.86
Saudi Arabia,SAU,1988,,25.74
Saudi Arabia,SAU,1989,,25.54
Saudi Arabia,SAU,1990,,24.82
Saudi Arabia,SAU,1991,,25.529999
Saudi Arabia,SAU,1992,,26.539999
Saudi Arabia,SAU,1993,,25.34
Saudi Arabia,SAU,1994,,26
Saudi Arabia,SAU,1995,,27.27
Saudi Arabia,SAU,1996,,25.68
Saudi Arabia,SAU,1997,,25.78
Saudi Arabia,SAU,1998,,25.45
Saudi Arabia,SAU,1999,,25.07
Saudi Arabia,SAU,2000,,25.02
Saudi Arabia,SAU,2001,,26.15
Saudi Arabia,SAU,2002,,25.46
Saudi Arabia,SAU,2003,,25.189999
Saudi Arabia,SAU,2004,,25.380001
Saudi Arabia,SAU,2005,,25.52
Saudi Arabia,SAU,2006,,25.490002
Saudi Arabia,SAU,2007,,25.34
Saudi Arabia,SAU,2008,,25.89
Saudi Arabia,SAU,2009,,25.93
Saudi Arabia,SAU,2010,,25.369999
Saudi Arabia,SAU,2011,,25.099998
Saudi Arabia,SAU,2012,,24.82
Saudi Arabia,SAU,2013,,24.94
Saudi Arabia,SAU,2014,,25.11
Saudi Arabia,SAU,2015,,25.46
Saudi Arabia,SAU,2016,,25.440002
Saudi Arabia,SAU,2017,,25.400002
Saudi Arabia,SAU,2018,,26.609999
Saudi Arabia,SAU,2019,,25.150002
Saudi Arabia,SAU,2020,,25.02
Saudi Arabia,SAU,2021,,28.23
Saudi Arabia,SAU,2022,25.32,25.32
Saudi Arabia,SAU,2023,24.89,24.89
Senegal,SEN,1980,,18.82
Senegal,SEN,1981,,19.03
Senegal,SEN,1982,,18.79
Senegal,SEN,1983,,18.79
Senegal,SEN,1984,,18.79
Senegal,SEN,1985,,18.9
Senegal,SEN,1986,,18.9
Senegal,SEN,1987,,18.79
Senegal,SEN,1988,,18.79
Senegal,SEN,1989,,18.79
Senegal,SEN,1990,,18.8
Senegal,SEN,1991,18.79,18.79
Senegal,SEN,1992,,18.79
Senegal,SEN,1993,,18.79
Senegal,SEN,1994,18.79,18.79
Senegal,SEN,1995,,18.8
Senegal,SEN,1996,,18.79
Senegal,SEN,1997,,18.8
Senegal,SEN,1998,,18.8
Senegal,SEN,1999,,18.79
Senegal,SEN,2000,,18.9
Senegal,SEN,2001,18.79,18.79
Senegal,SEN,2002,,17.42
Senegal,SEN,2003,,16.050001
Senegal,SEN,2004,,14.69
Senegal,SEN,2005,13.320001,13.320001
Senegal,SEN,2006,,13.2699995
Senegal,SEN,2007,,13.2300005
Senegal,SEN,2008,,13.179999
Senegal,SEN,2009,,13.13
Senegal,SEN,2010,,13.089999
Senegal,SEN,2011,13.04,13.04
Senegal,SEN,2012,,13.3
Senegal,SEN,2013,,13.56
Senegal,SEN,2014,,13.82
Senegal,SEN,2015,,14.08
Senegal,SEN,2016,,14.34
Senegal,SEN,2017,,14.599999
Senegal,SEN,2018,,14.86
Senegal,SEN,2019,,14.190001
Senegal,SEN,2020,,13.5199995
Senegal,SEN,2021,,12.85
Senegal,SEN,2022,12.85,12.85
Senegal,SEN,2023,12.85,12.85
Serbia,SRB,1980,,12.87
Serbia,SRB,1981,,13.03
Serbia,SRB,1982,,12.52
Serbia,SRB,1983,,12.780001
Serbia,SRB,1984,13.079999,13.079999
Serbia,SRB,1985,13,13
Serbia,SRB,1986,13.160001,13.160001
Serbia,SRB,1987,12.57,12.57
Serbia,SRB,1988,13.03,13.03
Serbia,SRB,1989,12.690001,12.690001
Serbia,SRB,1990,,12.9
Serbia,SRB,1991,,13.31
Serbia,SRB,1992,,12.4
Serbia,SRB,1993,,12.83
Serbia,SRB,1994,,13.03
Serbia,SRB,1995,,13.67
Serbia,SRB,1996,,12.92
Serbia,SRB,1997,,13.889999
Serbia,SRB,1998,13.079999,13.079999
Serbia,SRB,1999,12.99,12.99
Serbia,SRB,2000,13.160001,13.160001
Serbia,SRB,2001,,13.6
Serbia,SRB,2002,,13.31
Serbia,SRB,2003,,12.93
Serbia,SRB,2004,,12.87
Serbia,SRB,2005,,12.809999
Serbia,SRB,2006,,12.77
Serbia,SRB,2007,,11.35
Serbia,SRB,2008,,11.26
Serbia,SRB,2009,,15.97
Serbia,SRB,2010,,13.879999
Serbia,SRB,2011,,14.09
Serbia,SRB,2012,,13.74
Serbia,SRB,2013,15.24,15.24
Serbia,SRB,2014,17.23,17.23
Serbia,SRB,2015,16.25,16.25
Serbia,SRB,2016,18.95,18.95
Serbia,SRB,2017,13.54,13.54
Serbia,SRB,2018,13.2699995,13.2699995
Serbia,SRB,2019,,11.87
Serbia,SRB,2020,,13.31
Serbia,SRB,2021,,12.620001
Serbia,SRB,2022,13.2,13.2
Serbia,SRB,2023,13.04,13.04
Seychelles,SYC,1980,,21.75
Seychelles,SYC,1981,,21.92
Seychelles,SYC,1982,,21.72
Seychelles,SYC,1983,,22.6
Seychelles,SYC,1984,,22.23
Seychelles,SYC,1985,,21.71
Seychelles,SYC,1986,,22.61
Seychelles,SYC,1987,,21.93
Seychelles,SYC,1988,,21.67
Seychelles,SYC,1989,,21.75
Seychelles,SYC,1990,,22.220001
Seychelles,SYC,1991,,21.789999
Seychelles,SYC,1992,,21.82
Seychelles,SYC,1993,,22.7
Seychelles,SYC,1994,,21.98
Seychelles,SYC,1995,,22.07
Seychelles,SYC,1996,,22.51
Seychelles,SYC,1997,,21.699999
Seychelles,SYC,1998,,22.7
Seychelles,SYC,1999,21.699999,21.699999
Seychelles,SYC,2000,,21.52
Seychelles,SYC,2001,,22.97
Seychelles,SYC,2002,,21.289999
Seychelles,SYC,2003,,20.92
Seychelles,SYC,2004,,21.15
Seychelles,SYC,2005,,20.58
Seychelles,SYC,2006,20.5,20.5
Seychelles,SYC,2007,,20.61
Seychelles,SYC,2008,,21.11
Seychelles,SYC,2009,,20.26
Seychelles,SYC,2010,,20.58
Seychelles,SYC,2011,,20.3
Seychelles,SYC,2012,,20.29
Seychelles,SYC,2013,,20.26
Seychelles,SYC,2014,,20.25
Seychelles,SYC,2015,,20.25
Seychelles,SYC,2016,,21.259998
Seychelles,SYC,2017,,20.460001
Seychelles,SYC,2018,,20.27
Seychelles,SYC,2019,,20.47
Seychelles,SYC,2020,,20.49
Seychelles,SYC,2021,,20.26
Seychelles,SYC,2022,20.970001,20.970001
Seychelles,SYC,2023,21.539999,21.539999
Sierra Leone,SLE,1980,,12.37
Sierra Leone,SLE,1981,,12.75
Sierra Leone,SLE,1982,,12.68
Sierra Leone,SLE,1983,,12.89
Sierra Leone,SLE,1984,,12.76
Sierra Leone,SLE,1985,,13.21
Sierra Leone,SLE,1986,,13.179999
Sierra Leone,SLE,1987,,12.94
Sierra Leone,SLE,1988,,12.710001
Sierra Leone,SLE,1989,12.87,12.87
Sierra Leone,SLE,1990,,12.92
Sierra Leone,SLE,1991,,12.85
Sierra Leone,SLE,1992,,12.790001
Sierra Leone,SLE,1993,,12.82
Sierra Leone,SLE,1994,,12.87
Sierra Leone,SLE,1995,,12.809999
Sierra Leone,SLE,1996,,12.790001
Sierra Leone,SLE,1997,,12.76
Sierra Leone,SLE,1998,,12.76
Sierra Leone,SLE,1999,,12.76
Sierra Leone,SLE,2000,,12.76
Sierra Leone,SLE,2001,,12.809999
Sierra Leone,SLE,2002,,12.780001
Sierra Leone,SLE,2003,12.76,12.76
Sierra Leone,SLE,2004,,12.48
Sierra Leone,SLE,2005,,12.2
Sierra Leone,SLE,2006,,11.91
Sierra Leone,SLE,2007,,11.63
Sierra Leone,SLE,2008,,11.35
Sierra Leone,SLE,2009,,11.07
Sierra Leone,SLE,2010,,10.79
Sierra Leone,SLE,2011,10.51,10.51
Sierra Leone,SLE,2012,,11.12
Sierra Leone,SLE,2013,,11.73
Sierra Leone,SLE,2014,,12.34
Sierra Leone,SLE,2015,,12.95
Sierra Leone,SLE,2016,,13.56
Sierra Leone,SLE,2017,,14.17
Sierra Leone,SLE,2018,14.78,14.78
Sierra Leone,SLE,2019,,14.78
Sierra Leone,SLE,2020,,14.78
Sierra Leone,SLE,2021,,14.78
Sierra Leone,SLE,2022,14.78,14.78
Sierra Leone,SLE,2023,14.78,14.78
Singapore,SGP,1969,9.98,9.98
Singapore,SGP,1970,10.47,10.47
Singapore,SGP,1971,10.31,10.31
Singapore,SGP,1972,10.62,10.62
Singapore,SGP,1973,10.8,10.8
Singapore,SGP,1974,10.19,10.19
Singapore,SGP,1975,10.33,10.33
Singapore,SGP,1976,10.15,10.15
Singapore,SGP,1977,9.690001,9.690001
Singapore,SGP,1978,9.79,9.79
Singapore,SGP,1979,10.809999,10.809999
Singapore,SGP,1980,10.28,10.28
Singapore,SGP,1981,10.21,10.21
Singapore,SGP,1982,10.65,10.65
Singapore,SGP,1983,10.26,10.26
Singapore,SGP,1984,9.91,9.91
Singapore,SGP,1985,10.5,10.5
Singapore,SGP,1986,9.9,9.9
Singapore,SGP,1987,11.16,11.16
Singapore,SGP,1988,10.37,10.37
Singapore,SGP,1989,11.14,11.14
Singapore,SGP,1990,10.61,10.61
Singapore,SGP,1991,9.83,9.83
Singapore,SGP,1992,10.13,10.13
Singapore,SGP,1993,9.87,9.87
Singapore,SGP,1994,9.64,9.64
Singapore,SGP,1995,9.6,9.6
Singapore,SGP,1996,10.18,10.18
Singapore,SGP,1997,9.9,9.9
Singapore,SGP,1998,11.27,11.27
Singapore,SGP,1999,12.82,12.82
Singapore,SGP,2000,13.73,13.73
Singapore,SGP,2001,14.23,14.23
Singapore,SGP,2002,15.03,15.03
Singapore,SGP,2003,13.45,13.45
Singapore,SGP,2004,15.51,15.51
Singapore,SGP,2005,13.67,13.67
Singapore,SGP,2006,15.780001,15.780001
Singapore,SGP,2007,13.160001,13.160001
Singapore,SGP,2008,15.23,15.23
Singapore,SGP,2009,13.71,13.71
Singapore,SGP,2010,13.28,13.28
Singapore,SGP,2011,13.410001,13.410001
Singapore,SGP,2012,14.059999,14.059999
Singapore,SGP,2013,13.45,13.45
Singapore,SGP,2014,,13.789999
Singapore,SGP,2015,,13.500001
Singapore,SGP,2016,,14.51
Singapore,SGP,2017,,13.93
Singapore,SGP,2018,,13.91
Singapore,SGP,2019,,13.950001
Singapore,SGP,2020,,15.22
Singapore,SGP,2021,,14.290001
Singapore,SGP,2022,15.549999,15.549999
Singapore,SGP,2023,13.62,13.62
Sint Maarten (Dutch part),SXM,1980,23.75,23.75
Sint Maarten (Dutch part),SXM,1981,23.64,23.64
Sint Maarten (Dutch part),SXM,1982,23.53,23.53
Sint Maarten (Dutch part),SXM,1983,23.42,23.42
Sint Maarten (Dutch part),SXM,1984,23.31,23.31
Sint Maarten (Dutch part),SXM,1985,23.19,23.19
Sint Maarten (Dutch part),SXM,1986,23.07,23.07
Sint Maarten (Dutch part),SXM,1987,22.949999,22.949999
Sint Maarten (Dutch part),SXM,1988,22.83,22.83
Sint Maarten (Dutch part),SXM,1989,22.71,22.71
Sint Maarten (Dutch part),SXM,1990,22.58,22.58
Sint Maarten (Dutch part),SXM,1991,22.57,22.57
Sint Maarten (Dutch part),SXM,1992,22.550001,22.550001
Sint Maarten (Dutch part),SXM,1993,22.54,22.54
Sint Maarten (Dutch part),SXM,1994,22.53,22.53
Sint Maarten (Dutch part),SXM,1995,22.52,22.52
Sint Maarten (Dutch part),SXM,1996,22.51,22.51
Sint Maarten (Dutch part),SXM,1997,22.5,22.5
Sint Maarten (Dutch part),SXM,1998,22.490002,22.490002
Sint Maarten (Dutch part),SXM,1999,22.480001,22.480001
Sint Maarten (Dutch part),SXM,2000,22.470001,22.470001
Sint Maarten (Dutch part),SXM,2001,22.310001,22.310001
Sint Maarten (Dutch part),SXM,2002,22.16,22.16
Sint Maarten (Dutch part),SXM,2003,22.02,22.02
Sint Maarten (Dutch part),SXM,2004,21.89,21.89
Sint Maarten (Dutch part),SXM,2005,21.76,21.76
Sint Maarten (Dutch part),SXM,2006,21.64,21.64
Sint Maarten (Dutch part),SXM,2007,21.529999,21.529999
Sint Maarten (Dutch part),SXM,2008,21.42,21.42
Sint Maarten (Dutch part),SXM,2009,21.31,21.31
Sint Maarten (Dutch part),SXM,2010,21.21,21.21
Sint Maarten (Dutch part),SXM,2011,21.199999,21.199999
Sint Maarten (Dutch part),SXM,2012,21.199999,21.199999
Sint Maarten (Dutch part),SXM,2013,21.199999,21.199999
Sint Maarten (Dutch part),SXM,2014,21.199999,21.199999
Sint Maarten (Dutch part),SXM,2015,21.189999,21.189999
Sint Maarten (Dutch part),SXM,2016,21.189999,21.189999
Sint Maarten (Dutch part),SXM,2017,21.189999,21.189999
Sint Maarten (Dutch part),SXM,2018,21.18,21.18
Sint Maarten (Dutch part),SXM,2019,21.18,21.18
Sint Maarten (Dutch part),SXM,2020,21.199999,21.199999
Sint Maarten (Dutch part),SXM,2021,21.199999,21.199999
Sint Maarten (Dutch part),SXM,2022,21.199999,21.199999
Sint Maarten (Dutch part),SXM,2023,21.199999,21.199999
Slovakia,SVK,1980,5.2400002,5.2400002
Slovakia,SVK,1981,,5.2400002
Slovakia,SVK,1982,,5.2400002
Slovakia,SVK,1983,,5.2400002
Slovakia,SVK,1984,,5.2400002
Slovakia,SVK,1985,5.2400002,5.2400002
Slovakia,SVK,1986,,5.2400002
Slovakia,SVK,1987,,5.26
Slovakia,SVK,1988,5.26,5.26
Slovakia,SVK,1989,,5.2400002
Slovakia,SVK,1990,,5.2400002
Slovakia,SVK,1991,,5.17
Slovakia,SVK,1992,,5.09
Slovakia,SVK,1993,,5.6200004
Slovakia,SVK,1994,,5.96
Slovakia,SVK,1995,,5.84
Slovakia,SVK,1996,,6.0899997
Slovakia,SVK,1997,6.26,6.26
Slovakia,SVK,1998,7.12,7.12
Slovakia,SVK,1999,7.52,7.52
Slovakia,SVK,2000,7.6899996,7.6899996
Slovakia,SVK,2001,8.92,8.92
Slovakia,SVK,2002,8.25,8.25
Slovakia,SVK,2003,7.96,7.96
Slovakia,SVK,2004,10.0199995,10.0199995
Slovakia,SVK,2005,9.42,9.42
Slovakia,SVK,2006,9.52,9.52
Slovakia,SVK,2007,9.38,9.38
Slovakia,SVK,2008,8.62,8.62
Slovakia,SVK,2009,9.26,9.26
Slovakia,SVK,2010,11.08,11.08
Slovakia,SVK,2011,9.63,9.63
Slovakia,SVK,2012,9.68,9.68
Slovakia,SVK,2013,11.68,11.68
Slovakia,SVK,2014,10.31,10.31
Slovakia,SVK,2015,11.89,11.89
Slovakia,SVK,2016,9.22,9.22
Slovakia,SVK,2017,8.55,8.55
Slovakia,SVK,2018,8.309999,8.309999
Slovakia,SVK,2019,,7.59
Slovakia,SVK,2020,,7.7299995
Slovakia,SVK,2021,,7.1099997
Slovakia,SVK,2022,6.48,6.48
Slovakia,SVK,2023,9.95,9.95
Slovenia,SVN,1980,,4.2599998
Slovenia,SVN,1981,,4.2599998
Slovenia,SVN,1982,,4.2599998
Slovenia,SVN,1983,,4.2599998
Slovenia,SVN,1984,,4.2599998
Slovenia,SVN,1985,,4.2599998
Slovenia,SVN,1986,,4.2599998
Slovenia,SVN,1987,,4.2599998
Slovenia,SVN,1988,,4.2599998
Slovenia,SVN,1989,,4.2599998
Slovenia,SVN,1990,,4.2599998
Slovenia,SVN,1991,,4.29
Slovenia,SVN,1992,4.8300004,4.8300004
Slovenia,SVN,1993,5.65,5.65
Slovenia,SVN,1994,5.92,5.92
Slovenia,SVN,1995,6.44,6.44
Slovenia,SVN,1996,6.5899997,6.5899997
Slovenia,SVN,1997,6.95,6.95
Slovenia,SVN,1998,7.2400002,7.2400002
Slovenia,SVN,1999,7.7299995,7.7299995
Slovenia,SVN,2000,7.2599998,7.2599998
Slovenia,SVN,2001,6.89,6.89
Slovenia,SVN,2002,6.92,6.92
Slovenia,SVN,2003,7.5099998,7.5099998
Slovenia,SVN,2004,7.58,7.58
Slovenia,SVN,2005,7.43,7.43
Slovenia,SVN,2006,7.76,7.76
Slovenia,SVN,2007,8.17,8.17
Slovenia,SVN,2008,7.98,7.98
Slovenia,SVN,2009,7.0600004,7.0600004
Slovenia,SVN,2010,7.12,7.12
Slovenia,SVN,2011,6.9700003,6.9700003
Slovenia,SVN,2012,6.91,6.91
Slovenia,SVN,2013,7.04,7.04
Slovenia,SVN,2014,7.76,7.76
Slovenia,SVN,2015,7.0600004,7.0600004
Slovenia,SVN,2016,7.2999997,7.2999997
Slovenia,SVN,2017,7.98,7.98
Slovenia,SVN,2018,7.92,7.92
Slovenia,SVN,2019,,7.5000005
Slovenia,SVN,2020,,7.83
Slovenia,SVN,2021,,7.83
Slovenia,SVN,2022,7.83,7.83
Slovenia,SVN,2023,7.8599997,7.8599997
Solomon Islands,SLB,1980,8.81,8.81
Solomon Islands,SLB,1981,8.95,8.95
Solomon Islands,SLB,1982,9.099999,9.099999
Solomon Islands,SLB,1983,9.25,9.25
Solomon Islands,SLB,1984,9.4,9.4
Solomon Islands,SLB,1985,9.55,9.55
Solomon Islands,SLB,1986,9.71,9.71
Solomon Islands,SLB,1987,9.87,9.87
Solomon Islands,SLB,1988,10.03,10.03
Solomon Islands,SLB,1989,10.2,10.2
Solomon Islands,SLB,1990,10.37,10.37
Solomon Islands,SLB,1991,10.65,10.65
Solomon Islands,SLB,1992,10.91,10.91
Solomon Islands,SLB,1993,11.17,11.17
Solomon Islands,SLB,1994,11.42,11.42
Solomon Islands,SLB,1995,11.66,11.66
Solomon Islands,SLB,1996,11.89,11.89
Solomon Islands,SLB,1997,12.12,12.12
Solomon Islands,SLB,1998,12.34,12.34
Solomon Islands,SLB,1999,12.549999,12.549999
Solomon Islands,SLB,2000,12.76,12.76
Solomon Islands,SLB,2001,13.14,13.14
Solomon Islands,SLB,2002,13.51,13.51
Solomon Islands,SLB,2003,13.879999,13.879999
Solomon Islands,SLB,2004,14.23,14.23
Solomon Islands,SLB,2005,14.58,14.58
Solomon Islands,SLB,2006,14.920001,14.920001
Solomon Islands,SLB,2007,15.25,15.25
Solomon Islands,SLB,2008,15.57,15.57
Solomon Islands,SLB,2009,15.889999,15.889999
Solomon Islands,SLB,2010,16.2,16.2
Solomon Islands,SLB,2011,16.18,16.18
Solomon Islands,SLB,2012,16.16,16.16
Solomon Islands,SLB,2013,16.140001,16.140001
Solomon Islands,SLB,2014,16.12,16.12
Solomon Islands,SLB,2015,16.11,16.11
Solomon Islands,SLB,2016,16.09,16.09
Solomon Islands,SLB,2017,16.07,16.07
Solomon Islands,SLB,2018,16.060001,16.060001
Solomon Islands,SLB,2019,16.050001,16.050001
Solomon Islands,SLB,2020,16.03,16.03
Solomon Islands,SLB,2021,16.03,16.03
Solomon Islands,SLB,2022,16.03,16.03
Solomon Islands,SLB,2023,16.03,16.03
Somalia,SOM,1980,,24.91
Somalia,SOM,1981,,25.54
Somalia,SOM,1982,,26.660002
Somalia,SOM,1983,,25.48
Somalia,SOM,1984,,27.28
Somalia,SOM,1985,,25.420002
Somalia,SOM,1986,,26.039999
Somalia,SOM,1987,,25.650002
Somalia,SOM,1988,,28.82
Somalia,SOM,1989,,25.630001
Somalia,SOM,1990,,26.24
Somalia,SOM,1991,,25.27
Somalia,SOM,1992,,27.38
Somalia,SOM,1993,,25.619999
Somalia,SOM,1994,,25.009998
Somalia,SOM,1995,,25
Somalia,SOM,1996,,22.6
Somalia,SOM,1997,,20.810001
Somalia,SOM,1998,,18.9
Somalia,SOM,1999,,16.96
Somalia,SOM,2000,,17.08
Somalia,SOM,2001,,17.25
Somalia,SOM,2002,,17.36
Somalia,SOM,2003,,17.31
Somalia,SOM,2004,,17.27
Somalia,SOM,2005,,17.26
Somalia,SOM,2006,,17.19
Somalia,SOM,2007,,17.14
Somalia,SOM,2008,,17.039999
Somalia,SOM,2009,,17.03
Somalia,SOM,2010,,16.949999
Somalia,SOM,2011,,16.769999
Somalia,SOM,2012,,16.619999
Somalia,SOM,2013,,16.65
Somalia,SOM,2014,,16.65
Somalia,SOM,2015,,16.52
Somalia,SOM,2016,,16.45
Somalia,SOM,2017,16.240002,16.240002
Somalia,SOM,2018,,16
Somalia,SOM,2019,,15.77
Somalia,SOM,2020,,15.690001
Somalia,SOM,2021,,16.07
Somalia,SOM,2022,16.050001,16.050001
Somalia,SOM,2023,16.04,16.04
South & South-East Asia (WID),,1820,16.12,16.12
South & South-East Asia (WID),,1850,17.880001,17.880001
South & South-East Asia (WID),,1880,18.199999,18.199999
South & South-East Asia (WID),,1900,17.32,17.32
South & South-East Asia (WID),,1910,15.57,15.57
South & South-East Asia (WID),,1920,18.119999,18.119999
South & South-East Asia (WID),,1930,17.24,17.24
South & South-East Asia (WID),,1940,21.66,21.66
South & South-East Asia (WID),,1950,15.549999,15.549999
South & South-East Asia (WID),,1960,17.01,17.01
South & South-East Asia (WID),,1970,18.449999,18.449999
South & South-East Asia (WID),,1980,18.16,18.16
South & South-East Asia (WID),,1981,17.720001,17.720001
South & South-East Asia (WID),,1982,17.84,17.84
South & South-East Asia (WID),,1983,18.359999,18.359999
South & South-East Asia (WID),,1984,18.13,18.13
South & South-East Asia (WID),,1985,18.3,18.3
South & South-East Asia (WID),,1986,19.07,19.07
South & South-East Asia (WID),,1987,18.92,18.92
South & South-East Asia (WID),,1988,18.73,18.73
South & South-East Asia (WID),,1989,19.050001,19.050001
South & South-East Asia (WID),,1990,19.25,19.25
South & South-East Asia (WID),,1991,19.300001,19.300001
South & South-East Asia (WID),,1992,20.16,20.16
South & South-East Asia (WID),,1993,20.67,20.67
South & South-East Asia (WID),,1994,20.730001,20.730001
South & South-East Asia (WID),,1995,22.12,22.12
South & South-East Asia (WID),,1996,22.210001,22.210001
South & South-East Asia (WID),,1997,20.730001,20.730001
South & South-East Asia (WID),,1998,19.75,19.75
South & South-East Asia (WID),,1999,20.47,20.47
South & South-East Asia (WID),,2000,20.39,20.39
South & South-East Asia (WID),,2001,21.4,21.4
South & South-East Asia (WID),,2002,21.13,21.13
South & South-East Asia (WID),,2003,21.57,21.57
South & South-East Asia (WID),,2004,21.119999,21.119999
South & South-East Asia (WID),,2005,21.93,21.93
South & South-East Asia (WID),,2006,22.18,22.18
South & South-East Asia (WID),,2007,21.92,21.92
South & South-East Asia (WID),,2008,22.26,22.26
South & South-East Asia (WID),,2009,22.08,22.08
South & South-East Asia (WID),,2010,22.36,22.36
South & South-East Asia (WID),,2011,22.65,22.65
South & South-East Asia (WID),,2012,21.83,21.83
South & South-East Asia (WID),,2013,22.210001,22.210001
South & South-East Asia (WID),,2014,21.87,21.87
South & South-East Asia (WID),,2015,21.42,21.42
South & South-East Asia (WID),,2016,21.33,21.33
South & South-East Asia (WID),,2017,21.539999,21.539999
South & South-East Asia (WID),,2018,21.72,21.72
South & South-East Asia (WID),,2019,21.08,21.08
South & South-East Asia (WID),,2020,21.69,21.69
South & South-East Asia (WID),,2021,21.359999,21.359999
South & South-East Asia (WID),,2022,23.27,23.27
South & South-East Asia (WID),,2023,22.61,22.61
South Africa,ZAF,1820,,24.060001
South Africa,ZAF,1850,,24.609999
South Africa,ZAF,1880,,24.89
South Africa,ZAF,1900,,25.99
South Africa,ZAF,1910,,27.649998
South Africa,ZAF,1920,,24.85
South Africa,ZAF,1930,,22.76
South Africa,ZAF,1940,,16.949999
South Africa,ZAF,1950,,16.230001
South Africa,ZAF,1960,,11.35
South Africa,ZAF,1970,,11.46
South Africa,ZAF,1980,,9.88
South Africa,ZAF,1981,9.88,9.88
South Africa,ZAF,1982,9.88,9.88
South Africa,ZAF,1983,9.88,9.88
South Africa,ZAF,1984,9.88,9.88
South Africa,ZAF,1985,9.88,9.88
South Africa,ZAF,1986,9.88,9.88
South Africa,ZAF,1987,9.88,9.88
South Africa,ZAF,1988,9.88,9.88
South Africa,ZAF,1989,9.88,9.88
South Africa,ZAF,1990,9.88,9.88
South Africa,ZAF,1991,10.55,10.55
South Africa,ZAF,1992,10.58,10.58
South Africa,ZAF,1993,10.3,10.3
South Africa,ZAF,1994,10.9800005,10.9800005
South Africa,ZAF,1995,11.7,11.7
South Africa,ZAF,1996,12.389999,12.389999
South Africa,ZAF,1997,13.14,13.14
South Africa,ZAF,1998,13.809999,13.809999
South Africa,ZAF,1999,14.5,14.5
South Africa,ZAF,2000,15.549999,15.549999
South Africa,ZAF,2001,15.91,15.91
South Africa,ZAF,2002,16.65,16.65
South Africa,ZAF,2003,16.96,16.96
South Africa,ZAF,2004,17.12,17.12
South Africa,ZAF,2005,18.06,18.06
South Africa,ZAF,2006,19.19,19.19
South Africa,ZAF,2007,20.34,20.34
South Africa,ZAF,2008,19.470001,19.470001
South Africa,ZAF,2009,18.449999,18.449999
South Africa,ZAF,2010,18.56,18.56
South Africa,ZAF,2011,18.56,18.56
South Africa,ZAF,2012,,19.33
South Africa,ZAF,2013,,19.25
South Africa,ZAF,2014,19.230001,19.230001
South Africa,ZAF,2015,,19.26
South Africa,ZAF,2016,,19.230001
South Africa,ZAF,2017,,19.210001
South Africa,ZAF,2018,,19.43
South Africa,ZAF,2019,,19.230001
South Africa,ZAF,2020,,19.43
South Africa,ZAF,2021,,19.220001
South Africa,ZAF,2022,19.210001,19.210001
South Africa,ZAF,2023,19.220001,19.220001
South Africa region (WID),,1980,11.29,11.29
South Africa region (WID),,1981,11.2300005,11.2300005
South Africa region (WID),,1982,11.2300005,11.2300005
South Africa region (WID),,1983,11.26,11.26
South Africa region (WID),,1984,11.190001,11.190001
South Africa region (WID),,1985,11.26,11.26
South Africa region (WID),,1986,11.33,11.33
South Africa region (WID),,1987,11.29,11.29
South Africa region (WID),,1988,11.25,11.25
South Africa region (WID),,1989,11.42,11.42
South Africa region (WID),,1990,11.35,11.35
South Africa region (WID),,1991,12.13,12.13
South Africa region (WID),,1992,12.06,12.06
South Africa region (WID),,1993,11.900001,11.900001
South Africa region (WID),,1994,12.48,12.48
South Africa region (WID),,1995,13.37,13.37
South Africa region (WID),,1996,13.92,13.92
South Africa region (WID),,1997,14.910001,14.910001
South Africa region (WID),,1998,15.52,15.52
South Africa region (WID),,1999,16.58,16.58
South Africa region (WID),,2000,17.74,17.74
South Africa region (WID),,2001,18.15,18.15
South Africa region (WID),,2002,18.67,18.67
South Africa region (WID),,2003,18.960001,18.960001
South Africa region (WID),,2004,19.48,19.48
South Africa region (WID),,2005,19.56,19.56
South Africa region (WID),,2006,20.16,20.16
South Africa region (WID),,2007,21.09,21.09
South Africa region (WID),,2008,20.38,20.38
South Africa region (WID),,2009,19.43,19.43
South Africa region (WID),,2010,19.34,19.34
South Africa region (WID),,2011,19.53,19.53
South Africa region (WID),,2012,19.52,19.52
South Africa region (WID),,2013,19.58,19.58
South Africa region (WID),,2014,19.53,19.53
South Africa region (WID),,2015,19.390001,19.390001
South Africa region (WID),,2016,19.33,19.33
South Africa region (WID),,2017,19.300001,19.300001
South Africa region (WID),,2018,19.470001,19.470001
South Africa region (WID),,2019,19.400002,19.400002
South Africa region (WID),,2020,19.56,19.56
South Africa region (WID),,2021,19.53,19.53
South Africa region (WID),,2022,19.54,19.54
South Africa region (WID),,2023,19.57,19.57
South Asia (WID),,1980,18.02,18.02
South Asia (WID),,1981,17.31,17.31
South Asia (WID),,1982,17.45,17.45
South Asia (WID),,1983,19.71,19.71
South Asia (WID),,1984,17.9,17.9
South Asia (WID),,1985,18.970001,18.970001
South Asia (WID),,1986,17.710001,17.710001
South Asia (WID),,1987,17.74,17.74
South Asia (WID),,1988,16.11,16.11
South Asia (WID),,1989,16.16,16.16
South Asia (WID),,1990,16.11,16.11
South Asia (WID),,1991,16.240002,16.240002
South Asia (WID),,1992,16.140001,16.140001
South Asia (WID),,1993,17.43,17.43
South Asia (WID),,1994,17.18,17.18
South Asia (WID),,1995,19.619999,19.619999
South Asia (WID),,1996,18.55,18.55
South Asia (WID),,1997,17.58,17.58
South Asia (WID),,1998,17.57,17.57
South Asia (WID),,1999,19.17,19.17
South Asia (WID),,2000,18.880001,18.880001
South Asia (WID),,2001,19.34,19.34
South Asia (WID),,2002,19.769999,19.769999
South Asia (WID),,2003,20.2,20.2
South Asia (WID),,2004,19.63,19.63
South Asia (WID),,2005,20.57,20.57
South Asia (WID),,2006,20.47,20.47
South Asia (WID),,2007,21.13,21.13
South Asia (WID),,2008,20.58,20.58
South Asia (WID),,2009,20.62,20.62
South Asia (WID),,2010,21.98,21.98
South Asia (WID),,2011,22.42,22.42
South Asia (WID),,2012,21.42,21.42
South Asia (WID),,2013,22.59,22.59
South Asia (WID),,2014,21.94,21.94
South Asia (WID),,2015,20.93,20.93
South Asia (WID),,2016,21.17,21.17
South Asia (WID),,2017,21.189999,21.189999
South Asia (WID),,2018,21.269999,21.269999
South Asia (WID),,2019,21.06,21.06
South Asia (WID),,2020,21.92,21.92
South Asia (WID),,2021,21.11,21.11
South Asia (WID),,2022,23.69,23.69
South Asia (WID),,2023,22.7,22.7
South Korea,KOR,1980,7.83,7.83
South Korea,KOR,1981,7.83,7.83
South Korea,KOR,1982,7.83,7.83
South Korea,KOR,1983,7.61,7.61
South Korea,KOR,1984,8.26,8.26
South Korea,KOR,1985,7.71,7.71
South Korea,KOR,1986,7.87,7.87
South Korea,KOR,1987,7.8599997,7.8599997
South Korea,KOR,1988,7.8500004,7.8500004
South Korea,KOR,1989,7.96,7.96
South Korea,KOR,1990,8.77,8.77
South Korea,KOR,1991,9.34,9.34
South Korea,KOR,1992,7.52,7.52
South Korea,KOR,1993,7.0200005,7.0200005
South Korea,KOR,1994,6.4300003,6.4300003
South Korea,KOR,1995,6.02,6.02
South Korea,KOR,1996,5.83,5.83
South Korea,KOR,1997,5.9,5.9
South Korea,KOR,1998,6,6
South Korea,KOR,1999,6.33,6.33
South Korea,KOR,2000,6.5800004,6.5800004
South Korea,KOR,2001,7.35,7.35
South Korea,KOR,2002,8.14,8.14
South Korea,KOR,2003,9.17,9.17
South Korea,KOR,2004,10.809999,10.809999
South Korea,KOR,2005,13.44,13.44
South Korea,KOR,2006,13.429999,13.429999
South Korea,KOR,2007,15.629999,15.629999
South Korea,KOR,2008,14.669999,14.669999
South Korea,KOR,2009,13.71,13.71
South Korea,KOR,2010,19.9,19.9
South Korea,KOR,2011,18.83,18.83
South Korea,KOR,2012,18.69,18.69
South Korea,KOR,2013,14.210001,14.210001
South Korea,KOR,2014,17.28,17.28
South Korea,KOR,2015,17.3,17.3
South Korea,KOR,2016,17.75,17.75
South Korea,KOR,2017,,18.78
South Korea,KOR,2018,,17.810001
South Korea,KOR,2019,,16.94
South Korea,KOR,2020,,15.559999
South Korea,KOR,2021,,15.28
South Korea,KOR,2022,16.380001,16.380001
South Korea,KOR,2023,16.150002,16.150002
South Sudan,SSD,1980,,14.54
South Sudan,SSD,1981,,14.69
South Sudan,SSD,1982,,14.32
South Sudan,SSD,1983,,13.98
South Sudan,SSD,1984,,14.110001
South Sudan,SSD,1985,,14.589999
South Sudan,SSD,1986,,14.040001
South Sudan,SSD,1987,,14.24
South Sudan,SSD,1988,,14.839999
South Sudan,SSD,1989,,14.360001
South Sudan,SSD,1990,,14.09
South Sudan,SSD,1991,,14.18
South Sudan,SSD,1992,,13.969999
South Sudan,SSD,1993,,14.46
South Sudan,SSD,1994,,14.32
South Sudan,SSD,1995,,13.45
South Sudan,SSD,1996,,14.39
South Sudan,SSD,1997,,14.41
South Sudan,SSD,1998,,14.35
South Sudan,SSD,1999,,14.9800005
South Sudan,SSD,2000,,14.360001
South Sudan,SSD,2001,,14.820001
South Sudan,SSD,2002,,14.56
South Sudan,SSD,2003,,13.950001
South Sudan,SSD,2004,,14.18
South Sudan,SSD,2005,,14.129999
South Sudan,SSD,2006,,14.24
South Sudan,SSD,2007,,14.290001
South Sudan,SSD,2008,,14.440001
South Sudan,SSD,2009,13.969999,13.969999
South Sudan,SSD,2010,,14.57
South Sudan,SSD,2011,,14.740001
South Sudan,SSD,2012,,14.58
South Sudan,SSD,2013,,14.839999
South Sudan,SSD,2014,,14.58
South Sudan,SSD,2015,,15.880001
South Sudan,SSD,2016,16.16,16.16
South Sudan,SSD,2017,,15.710001
South Sudan,SSD,2018,,15.27
South Sudan,SSD,2019,,15.299999
South Sudan,SSD,2020,,15.25
South Sudan,SSD,2021,,15.24
South Sudan,SSD,2022,15.24,15.24
South Sudan,SSD,2023,15.24,15.24
South-East Asia (WID),,1980,21.49,21.49
South-East Asia (WID),,1981,21.369999,21.369999
South-East Asia (WID),,1982,21.5,21.5
South-East Asia (WID),,1983,21.41,21.41
South-East Asia (WID),,1984,21.33,21.33
South-East Asia (WID),,1985,21.56,21.56
South-East Asia (WID),,1986,23.42,23.42
South-East Asia (WID),,1987,22.62,22.62
South-East Asia (WID),,1988,21.93,21.93
South-East Asia (WID),,1989,21.64,21.64
South-East Asia (WID),,1990,22.02,22.02
South-East Asia (WID),,1991,22.04,22.04
South-East Asia (WID),,1992,23.07,23.07
South-East Asia (WID),,1993,23.56,23.56
South-East Asia (WID),,1994,22.9,22.9
South-East Asia (WID),,1995,22.98,22.98
South-East Asia (WID),,1996,24.449999,24.449999
South-East Asia (WID),,1997,22.490002,22.490002
South-East Asia (WID),,1998,22.06,22.06
South-East Asia (WID),,1999,22.36,22.36
South-East Asia (WID),,2000,22.17,22.17
South-East Asia (WID),,2001,22.869999,22.869999
South-East Asia (WID),,2002,22.67,22.67
South-East Asia (WID),,2003,22.869999,22.869999
South-East Asia (WID),,2004,22.88,22.88
South-East Asia (WID),,2005,22.849998,22.849998
South-East Asia (WID),,2006,23.44,23.44
South-East Asia (WID),,2007,22.490002,22.490002
South-East Asia (WID),,2008,23.710001,23.710001
South-East Asia (WID),,2009,23.41,23.41
South-East Asia (WID),,2010,22.7,22.7
South-East Asia (WID),,2011,22.77,22.77
South-East Asia (WID),,2012,22.14,22.14
South-East Asia (WID),,2013,21.73,21.73
South-East Asia (WID),,2014,22.09,22.09
South-East Asia (WID),,2015,21.25,21.25
South-East Asia (WID),,2016,20.800001,20.800001
South-East Asia (WID),,2017,20.48,20.48
South-East Asia (WID),,2018,20.3,20.3
South-East Asia (WID),,2019,20.1,20.1
South-East Asia (WID),,2020,20.23,20.23
South-East Asia (WID),,2021,20.31,20.31
South-East Asia (WID),,2022,20.99,20.99
South-East Asia (WID),,2023,20.13,20.13
Spain,ESP,1820,,22.02
Spain,ESP,1850,,22.550001
Spain,ESP,1880,,22.25
Spain,ESP,1900,,27.89
Spain,ESP,1910,,26.750002
Spain,ESP,1920,,21.31
Spain,ESP,1930,,13.47
Spain,ESP,1940,,13.44
Spain,ESP,1950,,11.93
Spain,ESP,1960,,11.34
Spain,ESP,1970,,11.09
Spain,ESP,1980,,11.429999
Spain,ESP,1981,11.16,11.16
Spain,ESP,1982,11.2300005,11.2300005
Spain,ESP,1983,10.91,10.91
Spain,ESP,1984,10.88,10.88
Spain,ESP,1985,11.07,11.07
Spain,ESP,1986,11.77,11.77
Spain,ESP,1987,11.82,11.82
Spain,ESP,1988,11.9800005,11.9800005
Spain,ESP,1989,12.179999,12.179999
Spain,ESP,1990,11.75,11.75
Spain,ESP,1991,11.48,11.48
Spain,ESP,1992,11.49,11.49
Spain,ESP,1993,11.240001,11.240001
Spain,ESP,1994,11.54,11.54
Spain,ESP,1995,11.76,11.76
Spain,ESP,1996,11.5,11.5
Spain,ESP,1997,11.389999,11.389999
Spain,ESP,1998,10.99,10.99
Spain,ESP,1999,11.17,11.17
Spain,ESP,2000,11.05,11.05
Spain,ESP,2001,10.679999,10.679999
Spain,ESP,2002,11.14,11.14
Spain,ESP,2003,11.150001,11.150001
Spain,ESP,2004,10.9,10.9
Spain,ESP,2005,10.75,10.75
Spain,ESP,2006,11.49,11.49
Spain,ESP,2007,11.48,11.48
Spain,ESP,2008,11.53,11.53
Spain,ESP,2009,12.77,12.77
Spain,ESP,2010,11.44,11.44
Spain,ESP,2011,11.27,11.27
Spain,ESP,2012,12.04,12.04
Spain,ESP,2013,12.04,12.04
Spain,ESP,2014,12.49,12.49
Spain,ESP,2015,13.7,13.7
Spain,ESP,2016,12.65,12.65
Spain,ESP,2017,13.37,13.37
Spain,ESP,2018,,13.969999
Spain,ESP,2019,,12.04
Spain,ESP,2020,,12.15
Spain,ESP,2021,,12.12
Spain,ESP,2022,12.01,12.01
Spain,ESP,2023,12.04,12.04
Sri Lanka,LKA,1980,,14.599999
Sri Lanka,LKA,1981,,14.599999
Sri Lanka,LKA,1982,,14.599999
Sri Lanka,LKA,1983,,14.599999
Sri Lanka,LKA,1984,,14.599999
Sri Lanka,LKA,1985,14.599999,14.599999
Sri Lanka,LKA,1986,,17.14
Sri Lanka,LKA,1987,,15.99
Sri Lanka,LKA,1988,,16.76
Sri Lanka,LKA,1989,,17.039999
Sri Lanka,LKA,1990,17.67,17.67
Sri Lanka,LKA,1991,,17.19
Sri Lanka,LKA,1992,,17.37
Sri Lanka,LKA,1993,,17.31
Sri Lanka,LKA,1994,,16.26
Sri Lanka,LKA,1995,16.42,16.42
Sri Lanka,LKA,1996,,18.449999
Sri Lanka,LKA,1997,,17.52
Sri Lanka,LKA,1998,,18.179998
Sri Lanka,LKA,1999,,19.24
Sri Lanka,LKA,2000,,19.619999
Sri Lanka,LKA,2001,,22.66
Sri Lanka,LKA,2002,20.69,20.69
Sri Lanka,LKA,2003,,21.51
Sri Lanka,LKA,2004,,20.86
Sri Lanka,LKA,2005,,21.539999
Sri Lanka,LKA,2006,23.27,23.27
Sri Lanka,LKA,2007,,21.66
Sri Lanka,LKA,2008,,21.81
Sri Lanka,LKA,2009,18.52,18.52
Sri Lanka,LKA,2010,,23.17
Sri Lanka,LKA,2011,,19.37
Sri Lanka,LKA,2012,20.4,20.4
Sri Lanka,LKA,2013,,20.4
Sri Lanka,LKA,2014,,21.71
Sri Lanka,LKA,2015,,20.41
Sri Lanka,LKA,2016,20.810001,20.810001
Sri Lanka,LKA,2017,,20.67
Sri Lanka,LKA,2018,,20.730001
Sri Lanka,LKA,2019,,20.69
Sri Lanka,LKA,2020,,20.62
Sri Lanka,LKA,2021,,19.58
Sri Lanka,LKA,2022,20.48,20.48
Sri Lanka,LKA,2023,21.39,21.39
Sub-Saharan Africa (WID),,1820,20.48,20.48
Sub-Saharan Africa (WID),,1850,20.91,20.91
Sub-Saharan Africa (WID),,1880,22.14,22.14
Sub-Saharan Africa (WID),,1900,22.41,22.41
Sub-Saharan Africa (WID),,1910,24.14,24.14
Sub-Saharan Africa (WID),,1920,23.119999,23.119999
Sub-Saharan Africa (WID),,1930,22.16,22.16
Sub-Saharan Africa (WID),,1940,19.17,19.17
Sub-Saharan Africa (WID),,1950,19.140001,19.140001
Sub-Saharan Africa (WID),,1960,15.91,15.91
Sub-Saharan Africa (WID),,1970,17.039999,17.039999
Sub-Saharan Africa (WID),,1980,19.93,19.93
Sub-Saharan Africa (WID),,1981,20,20
Sub-Saharan Africa (WID),,1982,20.15,20.15
Sub-Saharan Africa (WID),,1983,20.4,20.4
Sub-Saharan Africa (WID),,1984,20.83,20.83
Sub-Saharan Africa (WID),,1985,20.51,20.51
Sub-Saharan Africa (WID),,1986,20.34,20.34
Sub-Saharan Africa (WID),,1987,20.47,20.47
Sub-Saharan Africa (WID),,1988,20.24,20.24
Sub-Saharan Africa (WID),,1989,20.3,20.3
Sub-Saharan Africa (WID),,1990,20.05,20.05
Sub-Saharan Africa (WID),,1991,20.57,20.57
Sub-Saharan Africa (WID),,1992,20.26,20.26
Sub-Saharan Africa (WID),,1993,19.92,19.92
Sub-Saharan Africa (WID),,1994,20.39,20.39
Sub-Saharan Africa (WID),,1995,20.76,20.76
Sub-Saharan Africa (WID),,1996,21.06,21.06
Sub-Saharan Africa (WID),,1997,21.279999,21.279999
Sub-Saharan Africa (WID),,1998,21.22,21.22
Sub-Saharan Africa (WID),,1999,21.65,21.65
Sub-Saharan Africa (WID),,2000,21.87,21.87
Sub-Saharan Africa (WID),,2001,22.050001,22.050001
Sub-Saharan Africa (WID),,2002,22.35,22.35
Sub-Saharan Africa (WID),,2003,22.34,22.34
Sub-Saharan Africa (WID),,2004,22.1,22.1
Sub-Saharan Africa (WID),,2005,22.380001,22.380001
Sub-Saharan Africa (WID),,2006,22.42,22.42
Sub-Saharan Africa (WID),,2007,22.550001,22.550001
Sub-Saharan Africa (WID),,2008,22.11,22.11
Sub-Saharan Africa (WID),,2009,21.1,21.1
Sub-Saharan Africa (WID),,2010,21.08,21.08
Sub-Saharan Africa (WID),,2011,21.08,21.08
Sub-Saharan Africa (WID),,2012,21.57,21.57
Sub-Saharan Africa (WID),,2013,21.22,21.22
Sub-Saharan Africa (WID),,2014,20.95,20.95
Sub-Saharan Africa (WID),,2015,20.79,20.79
Sub-Saharan Africa (WID),,2016,20.57,20.57
Sub-Saharan Africa (WID),,2017,20.43,20.43
Sub-Saharan Africa (WID),,2018,20.44,20.44
Sub-Saharan Africa (WID),,2019,20.18,20.18
Sub-Saharan Africa (WID),,2020,19.75,19.75
Sub-Saharan Africa (WID),,2021,20.3,20.3
Sub-Saharan Africa (WID),,2022,20.08,20.08
Sub-Saharan Africa (WID),,2023,20.029999,20.029999
Sudan,SDN,1980,,11.33
Sudan,SDN,1981,,11.3
Sudan,SDN,1982,,11.21
Sudan,SDN,1983,,11.200001
Sudan,SDN,1984,,10.47
Sudan,SDN,1985,,11.150001
Sudan,SDN,1986,,10.99
Sudan,SDN,1987,,11.14
Sudan,SDN,1988,,11.429999
Sudan,SDN,1989,,11.429999
Sudan,SDN,1990,,11.2300005
Sudan,SDN,1991,,11.72
Sudan,SDN,1992,,11.33
Sudan,SDN,1993,,11.22
Sudan,SDN,1994,,11.21
Sudan,SDN,1995,,11.29
Sudan,SDN,1996,,11.69
Sudan,SDN,1997,,11.559999
Sudan,SDN,1998,,11.33
Sudan,SDN,1999,,11.240001
Sudan,SDN,2000,,11.18
Sudan,SDN,2001,,11.07
Sudan,SDN,2002,,11.18
Sudan,SDN,2003,,12.32
Sudan,SDN,2004,,11.27
Sudan,SDN,2005,,11.53
Sudan,SDN,2006,,11.280001
Sudan,SDN,2007,,11.54
Sudan,SDN,2008,,10.97
Sudan,SDN,2009,11.35,11.35
Sudan,SDN,2010,,12.34
Sudan,SDN,2011,,13.06
Sudan,SDN,2012,,13.78
Sudan,SDN,2013,,14.599999
Sudan,SDN,2014,15.710001,15.710001
Sudan,SDN,2015,,15.559999
Sudan,SDN,2016,,15.449999
Sudan,SDN,2017,,15.34
Sudan,SDN,2018,,15.68
Sudan,SDN,2019,,15.150001
Sudan,SDN,2020,,15.42
Sudan,SDN,2021,,15.559999
Sudan,SDN,2022,15.2,15.2
Sudan,SDN,2023,15.11,15.11
Suriname,SUR,1980,,19.03
Suriname,SUR,1981,,19.03
Suriname,SUR,1982,,19.03
Suriname,SUR,1983,,19.03
Suriname,SUR,1984,,19.03
Suriname,SUR,1985,,19.03
Suriname,SUR,1986,,19.03
Suriname,SUR,1987,,19.03
Suriname,SUR,1988,,19.03
Suriname,SUR,1989,,19.03
Suriname,SUR,1990,,19.03
Suriname,SUR,1991,,19.03
Suriname,SUR,1992,,19.03
Suriname,SUR,1993,,19.03
Suriname,SUR,1994,,19.03
Suriname,SUR,1995,,19.03
Suriname,SUR,1996,,19.03
Suriname,SUR,1997,,19.03
Suriname,SUR,1998,,19.03
Suriname,SUR,1999,,19.03
Suriname,SUR,2000,,19.03
Suriname,SUR,2001,,19.84
Suriname,SUR,2002,,19.28
Suriname,SUR,2003,,20.43
Suriname,SUR,2004,,19.99
Suriname,SUR,2005,,19.300001
Suriname,SUR,2006,,19.41
Suriname,SUR,2007,,21.1
Suriname,SUR,2008,,20.29
Suriname,SUR,2009,,19.28
Suriname,SUR,2010,,20.01
Suriname,SUR,2011,,19.82
Suriname,SUR,2012,,19.699999
Suriname,SUR,2013,,20.57
Suriname,SUR,2014,,20.460001
Suriname,SUR,2015,,19.42
Suriname,SUR,2016,,19.84
Suriname,SUR,2017,,18.84
Suriname,SUR,2018,,19.76
Suriname,SUR,2019,,19.050001
Suriname,SUR,2020,,20.43
Suriname,SUR,2021,,18.92
Suriname,SUR,2022,17.87,17.87
Suriname,SUR,2023,17.87,17.87
Sweden,SWE,1820,,25.21
Sweden,SWE,1850,,25.529999
Sweden,SWE,1880,,25.84
Sweden,SWE,1900,,26.699999
Sweden,SWE,1910,,26.88
Sweden,SWE,1920,,16.74
Sweden,SWE,1930,,15.42
Sweden,SWE,1940,11.83,11.83
Sweden,SWE,1950,9.610001,9.610001
Sweden,SWE,1960,8.84,8.84
Sweden,SWE,1970,8.32,8.32
Sweden,SWE,1980,7.13,7.13
Sweden,SWE,1981,7.28,7.28
Sweden,SWE,1982,8.4,8.4
Sweden,SWE,1983,8.690001,8.690001
Sweden,SWE,1984,10.24,10.24
Sweden,SWE,1985,9.72,9.72
Sweden,SWE,1986,12.02,12.02
Sweden,SWE,1987,9.6,9.6
Sweden,SWE,1988,10.450001,10.450001
Sweden,SWE,1989,9.78,9.78
Sweden,SWE,1990,8.070001,8.070001
Sweden,SWE,1991,7.8199997,7.8199997
Sweden,SWE,1992,8.29,8.29
Sweden,SWE,1993,9.23,9.23
Sweden,SWE,1994,10.99,10.99
Sweden,SWE,1995,11.54,11.54
Sweden,SWE,1996,10.440001,10.440001
Sweden,SWE,1997,11.59,11.59
Sweden,SWE,1998,11.389999,11.389999
Sweden,SWE,1999,11.61,11.61
Sweden,SWE,2000,10.21,10.21
Sweden,SWE,2001,8.96,8.96
Sweden,SWE,2002,10.25,10.25
Sweden,SWE,2003,10.54,10.54
Sweden,SWE,2004,11.38,11.38
Sweden,SWE,2005,11.29,11.29
Sweden,SWE,2006,12.57,12.57
Sweden,SWE,2007,12.76,12.76
Sweden,SWE,2008,10.92,10.92
Sweden,SWE,2009,9.59,9.59
Sweden,SWE,2010,11.74,11.74
Sweden,SWE,2011,10.89,10.89
Sweden,SWE,2012,9.87,9.87
Sweden,SWE,2013,9.71,9.71
Sweden,SWE,2014,9.45,9.45
Sweden,SWE,2015,10.35,10.35
Sweden,SWE,2016,8.97,8.97
Sweden,SWE,2017,9.35,9.35
Sweden,SWE,2018,,9.5
Sweden,SWE,2019,,10.91
Sweden,SWE,2020,,13.2300005
Sweden,SWE,2021,,12.67
Sweden,SWE,2022,11.5199995,11.5199995
Sweden,SWE,2023,10.83,10.83
Switzerland,CHE,1980,10.559999,10.559999
Switzerland,CHE,1981,11.59,11.59
Switzerland,CHE,1982,11.37,11.37
Switzerland,CHE,1983,11.06,11.06
Switzerland,CHE,1984,11.09,11.09
Switzerland,CHE,1985,11.07,11.07
Switzerland,CHE,1986,12.06,12.06
Switzerland,CHE,1987,11.860001,11.860001
Switzerland,CHE,1988,10.92,10.92
Switzerland,CHE,1989,11.3,11.3
Switzerland,CHE,1990,10.84,10.84
Switzerland,CHE,1991,10.65,10.65
Switzerland,CHE,1992,9.68,9.68
Switzerland,CHE,1993,9.660001,9.660001
Switzerland,CHE,1994,9.67,9.67
Switzerland,CHE,1995,10.14,10.14
Switzerland,CHE,1996,10.84,10.84
Switzerland,CHE,1997,11.1,11.1
Switzerland,CHE,1998,11.35,11.35
Switzerland,CHE,1999,11.190001,11.190001
Switzerland,CHE,2000,11.33,11.33
Switzerland,CHE,2001,10.01,10.01
Switzerland,CHE,2002,9.17,9.17
Switzerland,CHE,2003,11.91,11.91
Switzerland,CHE,2004,11.48,11.48
Switzerland,CHE,2005,12.29,12.29
Switzerland,CHE,2006,13.179999,13.179999
Switzerland,CHE,2007,10.97,10.97
Switzerland,CHE,2008,10.03,10.03
Switzerland,CHE,2009,10.17,10.17
Switzerland,CHE,2010,11.55,11.55
Switzerland,CHE,2011,11.75,11.75
Switzerland,CHE,2012,10.42,10.42
Switzerland,CHE,2013,10.7,10.7
Switzerland,CHE,2014,10.52,10.52
Switzerland,CHE,2015,10.51,10.51
Switzerland,CHE,2016,10.57,10.57
Switzerland,CHE,2017,10.73,10.73
Switzerland,CHE,2018,,10.18
Switzerland,CHE,2019,,10.09
Switzerland,CHE,2020,,10.22
Switzerland,CHE,2021,,10.5
Switzerland,CHE,2022,10.15,10.15
Switzerland,CHE,2023,10.08,10.08
Syria,SYR,1980,,23.289999
Syria,SYR,1981,,22.09
Syria,SYR,1982,,22.939999
Syria,SYR,1983,,22.12
Syria,SYR,1984,,22.19
Syria,SYR,1985,,22.630001
Syria,SYR,1986,,24.09
Syria,SYR,1987,,23.01
Syria,SYR,1988,,22.06
Syria,SYR,1989,,24.04
Syria,SYR,1990,,23.06
Syria,SYR,1991,,22.210001
Syria,SYR,1992,,22.74
Syria,SYR,1993,,23.62
Syria,SYR,1994,,22.69
Syria,SYR,1995,,22.32
Syria,SYR,1996,22.630001,22.630001
Syria,SYR,1997,,22.29
Syria,SYR,1998,,22.859999
Syria,SYR,1999,,22.93
Syria,SYR,2000,,22.43
Syria,SYR,2001,,25.69
Syria,SYR,2002,,20.6
Syria,SYR,2003,22.75,22.75
Syria,SYR,2004,20.05,20.05
Syria,SYR,2005,,21.66
Syria,SYR,2006,,21.199999
Syria,SYR,2007,,21.279999
Syria,SYR,2008,,21.349998
Syria,SYR,2009,,18.71
Syria,SYR,2010,,21.87
Syria,SYR,2011,,21.04
Syria,SYR,2012,,21.529999
Syria,SYR,2013,,21.14
Syria,SYR,2014,,20.35
Syria,SYR,2015,,20.42
Syria,SYR,2016,,21.18
Syria,SYR,2017,,19.55
Syria,SYR,2018,,21.52
Syria,SYR,2019,,21.63
Syria,SYR,2020,,21.119999
Syria,SYR,2021,,21.68
Syria,SYR,2022,20.68,20.68
Syria,SYR,2023,21.3,21.3
Taiwan,TWN,1980,14.08,14.08
Taiwan,TWN,1981,14.08,14.08
Taiwan,TWN,1982,11.389999,11.389999
Taiwan,TWN,1983,10.440001,10.440001
Taiwan,TWN,1984,10.39,10.39
Taiwan,TWN,1985,10.55,10.55
Taiwan,TWN,1986,10.38,10.38
Taiwan,TWN,1987,11.55,11.55
Taiwan,TWN,1988,10.89,10.89
Taiwan,TWN,1989,11.65,11.65
Taiwan,TWN,1990,11.59,11.59
Taiwan,TWN,1991,12.08,12.08
Taiwan,TWN,1992,11.74,11.74
Taiwan,TWN,1993,10.89,10.89
Taiwan,TWN,1994,12.309999,12.309999
Taiwan,TWN,1995,12.49,12.49
Taiwan,TWN,1996,11.69,11.69
Taiwan,TWN,1997,13.0199995,13.0199995
Taiwan,TWN,1998,13.330001,13.330001
Taiwan,TWN,1999,14.46,14.46
Taiwan,TWN,2000,14.749999,14.749999
Taiwan,TWN,2001,19.71,19.71
Taiwan,TWN,2002,18.72,18.72
Taiwan,TWN,2003,23.67,23.67
Taiwan,TWN,2004,20.2,20.2
Taiwan,TWN,2005,19.12,19.12
Taiwan,TWN,2006,18.55,18.55
Taiwan,TWN,2007,21.52,21.52
Taiwan,TWN,2008,17.4,17.4
Taiwan,TWN,2009,18.56,18.56
Taiwan,TWN,2010,20.14,20.14
Taiwan,TWN,2011,20.95,20.95
Taiwan,TWN,2012,23.43,23.43
Taiwan,TWN,2013,18.79,18.79
Taiwan,TWN,2014,26.800001,26.800001
Taiwan,TWN,2015,19.390001,19.390001
Taiwan,TWN,2016,21.39,21.39
Taiwan,TWN,2017,20.54,20.54
Taiwan,TWN,2018,,19.68
Taiwan,TWN,2019,,19.54
Taiwan,TWN,2020,,23.08
Taiwan,TWN,2021,,21.55
Taiwan,TWN,2022,20.25,20.25
Taiwan,TWN,2023,21.279999,21.279999
Tajikistan,TJK,1980,,11.84
Tajikistan,TJK,1981,,11.84
Tajikistan,TJK,1982,,11.84
Tajikistan,TJK,1983,,11.84
Tajikistan,TJK,1984,,11.84
Tajikistan,TJK,1985,,11.84
Tajikistan,TJK,1986,,11.84
Tajikistan,TJK,1987,,11.84
Tajikistan,TJK,1988,,11.84
Tajikistan,TJK,1989,,11.84
Tajikistan,TJK,1990,,11.84
Tajikistan,TJK,1991,,11.84
Tajikistan,TJK,1992,,11.84
Tajikistan,TJK,1993,,11.84
Tajikistan,TJK,1994,,11.84
Tajikistan,TJK,1995,,11.84
Tajikistan,TJK,1996,,11.84
Tajikistan,TJK,1997,,11.84
Tajikistan,TJK,1998,,11.84
Tajikistan,TJK,1999,11.84,11.84
Tajikistan,TJK,2000,,12.36
Tajikistan,TJK,2001,,13.03
Tajikistan,TJK,2002,,13.66
Tajikistan,TJK,2003,13.809999,13.809999
Tajikistan,TJK,2004,13.099999,13.099999
Tajikistan,TJK,2005,,15.24
Tajikistan,TJK,2006,,17.13
Tajikistan,TJK,2007,16.88,16.88
Tajikistan,TJK,2008,,15.68
Tajikistan,TJK,2009,14.49,14.49
Tajikistan,TJK,2010,,14.26
Tajikistan,TJK,2011,,13.83
Tajikistan,TJK,2012,,14.110001
Tajikistan,TJK,2013,,13.76
Tajikistan,TJK,2014,,13.28
Tajikistan,TJK,2015,12.9800005,12.9800005
Tajikistan,TJK,2016,,14.049999
Tajikistan,TJK,2017,,14.25
Tajikistan,TJK,2018,,14.300001
Tajikistan,TJK,2019,,14.54
Tajikistan,TJK,2020,,14.55
Tajikistan,TJK,2021,,14.290001
Tajikistan,TJK,2022,14.42,14.42
Tajikistan,TJK,2023,14.55,14.55
Tanzania,TZA,1980,,11.559999
Tanzania,TZA,1981,,11.79
Tanzania,TZA,1982,,11.3
Tanzania,TZA,1983,,11.5199995
Tanzania,TZA,1984,,11.7
Tanzania,TZA,1985,,11.58
Tanzania,TZA,1986,,11.45
Tanzania,TZA,1987,,11.44
Tanzania,TZA,1988,,11.36
Tanzania,TZA,1989,,11.37
Tanzania,TZA,1990,,11.37
Tanzania,TZA,1991,11.37,11.37
Tanzania,TZA,1992,,11.5
Tanzania,TZA,1993,,11.66
Tanzania,TZA,1994,,11.74
Tanzania,TZA,1995,,11.88
Tanzania,TZA,1996,,12.01
Tanzania,TZA,1997,,12.17
Tanzania,TZA,1998,,12.2699995
Tanzania,TZA,1999,,12.4
Tanzania,TZA,2000,12.540001,12.540001
Tanzania,TZA,2001,,13.0199995
Tanzania,TZA,2002,,13.51
Tanzania,TZA,2003,,14
Tanzania,TZA,2004,,14.4800005
Tanzania,TZA,2005,,14.97
Tanzania,TZA,2006,,15.459999
Tanzania,TZA,2007,15.950001,15.950001
Tanzania,TZA,2008,,16.07
Tanzania,TZA,2009,,16.050001
Tanzania,TZA,2010,,16.11
Tanzania,TZA,2011,16.16,16.16
Tanzania,TZA,2012,,16.45
Tanzania,TZA,2013,,16.74
Tanzania,TZA,2014,17.03,17.03
Tanzania,TZA,2015,,17.32
Tanzania,TZA,2016,,17.61
Tanzania,TZA,2017,17.9,17.9
Tanzania,TZA,2018,,17.9
Tanzania,TZA,2019,,17.9
Tanzania,TZA,2020,,17.9
Tanzania,TZA,2021,,17.9
Tanzania,TZA,2022,17.9,17.9
Tanzania,TZA,2023,17.9,17.9
Thailand,THA,1980,,23.68
Thailand,THA,1981,23.05,23.05
Thailand,THA,1982,,23.95
Thailand,THA,1983,,24.55
Thailand,THA,1984,,23.73
Thailand,THA,1985,,25.060001
Thailand,THA,1986,,25.64
Thailand,THA,1987,,26.42
Thailand,THA,1988,,24.81
Thailand,THA,1989,25.099998,25.099998
Thailand,THA,1990,23.56,23.56
Thailand,THA,1991,24.6,24.6
Thailand,THA,1992,25.350002,25.350002
Thailand,THA,1993,24.33,24.33
Thailand,THA,1994,24.050001,24.050001
Thailand,THA,1995,23.960001,23.960001
Thailand,THA,1996,23.86,23.86
Thailand,THA,1997,21.269999,21.269999
Thailand,THA,1998,19.74,19.74
Thailand,THA,1999,22.08,22.08
Thailand,THA,2000,21.68,21.68
Thailand,THA,2001,21.619999,21.619999
Thailand,THA,2002,22.42,22.42
Thailand,THA,2003,25.560001,25.560001
Thailand,THA,2004,23.66,23.66
Thailand,THA,2005,22.83,22.83
Thailand,THA,2006,25.650002,25.650002
Thailand,THA,2007,22.83,22.83
Thailand,THA,2008,23.23,23.23
Thailand,THA,2009,22.65,22.65
Thailand,THA,2010,22.81,22.81
Thailand,THA,2011,23.630001,23.630001
Thailand,THA,2012,21.9,21.9
Thailand,THA,2013,20.039999,20.039999
Thailand,THA,2014,21.98,21.98
Thailand,THA,2015,21.34,21.34
Thailand,THA,2016,20.93,20.93
Thailand,THA,2017,19.43,19.43
Thailand,THA,2018,17.37,17.37
Thailand,THA,2019,15.65,15.65
Thailand,THA,2020,,17.41
Thailand,THA,2021,,20.1
Thailand,THA,2022,21.369999,21.369999
Thailand,THA,2023,19.74,19.74
Togo,TGO,1980,,13.889999
Togo,TGO,1981,,13.889999
Togo,TGO,1982,,13.889999
Togo,TGO,1983,,13.889999
Togo,TGO,1984,,13.889999
Togo,TGO,1985,,13.889999
Togo,TGO,1986,,13.889999
Togo,TGO,1987,,13.889999
Togo,TGO,1988,,13.889999
Togo,TGO,1989,,13.889999
Togo,TGO,1990,,13.889999
Togo,TGO,1991,,13.889999
Togo,TGO,1992,,13.889999
Togo,TGO,1993,,13.889999
Togo,TGO,1994,,13.889999
Togo,TGO,1995,,13.889999
Togo,TGO,1996,,13.889999
Togo,TGO,1997,,13.889999
Togo,TGO,1998,,13.889999
Togo,TGO,1999,,13.889999
Togo,TGO,2000,,13.889999
Togo,TGO,2001,,13.889999
Togo,TGO,2002,,13.889999
Togo,TGO,2003,,13.889999
Togo,TGO,2004,,13.889999
Togo,TGO,2005,,13.889999
Togo,TGO,2006,13.889999,13.889999
Togo,TGO,2007,,14.17
Togo,TGO,2008,,14.45
Togo,TGO,2009,,14.740001
Togo,TGO,2010,,15.0199995
Togo,TGO,2011,15.299999,15.299999
Togo,TGO,2012,,14.920001
Togo,TGO,2013,,14.53
Togo,TGO,2014,,14.139999
Togo,TGO,2015,13.75,13.75
Togo,TGO,2016,,14.280001
Togo,TGO,2017,,14.81
Togo,TGO,2018,,15.34
Togo,TGO,2019,,14.849999
Togo,TGO,2020,,14.360001
Togo,TGO,2021,,13.879999
Togo,TGO,2022,13.879999,13.879999
Togo,TGO,2023,13.879999,13.879999
Tonga,TON,1980,8.81,8.81
Tonga,TON,1981,8.95,8.95
Tonga,TON,1982,9.099999,9.099999
Tonga,TON,1983,9.25,9.25
Tonga,TON,1984,9.4,9.4
Tonga,TON,1985,9.55,9.55
Tonga,TON,1986,9.71,9.71
Tonga,TON,1987,9.87,9.87
Tonga,TON,1988,10.03,10.03
Tonga,TON,1989,10.2,10.2
Tonga,TON,1990,10.37,10.37
Tonga,TON,1991,10.65,10.65
Tonga,TON,1992,10.91,10.91
Tonga,TON,1993,11.17,11.17
Tonga,TON,1994,11.42,11.42
Tonga,TON,1995,11.66,11.66
Tonga,TON,1996,11.89,11.89
Tonga,TON,1997,12.12,12.12
Tonga,TON,1998,12.34,12.34
Tonga,TON,1999,12.549999,12.549999
Tonga,TON,2000,12.76,12.76
Tonga,TON,2001,13.14,13.14
Tonga,TON,2002,13.51,13.51
Tonga,TON,2003,13.879999,13.879999
Tonga,TON,2004,14.23,14.23
Tonga,TON,2005,14.58,14.58
Tonga,TON,2006,14.920001,14.920001
Tonga,TON,2007,15.25,15.25
Tonga,TON,2008,15.57,15.57
Tonga,TON,2009,15.889999,15.889999
Tonga,TON,2010,16.2,16.2
Tonga,TON,2011,16.18,16.18
Tonga,TON,2012,16.16,16.16
Tonga,TON,2013,16.140001,16.140001
Tonga,TON,2014,16.12,16.12
Tonga,TON,2015,16.11,16.11
Tonga,TON,2016,16.09,16.09
Tonga,TON,2017,16.07,16.07
Tonga,TON,2018,16.060001,16.060001
Tonga,TON,2019,16.050001,16.050001
Tonga,TON,2020,16.03,16.03
Tonga,TON,2021,16.03,16.03
Tonga,TON,2022,16.03,16.03
Tonga,TON,2023,16.03,16.03
Trinidad and Tobago,TTO,1980,,19.03
Trinidad and Tobago,TTO,1981,,19.03
Trinidad and Tobago,TTO,1982,,19.03
Trinidad and Tobago,TTO,1983,,19.03
Trinidad and Tobago,TTO,1984,,19.03
Trinidad and Tobago,TTO,1985,,19.03
Trinidad and Tobago,TTO,1986,,19.03
Trinidad and Tobago,TTO,1987,,19.03
Trinidad and Tobago,TTO,1988,,19.03
Trinidad and Tobago,TTO,1989,,19.03
Trinidad and Tobago,TTO,1990,,19.03
Trinidad and Tobago,TTO,1991,,19.03
Trinidad and Tobago,TTO,1992,,19.03
Trinidad and Tobago,TTO,1993,,19.03
Trinidad and Tobago,TTO,1994,,19.03
Trinidad and Tobago,TTO,1995,,19.03
Trinidad and Tobago,TTO,1996,,19.03
Trinidad and Tobago,TTO,1997,,19.03
Trinidad and Tobago,TTO,1998,,19.03
Trinidad and Tobago,TTO,1999,,19.03
Trinidad and Tobago,TTO,2000,,19.03
Trinidad and Tobago,TTO,2001,,19.84
Trinidad and Tobago,TTO,2002,,19.28
Trinidad and Tobago,TTO,2003,,20.43
Trinidad and Tobago,TTO,2004,,19.99
Trinidad and Tobago,TTO,2005,,19.300001
Trinidad and Tobago,TTO,2006,,19.41
Trinidad and Tobago,TTO,2007,,21.1
Trinidad and Tobago,TTO,2008,,20.29
Trinidad and Tobago,TTO,2009,,19.28
Trinidad and Tobago,TTO,2010,,20.01
Trinidad and Tobago,TTO,2011,,19.82
Trinidad and Tobago,TTO,2012,,19.699999
Trinidad and Tobago,TTO,2013,,20.57
Trinidad and Tobago,TTO,2014,,20.460001
Trinidad and Tobago,TTO,2015,,19.42
Trinidad and Tobago,TTO,2016,,19.84
Trinidad and Tobago,TTO,2017,,18.84
Trinidad and Tobago,TTO,2018,,19.76
Trinidad and Tobago,TTO,2019,,19.050001
Trinidad and Tobago,TTO,2020,,20.43
Trinidad and Tobago,TTO,2021,,18.92
Trinidad and Tobago,TTO,2022,17.87,17.87
Trinidad and Tobago,TTO,2023,17.87,17.87
Tunisia,TUN,1980,,21.619999
Tunisia,TUN,1981,,21.619999
Tunisia,TUN,1982,,21.93
Tunisia,TUN,1983,,21.64
Tunisia,TUN,1984,,21.619999
Tunisia,TUN,1985,21.66,21.66
Tunisia,TUN,1986,,21.61
Tunisia,TUN,1987,,21.61
Tunisia,TUN,1988,,21.61
Tunisia,TUN,1989,,21.619999
Tunisia,TUN,1990,21.92,21.92
Tunisia,TUN,1991,,21.61
Tunisia,TUN,1992,,22.58
Tunisia,TUN,1993,,22.23
Tunisia,TUN,1994,,21.619999
Tunisia,TUN,1995,21.619999,21.619999
Tunisia,TUN,1996,,21.91
Tunisia,TUN,1997,,21.619999
Tunisia,TUN,1998,,21.91
Tunisia,TUN,1999,,21.91
Tunisia,TUN,2000,21.63,21.63
Tunisia,TUN,2001,,21.67
Tunisia,TUN,2002,,21.65
Tunisia,TUN,2003,,21.63
Tunisia,TUN,2004,,21.93
Tunisia,TUN,2005,21.99,21.99
Tunisia,TUN,2006,,21.09
Tunisia,TUN,2007,,20.2
Tunisia,TUN,2008,,19.45
Tunisia,TUN,2009,,18.81
Tunisia,TUN,2010,18.179998,18.179998
Tunisia,TUN,2011,,17.039999
Tunisia,TUN,2012,,19.93
Tunisia,TUN,2013,,22.7
Tunisia,TUN,2014,,22.5
Tunisia,TUN,2015,22.96,22.96
Tunisia,TUN,2016,,22.73
Tunisia,TUN,2017,,22.92
Tunisia,TUN,2018,,22.54
Tunisia,TUN,2019,,22.91
Tunisia,TUN,2020,,22.5
Tunisia,TUN,2021,,22.74
Tunisia,TUN,2022,22.52,22.52
Tunisia,TUN,2023,22.470001,22.470001
Turkey,TUR,1820,,26.390001
Turkey,TUR,1850,,26.67
Turkey,TUR,1880,,26.94
Turkey,TUR,1900,,27.22
Turkey,TUR,1910,,27.779999
Turkey,TUR,1920,,27.779999
Turkey,TUR,1930,,27.779999
Turkey,TUR,1940,,27.779999
Turkey,TUR,1950,,27.779999
Turkey,TUR,1960,,27.779999
Turkey,TUR,1970,,27.779999
Turkey,TUR,1980,,28.29
Turkey,TUR,1981,,28.470001
Turkey,TUR,1982,,29.319998
Turkey,TUR,1983,,29.210001
Turkey,TUR,1984,,28.349998
Turkey,TUR,1985,,28.470001
Turkey,TUR,1986,,28.41
Turkey,TUR,1987,29.6,29.6
Turkey,TUR,1988,27.54,27.54
Turkey,TUR,1989,26.69,26.69
Turkey,TUR,1990,25.240002,25.240002
Turkey,TUR,1991,25.48,25.48
Turkey,TUR,1992,23.710001,23.710001
Turkey,TUR,1993,22.77,22.77
Turkey,TUR,1994,21.49,21.49
Turkey,TUR,1995,21.72,21.72
Turkey,TUR,1996,21.68,21.68
Turkey,TUR,1997,21.97,21.97
Turkey,TUR,1998,21.57,21.57
Turkey,TUR,1999,22.220001,22.220001
Turkey,TUR,2000,22.17,22.17
Turkey,TUR,2001,22.61,22.61
Turkey,TUR,2002,21.9,21.9
Turkey,TUR,2003,22.01,22.01
Turkey,TUR,2004,20.79,20.79
Turkey,TUR,2005,18.41,18.41
Turkey,TUR,2006,17.3,17.3
Turkey,TUR,2007,16.76,16.76
Turkey,TUR,2008,17.720001,17.720001
Turkey,TUR,2009,19.18,19.18
Turkey,TUR,2010,19.64,19.64
Turkey,TUR,2011,18.63,18.63
Turkey,TUR,2012,19.789999,19.789999
Turkey,TUR,2013,18.5,18.5
Turkey,TUR,2014,19.71,19.71
Turkey,TUR,2015,21.99,21.99
Turkey,TUR,2016,19.050001,19.050001
Turkey,TUR,2017,20.52,20.52
Turkey,TUR,2018,19.96,19.96
Turkey,TUR,2019,,18.6
Turkey,TUR,2020,,20.29
Turkey,TUR,2021,,18.8
Turkey,TUR,2022,22.26,22.26
Turkey,TUR,2023,23.95,23.95
Turkmenistan,TKM,1980,,18.199999
Turkmenistan,TKM,1981,,18.199999
Turkmenistan,TKM,1982,,18.199999
Turkmenistan,TKM,1983,,18.199999
Turkmenistan,TKM,1984,,18.199999
Turkmenistan,TKM,1985,,18.199999
Turkmenistan,TKM,1986,,18.199999
Turkmenistan,TKM,1987,,18.199999
Turkmenistan,TKM,1988,,18.199999
Turkmenistan,TKM,1989,,18.199999
Turkmenistan,TKM,1990,,18.199999
Turkmenistan,TKM,1991,,18.199999
Turkmenistan,TKM,1992,,18.199999
Turkmenistan,TKM,1993,,18.199999
Turkmenistan,TKM,1994,,18.199999
Turkmenistan,TKM,1995,,18.199999
Turkmenistan,TKM,1996,,18.199999
Turkmenistan,TKM,1997,,18.199999
Turkmenistan,TKM,1998,18.199999,18.199999
Turkmenistan,TKM,1999,,18.25
Turkmenistan,TKM,2000,,18.33
Turkmenistan,TKM,2001,,18.6
Turkmenistan,TKM,2002,,19.699999
Turkmenistan,TKM,2003,,19.18
Turkmenistan,TKM,2004,,18.65
Turkmenistan,TKM,2005,,18.86
Turkmenistan,TKM,2006,,18.880001
Turkmenistan,TKM,2007,,18.68
Turkmenistan,TKM,2008,,18.99
Turkmenistan,TKM,2009,,21.04
Turkmenistan,TKM,2010,,19.98
Turkmenistan,TKM,2011,,19
Turkmenistan,TKM,2012,,19.33
Turkmenistan,TKM,2013,,19.76
Turkmenistan,TKM,2014,,18.880001
Turkmenistan,TKM,2015,,18.63
Turkmenistan,TKM,2016,,20.01
Turkmenistan,TKM,2017,,19.460001
Turkmenistan,TKM,2018,,19.45
Turkmenistan,TKM,2019,,19.460001
Turkmenistan,TKM,2020,,19.56
Turkmenistan,TKM,2021,,19.96
Turkmenistan,TKM,2022,19.6,19.6
Turkmenistan,TKM,2023,19.71,19.71
Turks and Caicos Islands,TCA,1980,23.75,23.75
Turks and Caicos Islands,TCA,1981,23.64,23.64
Turks and Caicos Islands,TCA,1982,23.53,23.53
Turks and Caicos Islands,TCA,1983,23.42,23.42
Turks and Caicos Islands,TCA,1984,23.31,23.31
Turks and Caicos Islands,TCA,1985,23.19,23.19
Turks and Caicos Islands,TCA,1986,23.07,23.07
Turks and Caicos Islands,TCA,1987,22.949999,22.949999
Turks and Caicos Islands,TCA,1988,22.83,22.83
Turks and Caicos Islands,TCA,1989,22.71,22.71
Turks and Caicos Islands,TCA,1990,22.58,22.58
Turks and Caicos Islands,TCA,1991,22.57,22.57
Turks and Caicos Islands,TCA,1992,22.550001,22.550001
Turks and Caicos Islands,TCA,1993,22.54,22.54
Turks and Caicos Islands,TCA,1994,22.53,22.53
Turks and Caicos Islands,TCA,1995,22.52,22.52
Turks and Caicos Islands,TCA,1996,22.51,22.51
Turks and Caicos Islands,TCA,1997,22.5,22.5
Turks and Caicos Islands,TCA,1998,22.490002,22.490002
Turks and Caicos Islands,TCA,1999,22.480001,22.480001
Turks and Caicos Islands,TCA,2000,22.470001,22.470001
Turks and Caicos Islands,TCA,2001,22.310001,22.310001
Turks and Caicos Islands,TCA,2002,22.16,22.16
Turks and Caicos Islands,TCA,2003,22.02,22.02
Turks and Caicos Islands,TCA,2004,21.89,21.89
Turks and Caicos Islands,TCA,2005,21.76,21.76
Turks and Caicos Islands,TCA,2006,21.64,21.64
Turks and Caicos Islands,TCA,2007,21.529999,21.529999
Turks and Caicos Islands,TCA,2008,21.42,21.42
Turks and Caicos Islands,TCA,2009,21.31,21.31
Turks and Caicos Islands,TCA,2010,21.21,21.21
Turks and Caicos Islands,TCA,2011,21.199999,21.199999
Turks and Caicos Islands,TCA,2012,21.199999,21.199999
Turks and Caicos Islands,TCA,2013,21.199999,21.199999
Turks and Caicos Islands,TCA,2014,21.199999,21.199999
Turks and Caicos Islands,TCA,2015,21.189999,21.189999
Turks and Caicos Islands,TCA,2016,21.189999,21.189999
Turks and Caicos Islands,TCA,2017,21.189999,21.189999
Turks and Caicos Islands,TCA,2018,21.18,21.18
Turks and Caicos Islands,TCA,2019,21.18,21.18
Turks and Caicos Islands,TCA,2020,21.199999,21.199999
Turks and Caicos Islands,TCA,2021,21.199999,21.199999
Turks and Caicos Islands,TCA,2022,21.199999,21.199999
Turks and Caicos Islands,TCA,2023,21.199999,21.199999
Tuvalu,TUV,1980,8.81,8.81
Tuvalu,TUV,1981,8.95,8.95
Tuvalu,TUV,1982,9.099999,9.099999
Tuvalu,TUV,1983,9.25,9.25
Tuvalu,TUV,1984,9.4,9.4
Tuvalu,TUV,1985,9.55,9.55
Tuvalu,TUV,1986,9.71,9.71
Tuvalu,TUV,1987,9.87,9.87
Tuvalu,TUV,1988,10.03,10.03
Tuvalu,TUV,1989,10.2,10.2
Tuvalu,TUV,1990,10.37,10.37
Tuvalu,TUV,1991,10.65,10.65
Tuvalu,TUV,1992,10.91,10.91
Tuvalu,TUV,1993,11.17,11.17
Tuvalu,TUV,1994,11.42,11.42
Tuvalu,TUV,1995,11.66,11.66
Tuvalu,TUV,1996,11.89,11.89
Tuvalu,TUV,1997,12.12,12.12
Tuvalu,TUV,1998,12.34,12.34
Tuvalu,TUV,1999,12.549999,12.549999
Tuvalu,TUV,2000,12.76,12.76
Tuvalu,TUV,2001,13.14,13.14
Tuvalu,TUV,2002,13.51,13.51
Tuvalu,TUV,2003,13.879999,13.879999
Tuvalu,TUV,2004,14.23,14.23
Tuvalu,TUV,2005,14.58,14.58
Tuvalu,TUV,2006,14.920001,14.920001
Tuvalu,TUV,2007,15.25,15.25
Tuvalu,TUV,2008,15.57,15.57
Tuvalu,TUV,2009,15.889999,15.889999
Tuvalu,TUV,2010,16.2,16.2
Tuvalu,TUV,2011,16.18,16.18
Tuvalu,TUV,2012,16.16,16.16
Tuvalu,TUV,2013,16.140001,16.140001
Tuvalu,TUV,2014,16.12,16.12
Tuvalu,TUV,2015,16.11,16.11
Tuvalu,TUV,2016,16.09,16.09
Tuvalu,TUV,2017,16.07,16.07
Tuvalu,TUV,2018,16.060001,16.060001
Tuvalu,TUV,2019,16.050001,16.050001
Tuvalu,TUV,2020,16.03,16.03
Tuvalu,TUV,2021,16.03,16.03
Tuvalu,TUV,2022,16.03,16.03
Tuvalu,TUV,2023,16.03,16.03
Uganda,UGA,1980,,19.65
Uganda,UGA,1981,,20.99
Uganda,UGA,1982,,20.56
Uganda,UGA,1983,,20.34
Uganda,UGA,1984,,20.43
Uganda,UGA,1985,,19.61
Uganda,UGA,1986,,20.1
Uganda,UGA,1987,,20.11
Uganda,UGA,1988,,20.21
Uganda,UGA,1989,20.039999,20.039999
Uganda,UGA,1990,,19.9
Uganda,UGA,1991,,19.9
Uganda,UGA,1992,,19.89
Uganda,UGA,1993,,18.72
Uganda,UGA,1994,,17.61
Uganda,UGA,1995,,16.33
Uganda,UGA,1996,15.19,15.19
Uganda,UGA,1997,,16.48
Uganda,UGA,1998,,17.92
Uganda,UGA,1999,19.16,19.16
Uganda,UGA,2000,,20.24
Uganda,UGA,2001,,21.31
Uganda,UGA,2002,22.400002,22.400002
Uganda,UGA,2003,,21.03
Uganda,UGA,2004,,19.34
Uganda,UGA,2005,17.810001,17.810001
Uganda,UGA,2006,,17.91
Uganda,UGA,2007,,18.01
Uganda,UGA,2008,,18.099998
Uganda,UGA,2009,18.199999,18.199999
Uganda,UGA,2010,,17.25
Uganda,UGA,2011,,16.300001
Uganda,UGA,2012,15.34,15.34
Uganda,UGA,2013,,15.719999
Uganda,UGA,2014,,16.09
Uganda,UGA,2015,,16.47
Uganda,UGA,2016,16.84,16.84
Uganda,UGA,2017,,18.279999
Uganda,UGA,2018,,19.71
Uganda,UGA,2019,,21.15
Uganda,UGA,2020,,21.15
Uganda,UGA,2021,,21.43
Uganda,UGA,2022,21.15,21.15
Uganda,UGA,2023,21.43,21.43
Ukraine,UKR,1980,,13.4800005
Ukraine,UKR,1981,,13.4800005
Ukraine,UKR,1982,,13.4800005
Ukraine,UKR,1983,,13.4800005
Ukraine,UKR,1984,,13.4800005
Ukraine,UKR,1985,,13.4800005
Ukraine,UKR,1986,,13.4800005
Ukraine,UKR,1987,,13.4800005
Ukraine,UKR,1988,,13.4800005
Ukraine,UKR,1989,,13.4800005
Ukraine,UKR,1990,,13.4800005
Ukraine,UKR,1991,,13.4800005
Ukraine,UKR,1992,13.4800005,13.4800005
Ukraine,UKR,1993,13.959999,13.959999
Ukraine,UKR,1994,,15.83
Ukraine,UKR,1995,15.780001,15.780001
Ukraine,UKR,1996,12.34,12.34
Ukraine,UKR,1997,,11.110001
Ukraine,UKR,1998,,8.96
Ukraine,UKR,1999,8.41,8.41
Ukraine,UKR,2000,,9.07
Ukraine,UKR,2001,,10.05
Ukraine,UKR,2002,,9.76
Ukraine,UKR,2003,10.7699995,10.7699995
Ukraine,UKR,2004,11.82,11.82
Ukraine,UKR,2005,10.47,10.47
Ukraine,UKR,2006,11.63,11.63
Ukraine,UKR,2007,10.21,10.21
Ukraine,UKR,2008,9.92,9.92
Ukraine,UKR,2009,8.55,8.55
Ukraine,UKR,2010,7.53,7.53
Ukraine,UKR,2011,7.63,7.63
Ukraine,UKR,2012,6.0899997,6.0899997
Ukraine,UKR,2013,6.3100004,6.3100004
Ukraine,UKR,2014,7.87,7.87
Ukraine,UKR,2015,9,9
Ukraine,UKR,2016,10.24,10.24
Ukraine,UKR,2017,10.05,10.05
Ukraine,UKR,2018,9.36,9.36
Ukraine,UKR,2019,,9.059999
Ukraine,UKR,2020,,9.059999
Ukraine,UKR,2021,,9.139999
Ukraine,UKR,2022,9.07,9.07
Ukraine,UKR,2023,9.38,9.38
United Arab Emirates,ARE,1980,,20.83
United Arab Emirates,ARE,1981,,19.37
United Arab Emirates,ARE,1982,,20.48
United Arab Emirates,ARE,1983,,20
United Arab Emirates,ARE,1984,,19.619999
United Arab Emirates,ARE,1985,,19.789999
United Arab Emirates,ARE,1986,,21.119999
United Arab Emirates,ARE,1987,,20.02
United Arab Emirates,ARE,1988,,19.81
United Arab Emirates,ARE,1989,,19.769999
United Arab Emirates,ARE,1990,,19.75
United Arab Emirates,ARE,1991,,18.960001
United Arab Emirates,ARE,1992,,19.04
United Arab Emirates,ARE,1993,,20.21
United Arab Emirates,ARE,1994,,19.93
United Arab Emirates,ARE,1995,,20.66
United Arab Emirates,ARE,1996,,19.18
United Arab Emirates,ARE,1997,,19.58
United Arab Emirates,ARE,1998,19.6,19.6
United Arab Emirates,ARE,1999,,19.61
United Arab Emirates,ARE,2000,,20.58
United Arab Emirates,ARE,2001,,20.11
United Arab Emirates,ARE,2002,,19.34
United Arab Emirates,ARE,2003,,19.28
United Arab Emirates,ARE,2004,,18.94
United Arab Emirates,ARE,2005,,19.49
United Arab Emirates,ARE,2006,,19.310001
United Arab Emirates,ARE,2007,,18.42
United Arab Emirates,ARE,2008,,18.99
United Arab Emirates,ARE,2009,17.630001,17.630001
United Arab Emirates,ARE,2010,,17.31
United Arab Emirates,ARE,2011,,17.16
United Arab Emirates,ARE,2012,,17.08
United Arab Emirates,ARE,2013,16.779999,16.779999
United Arab Emirates,ARE,2014,17.22,17.22
United Arab Emirates,ARE,2015,,17.14
United Arab Emirates,ARE,2016,,16.08
United Arab Emirates,ARE,2017,,16.07
United Arab Emirates,ARE,2018,16.2,16.2
United Arab Emirates,ARE,2019,,16.210001
United Arab Emirates,ARE,2020,,16.36
United Arab Emirates,ARE,2021,,16.02
United Arab Emirates,ARE,2022,15.42,15.42
United Arab Emirates,ARE,2023,15.940001,15.940001
United Kingdom,GBR,1820,,24.8
United Kingdom,GBR,1850,,25
United Kingdom,GBR,1880,,26.6
United Kingdom,GBR,1900,,31
United Kingdom,GBR,1910,,30.000002
United Kingdom,GBR,1920,,22.949999
United Kingdom,GBR,1930,,19.44
United Kingdom,GBR,1940,,15.6
United Kingdom,GBR,1950,,11.18
United Kingdom,GBR,1960,,8.87
United Kingdom,GBR,1970,,7.4199996
United Kingdom,GBR,1980,,7.05
United Kingdom,GBR,1981,7.08,7.08
United Kingdom,GBR,1982,7.19,7.19
United Kingdom,GBR,1983,7.1500006,7.1500006
United Kingdom,GBR,1984,7.39,7.39
United Kingdom,GBR,1985,7.59,7.59
United Kingdom,GBR,1986,7.7299995,7.7299995
United Kingdom,GBR,1987,7.95,7.95
United Kingdom,GBR,1988,8.5199995,8.5199995
United Kingdom,GBR,1989,8.01,8.01
United Kingdom,GBR,1990,8.150001,8.150001
United Kingdom,GBR,1991,8.21,8.21
United Kingdom,GBR,1992,7.75,7.75
United Kingdom,GBR,1993,8.6,8.6
United Kingdom,GBR,1994,9.82,9.82
United Kingdom,GBR,1995,9.95,9.95
United Kingdom,GBR,1996,11.73,11.73
United Kingdom,GBR,1997,11.76,11.76
United Kingdom,GBR,1998,12.720001,12.720001
United Kingdom,GBR,1999,12.02,12.02
United Kingdom,GBR,2000,11.64,11.64
United Kingdom,GBR,2001,11.42,11.42
United Kingdom,GBR,2002,11.78,11.78
United Kingdom,GBR,2003,13.150001,13.150001
United Kingdom,GBR,2004,13.11,13.11
United Kingdom,GBR,2005,14.18,14.18
United Kingdom,GBR,2006,14.309999,14.309999
United Kingdom,GBR,2007,15.48,15.48
United Kingdom,GBR,2008,13.889999,13.889999
United Kingdom,GBR,2009,14.740001,14.740001
United Kingdom,GBR,2010,12.11,12.11
United Kingdom,GBR,2011,13.349999,13.349999
United Kingdom,GBR,2012,13.13,13.13
United Kingdom,GBR,2013,13.77,13.77
United Kingdom,GBR,2014,13.31,13.31
United Kingdom,GBR,2015,12.28,12.28
United Kingdom,GBR,2016,12.43,12.43
United Kingdom,GBR,2017,13.46,13.46
United Kingdom,GBR,2018,,12.99
United Kingdom,GBR,2019,,12.700001
United Kingdom,GBR,2020,,13.410001
United Kingdom,GBR,2021,,13.429999
United Kingdom,GBR,2022,13.950001,13.950001
United Kingdom,GBR,2023,13.59,13.59
United States,USA,1820,,16
United States,USA,1850,,17
United States,USA,1880,,11.7
United States,USA,1900,,15.5
United States,USA,1910,,20.43
United States,USA,1913,20.43,20.43
United States,USA,1914,20.91,20.91
United States,USA,1915,20.29,20.29
United States,USA,1916,21.359999,21.359999
United States,USA,1917,21.31,21.31
United States,USA,1918,19.68,19.68
United States,USA,1919,21.64,21.64
United States,USA,1920,19.130001,19.130001
United States,USA,1921,19.15,19.15
United States,USA,1922,18.58,18.58
United States,USA,1923,17.7,17.7
United States,USA,1924,18.47,18.47
United States,USA,1925,20.68,20.68
United States,USA,1926,21.94,21.94
United States,USA,1927,21.259998,21.259998
United States,USA,1928,22.29,22.29
United States,USA,1929,22.18,22.18
United States,USA,1930,19.400002,19.400002
United States,USA,1931,16.76,16.76
United States,USA,1932,16.51,16.51
United States,USA,1933,17.51,17.51
United States,USA,1934,19.06,19.06
United States,USA,1935,19.33,19.33
United States,USA,1936,20.94,20.94
United States,USA,1937,20.67,20.67
United States,USA,1938,18.64,18.64
United States,USA,1939,19.57,19.57
United States,USA,1940,20.87,20.87
United States,USA,1941,21.58,21.58
United States,USA,1942,20.59,20.59
United States,USA,1943,18.59,18.59
United States,USA,1944,15.35,15.35
United States,USA,1945,14.25,14.25
United States,USA,1946,14.280001,14.280001
United States,USA,1947,14.97,14.97
United States,USA,1948,16.310001,16.310001
United States,USA,1949,15.719999,15.719999
United States,USA,1950,16.689999,16.689999
United States,USA,1951,16,16
United States,USA,1952,14.97,14.97
United States,USA,1953,14.01,14.01
United States,USA,1954,13.950001,13.950001
United States,USA,1955,14.61,14.61
United States,USA,1956,13.84,13.84
United States,USA,1957,13.53,13.53
United States,USA,1958,12.68,12.68
United States,USA,1959,13.21,13.21
United States,USA,1960,12.67,12.67
United States,USA,1961,12.530001,12.530001
United States,USA,1962,12.84,12.84
United States,USA,1963,12.9800005,12.9800005
United States,USA,1964,13.11,13.11
United States,USA,1965,13.03,13.03
United States,USA,1966,12.97,12.97
United States,USA,1967,12.37,12.37
United States,USA,1968,12.610001,12.610001
United States,USA,1969,11.599999,11.599999
United States,USA,1970,10.7,10.7
United States,USA,1971,11.05,11.05
United States,USA,1972,11.08,11.08
United States,USA,1973,10.88,10.88
United States,USA,1974,10.37,10.37
United States,USA,1975,10.43,10.43
United States,USA,1976,10.360001,10.360001
United States,USA,1977,10.58,10.58
United States,USA,1978,10.35,10.35
United States,USA,1979,10.86,10.86
United States,USA,1980,10.42,10.42
United States,USA,1981,10.67,10.67
United States,USA,1982,10.99,10.99
United States,USA,1983,11.5,11.5
United States,USA,1984,12.15,12.15
United States,USA,1985,12.2699995,12.2699995
United States,USA,1986,11.9800005,11.9800005
United States,USA,1987,13.240001,13.240001
United States,USA,1988,15.21,15.21
United States,USA,1989,14.69,14.69
United States,USA,1990,14.71,14.71
United States,USA,1991,13.65,13.65
United States,USA,1992,14.679999,14.679999
United States,USA,1993,14.15,14.15
United States,USA,1994,14.02,14.02
United States,USA,1995,14.5199995,14.5199995
United States,USA,1996,15.25,15.25
United States,USA,1997,16,16
United States,USA,1998,16.32,16.32
United States,USA,1999,16.76,16.76
United States,USA,2000,17.34,17.34
United States,USA,2001,16.59,16.59
United States,USA,2002,16.1,16.1
United States,USA,2003,16.32,16.32
United States,USA,2004,17.06,17.06
United States,USA,2005,18.06,18.06
United States,USA,2006,18.52,18.52
United States,USA,2007,18.38,18.38
United States,USA,2008,17.93,17.93
United States,USA,2009,16.699999,16.699999
United States,USA,2010,17.89,17.89
United States,USA,2011,18.08,18.08
United States,USA,2012,19.49,19.49
United States,USA,2013,18.46,18.46
United States,USA,2014,18.970001,18.970001
United States,USA,2015,18.89,18.89
United States,USA,2016,18.66,18.66
United States,USA,2017,19.050001,19.050001
United States,USA,2018,19.24,19.24
United States,USA,2019,19.04,19.04
United States,USA,2020,18.17,18.17
United States,USA,2021,19.88,19.88
United States,USA,2022,20.730001,20.730001
United States,USA,2023,20.730001,20.730001
Uruguay,URY,1980,,15.52
Uruguay,URY,1981,,15.52
Uruguay,URY,1982,,15.52
Uruguay,URY,1983,,15.52
Uruguay,URY,1984,,15.52
Uruguay,URY,1985,,15.52
Uruguay,URY,1986,,15.52
Uruguay,URY,1987,,15.52
Uruguay,URY,1988,,15.52
Uruguay,URY,1989,,15.52
Uruguay,URY,1990,,15.52
Uruguay,URY,1991,,15.52
Uruguay,URY,1992,,15.52
Uruguay,URY,1993,,15.52
Uruguay,URY,1994,,15.52
Uruguay,URY,1995,,15.52
Uruguay,URY,1996,,15.52
Uruguay,URY,1997,,15.52
Uruguay,URY,1998,,15.52
Uruguay,URY,1999,,15.52
Uruguay,URY,2000,,15.52
Uruguay,URY,2001,17.3,17.3
Uruguay,URY,2002,15.719999,15.719999
Uruguay,URY,2003,17.59,17.59
Uruguay,URY,2004,16.89,16.89
Uruguay,URY,2005,14.49,14.49
Uruguay,URY,2006,16.19,16.19
Uruguay,URY,2007,17.89,17.89
Uruguay,URY,2008,18.24,18.24
Uruguay,URY,2009,16.72,16.72
Uruguay,URY,2010,15.73,15.73
Uruguay,URY,2011,15.309999,15.309999
Uruguay,URY,2012,12.25,12.25
Uruguay,URY,2013,13.950001,13.950001
Uruguay,URY,2014,14.07,14.07
Uruguay,URY,2015,14.309999,14.309999
Uruguay,URY,2016,14.24,14.24
Uruguay,URY,2017,13.889999,13.889999
Uruguay,URY,2018,14.4,14.4
Uruguay,URY,2019,13.2300005,13.2300005
Uruguay,URY,2020,,14.26
Uruguay,URY,2021,,17.22
Uruguay,URY,2022,14.78,14.78
Uruguay,URY,2023,14.78,14.78
Uzbekistan,UZB,1980,,17.49
Uzbekistan,UZB,1981,,17.49
Uzbekistan,UZB,1982,,17.49
Uzbekistan,UZB,1983,,17.49
Uzbekistan,UZB,1984,,17.49
Uzbekistan,UZB,1985,,17.49
Uzbekistan,UZB,1986,,17.49
Uzbekistan,UZB,1987,,17.49
Uzbekistan,UZB,1988,,17.49
Uzbekistan,UZB,1989,,17.49
Uzbekistan,UZB,1990,,17.49
Uzbekistan,UZB,1991,,17.49
Uzbekistan,UZB,1992,,17.49
Uzbekistan,UZB,1993,,17.49
Uzbekistan,UZB,1994,,17.49
Uzbekistan,UZB,1995,,17.49
Uzbekistan,UZB,1996,,17.49
Uzbekistan,UZB,1997,,17.49
Uzbekistan,UZB,1998,17.49,17.49
Uzbekistan,UZB,1999,,18.01
Uzbekistan,UZB,2000,17.03,17.03
Uzbekistan,UZB,2001,,17.27
Uzbekistan,UZB,2002,16.41,16.41
Uzbekistan,UZB,2003,16.89,16.89
Uzbekistan,UZB,2004,,17.05
Uzbekistan,UZB,2005,,15.809999
Uzbekistan,UZB,2006,,17.4
Uzbekistan,UZB,2007,,16.71
Uzbekistan,UZB,2008,,16.46
Uzbekistan,UZB,2009,,16.789999
Uzbekistan,UZB,2010,,16.65
Uzbekistan,UZB,2011,,17.18
Uzbekistan,UZB,2012,,17.01
Uzbekistan,UZB,2013,,16.45
Uzbekistan,UZB,2014,,17.25
Uzbekistan,UZB,2015,,17.23
Uzbekistan,UZB,2016,,16.619999
Uzbekistan,UZB,2017,,16.66
Uzbekistan,UZB,2018,,16.41
Uzbekistan,UZB,2019,,17.720001
Uzbekistan,UZB,2020,,16.689999
Uzbekistan,UZB,2021,,17.810001
Uzbekistan,UZB,2022,16.75,16.75
Uzbekistan,UZB,2023,17.53,17.53
Vanuatu,VUT,1980,8.81,8.81
Vanuatu,VUT,1981,8.95,8.95
Vanuatu,VUT,1982,9.099999,9.099999
Vanuatu,VUT,1983,9.25,9.25
Vanuatu,VUT,1984,9.4,9.4
Vanuatu,VUT,1985,9.55,9.55
Vanuatu,VUT,1986,9.71,9.71
Vanuatu,VUT,1987,9.87,9.87
Vanuatu,VUT,1988,10.03,10.03
Vanuatu,VUT,1989,10.2,10.2
Vanuatu,VUT,1990,10.37,10.37
Vanuatu,VUT,1991,10.65,10.65
Vanuatu,VUT,1992,10.91,10.91
Vanuatu,VUT,1993,11.17,11.17
Vanuatu,VUT,1994,11.42,11.42
Vanuatu,VUT,1995,11.66,11.66
Vanuatu,VUT,1996,11.89,11.89
Vanuatu,VUT,1997,12.12,12.12
Vanuatu,VUT,1998,12.34,12.34
Vanuatu,VUT,1999,12.549999,12.549999
Vanuatu,VUT,2000,12.76,12.76
Vanuatu,VUT,2001,13.14,13.14
Vanuatu,VUT,2002,13.51,13.51
Vanuatu,VUT,2003,13.879999,13.879999
Vanuatu,VUT,2004,14.23,14.23
Vanuatu,VUT,2005,14.58,14.58
Vanuatu,VUT,2006,14.920001,14.920001
Vanuatu,VUT,2007,15.25,15.25
Vanuatu,VUT,2008,15.57,15.57
Vanuatu,VUT,2009,15.889999,15.889999
Vanuatu,VUT,2010,16.2,16.2
Vanuatu,VUT,2011,16.18,16.18
Vanuatu,VUT,2012,16.16,16.16
Vanuatu,VUT,2013,16.140001,16.140001
Vanuatu,VUT,2014,16.12,16.12
Vanuatu,VUT,2015,16.11,16.11
Vanuatu,VUT,2016,16.09,16.09
Vanuatu,VUT,2017,16.07,16.07
Vanuatu,VUT,2018,16.060001,16.060001
Vanuatu,VUT,2019,16.050001,16.050001
Vanuatu,VUT,2020,16.03,16.03
Vanuatu,VUT,2021,16.03,16.03
Vanuatu,VUT,2022,16.03,16.03
Vanuatu,VUT,2023,16.03,16.03
Venezuela,VEN,1980,,19.03
Venezuela,VEN,1981,,19.03
Venezuela,VEN,1982,,19.03
Venezuela,VEN,1983,,19.03
Venezuela,VEN,1984,,19.03
Venezuela,VEN,1985,,19.03
Venezuela,VEN,1986,,19.03
Venezuela,VEN,1987,,19.03
Venezuela,VEN,1988,,19.03
Venezuela,VEN,1989,,19.03
Venezuela,VEN,1990,,19.03
Venezuela,VEN,1991,,19.03
Venezuela,VEN,1992,,19.03
Venezuela,VEN,1993,,19.03
Venezuela,VEN,1994,,19.03
Venezuela,VEN,1995,,19.03
Venezuela,VEN,1996,,19.03
Venezuela,VEN,1997,,19.03
Venezuela,VEN,1998,,19.03
Venezuela,VEN,1999,,19.03
Venezuela,VEN,2000,,19.03
Venezuela,VEN,2001,,19.84
Venezuela,VEN,2002,,19.28
Venezuela,VEN,2003,,20.43
Venezuela,VEN,2004,,19.99
Venezuela,VEN,2005,,19.300001
Venezuela,VEN,2006,,19.41
Venezuela,VEN,2007,,21.1
Venezuela,VEN,2008,,20.29
Venezuela,VEN,2009,,19.28
Venezuela,VEN,2010,,20.01
Venezuela,VEN,2011,,19.82
Venezuela,VEN,2012,,19.699999
Venezuela,VEN,2013,,20.57
Venezuela,VEN,2014,,20.460001
Venezuela,VEN,2015,,19.42
Venezuela,VEN,2016,,19.84
Venezuela,VEN,2017,,18.84
Venezuela,VEN,2018,,19.76
Venezuela,VEN,2019,,19.050001
Venezuela,VEN,2020,,20.43
Venezuela,VEN,2021,,18.92
Venezuela,VEN,2022,17.87,17.87
Venezuela,VEN,2023,17.87,17.87
Vietnam,VNM,1980,,17.52
Vietnam,VNM,1981,,17.52
Vietnam,VNM,1982,,17.52
Vietnam,VNM,1983,,17.52
Vietnam,VNM,1984,,17.52
Vietnam,VNM,1985,,17.52
Vietnam,VNM,1986,,17.52
Vietnam,VNM,1987,,17.52
Vietnam,VNM,1988,,17.52
Vietnam,VNM,1989,,17.52
Vietnam,VNM,1990,,17.52
Vietnam,VNM,1991,,17.52
Vietnam,VNM,1992,17.52,17.52
Vietnam,VNM,1993,,16.41
Vietnam,VNM,1994,,16.92
Vietnam,VNM,1995,,16.9
Vietnam,VNM,1996,,16.8
Vietnam,VNM,1997,16.45,16.45
Vietnam,VNM,1998,16.789999,16.789999
Vietnam,VNM,1999,,16.529999
Vietnam,VNM,2000,,17.58
Vietnam,VNM,2001,,20.82
Vietnam,VNM,2002,16.609999,16.609999
Vietnam,VNM,2003,,16.84
Vietnam,VNM,2004,14.9800005,14.9800005
Vietnam,VNM,2005,,16.689999
Vietnam,VNM,2006,15.700001,15.700001
Vietnam,VNM,2007,,16.529999
Vietnam,VNM,2008,16.67,16.67
Vietnam,VNM,2009,,18.75
Vietnam,VNM,2010,20.62,20.62
Vietnam,VNM,2011,,18.359999
Vietnam,VNM,2012,16.26,16.26
Vietnam,VNM,2013,,16.57
Vietnam,VNM,2014,15.880001,15.880001
Vietnam,VNM,2015,,15.860001
Vietnam,VNM,2016,16.609999,16.609999
Vietnam,VNM,2017,,16.19
Vietnam,VNM,2018,15.780001,15.780001
Vietnam,VNM,2019,,15.9
Vietnam,VNM,2020,,15.83
Vietnam,VNM,2021,,15.57
Vietnam,VNM,2022,15.73,15.73
Vietnam,VNM,2023,15.65,15.65
West Africa (WID),,1980,14.72,14.72
West Africa (WID),,1981,14.120001,14.120001
West Africa (WID),,1982,14.23,14.23
West Africa (WID),,1983,14.56,14.56
West Africa (WID),,1984,14.4,14.4
West Africa (WID),,1985,14.17,14.17
West Africa (WID),,1986,14.47,14.47
West Africa (WID),,1987,14.49,14.49
West Africa (WID),,1988,14.27,14.27
West Africa (WID),,1989,14.290001,14.290001
West Africa (WID),,1990,13.940001,13.940001
West Africa (WID),,1991,13.77,13.77
West Africa (WID),,1992,13.64,13.64
West Africa (WID),,1993,13.66,13.66
West Africa (WID),,1994,13.98,13.98
West Africa (WID),,1995,13.889999,13.889999
West Africa (WID),,1996,14.08,14.08
West Africa (WID),,1997,14.41,14.41
West Africa (WID),,1998,14.51,14.51
West Africa (WID),,1999,14.94,14.94
West Africa (WID),,2000,14.910001,14.910001
West Africa (WID),,2001,15.09,15.09
West Africa (WID),,2002,15.22,15.22
West Africa (WID),,2003,15.25,15.25
West Africa (WID),,2004,14.820001,14.820001
West Africa (WID),,2005,14.4,14.4
West Africa (WID),,2006,14.049999,14.049999
West Africa (WID),,2007,13.36,13.36
West Africa (WID),,2008,13.04,13.04
West Africa (WID),,2009,12.85,12.85
West Africa (WID),,2010,12.43,12.43
West Africa (WID),,2011,12.44,12.44
West Africa (WID),,2012,12.38,12.38
West Africa (WID),,2013,12.349999,12.349999
West Africa (WID),,2014,12.36,12.36
West Africa (WID),,2015,12.700001,12.700001
West Africa (WID),,2016,12.93,12.93
West Africa (WID),,2017,13.009999,13.009999
West Africa (WID),,2018,13.22,13.22
West Africa (WID),,2019,13.349999,13.349999
West Africa (WID),,2020,13.29,13.29
West Africa (WID),,2021,13.77,13.77
West Africa (WID),,2022,13.78,13.78
West Africa (WID),,2023,13.82,13.82
West Asia (WID),,1980,25.8,25.8
West Asia (WID),,1981,24.92,24.92
West Asia (WID),,1982,19.1,19.1
West Asia (WID),,1983,20.15,20.15
West Asia (WID),,1984,17.19,17.19
West Asia (WID),,1985,18.44,18.44
West Asia (WID),,1986,17.14,17.14
West Asia (WID),,1987,16.99,16.99
West Asia (WID),,1988,19.49,19.49
West Asia (WID),,1989,17.18,17.18
West Asia (WID),,1990,20.58,20.58
West Asia (WID),,1991,23.95,23.95
West Asia (WID),,1992,23.76,23.76
West Asia (WID),,1993,22.41,22.41
West Asia (WID),,1994,23.54,23.54
West Asia (WID),,1995,24.94,24.94
West Asia (WID),,1996,25.330002,25.330002
West Asia (WID),,1997,24.869999,24.869999
West Asia (WID),,1998,24.64,24.64
West Asia (WID),,1999,24.96,24.96
West Asia (WID),,2000,26.249998,26.249998
West Asia (WID),,2001,28.52,28.52
West Asia (WID),,2002,27.759998,27.759998
West Asia (WID),,2003,26.480001,26.480001
West Asia (WID),,2004,25.78,25.78
West Asia (WID),,2005,30.86,30.86
West Asia (WID),,2006,27.26,27.26
West Asia (WID),,2007,27.669998,27.669998
West Asia (WID),,2008,25.54,25.54
West Asia (WID),,2009,23.28,23.28
West Asia (WID),,2010,22.41,22.41
West Asia (WID),,2011,25.39,25.39
West Asia (WID),,2012,21.78,21.78
West Asia (WID),,2013,23.1,23.1
West Asia (WID),,2014,21.58,21.58
West Asia (WID),,2015,22.17,22.17
West Asia (WID),,2016,22.300001,22.300001
West Asia (WID),,2017,22.859999,22.859999
West Asia (WID),,2018,23.01,23.01
West Asia (WID),,2019,22.27,22.27
West Asia (WID),,2020,24.68,24.68
West Asia (WID),,2021,24.2,24.2
West Asia (WID),,2022,24.1,24.1
West Asia (WID),,2023,23.49,23.49
Western Europe (WID),,1980,8.45,8.45
Western Europe (WID),,1981,8.14,8.14
Western Europe (WID),,1982,8.120001,8.120001
Western Europe (WID),,1983,8.13,8.13
Western Europe (WID),,1984,8.16,8.16
Western Europe (WID),,1985,8.16,8.16
Western Europe (WID),,1986,8.780001,8.780001
Western Europe (WID),,1987,8.77,8.77
Western Europe (WID),,1988,9.11,9.11
Western Europe (WID),,1989,9.32,9.32
Western Europe (WID),,1990,9.24,9.24
Western Europe (WID),,1991,9.24,9.24
Western Europe (WID),,1992,8.97,8.97
Western Europe (WID),,1993,8.97,8.97
Western Europe (WID),,1994,9.39,9.39
Western Europe (WID),,1995,9.54,9.54
Western Europe (WID),,1996,10.21,10.21
Western Europe (WID),,1997,10.440001,10.440001
Western Europe (WID),,1998,11.12,11.12
Western Europe (WID),,1999,10.97,10.97
Western Europe (WID),,2000,11.06,11.06
Western Europe (WID),,2001,10.7,10.7
Western Europe (WID),,2002,10.66,10.66
Western Europe (WID),,2003,10.87,10.87
Western Europe (WID),,2004,11.190001,11.190001
Western Europe (WID),,2005,11.73,11.73
Western Europe (WID),,2006,12.1,12.1
Western Europe (WID),,2007,12.540001,12.540001
Western Europe (WID),,2008,11.96,11.96
Western Europe (WID),,2009,11.58,11.58
Western Europe (WID),,2010,11.27,11.27
Western Europe (WID),,2011,11.87,11.87
Western Europe (WID),,2012,11.509999,11.509999
Western Europe (WID),,2013,11.64,11.64
Western Europe (WID),,2014,11.78,11.78
Western Europe (WID),,2015,11.74,11.74
Western Europe (WID),,2016,11.85,11.85
Western Europe (WID),,2017,12.309999,12.309999
Western Europe (WID),,2018,12.37,12.37
Western Europe (WID),,2019,12.08,12.08
Western Europe (WID),,2020,12.44,12.44
Western Europe (WID),,2021,12.559999,12.559999
Western Europe (WID),,2022,12.41,12.41
Western Europe (WID),,2023,12.25,12.25
World,OWID_WRL,1820,19.71,19.71
World,OWID_WRL,1850,21.51,21.51
World,OWID_WRL,1880,22.12,22.12
World,OWID_WRL,1900,24.59,24.59
World,OWID_WRL,1910,25.720001,25.720001
World,OWID_WRL,1920,24.85,24.85
World,OWID_WRL,1930,22.03,22.03
World,OWID_WRL,1940,22.560001,22.560001
World,OWID_WRL,1950,19.310001,19.310001
World,OWID_WRL,1960,16.48,16.48
World,OWID_WRL,1970,15.59,15.59
World,OWID_WRL,1980,17.75,17.75
World,OWID_WRL,1981,17.28,17.28
World,OWID_WRL,1982,16.28,16.28
World,OWID_WRL,1983,16.81,16.81
World,OWID_WRL,1984,16.49,16.49
World,OWID_WRL,1985,16.8,16.8
World,OWID_WRL,1986,16.949999,16.949999
World,OWID_WRL,1987,17.4,17.4
World,OWID_WRL,1988,18.09,18.09
World,OWID_WRL,1989,18.199999,18.199999
World,OWID_WRL,1990,18.42,18.42
World,OWID_WRL,1991,18.4,18.4
World,OWID_WRL,1992,18.44,18.44
World,OWID_WRL,1993,18.289999,18.289999
World,OWID_WRL,1994,18.529999,18.529999
World,OWID_WRL,1995,19.02,19.02
World,OWID_WRL,1996,19.49,19.49
World,OWID_WRL,1997,19.779999,19.779999
World,OWID_WRL,1998,19.91,19.91
World,OWID_WRL,1999,20.17,20.17
World,OWID_WRL,2000,20.61,20.61
World,OWID_WRL,2001,20.65,20.65
World,OWID_WRL,2002,20.550001,20.550001
World,OWID_WRL,2003,20.61,20.61
World,OWID_WRL,2004,20.970001,20.970001
World,OWID_WRL,2005,21.539999,21.539999
World,OWID_WRL,2006,21.56,21.56
World,OWID_WRL,2007,21.66,21.66
World,OWID_WRL,2008,21.14,21.14
World,OWID_WRL,2009,20.26,20.26
World,OWID_WRL,2010,20.43,20.43
World,OWID_WRL,2011,20.84,20.84
World,OWID_WRL,2012,20.78,20.78
World,OWID_WRL,2013,20.61,20.61
World,OWID_WRL,2014,20.62,20.62
World,OWID_WRL,2015,20.640001,20.640001
World,OWID_WRL,2016,20.18,20.18
World,OWID_WRL,2017,20.43,20.43
World,OWID_WRL,2018,21.11,21.11
World,OWID_WRL,2019,20.43,20.43
World,OWID_WRL,2020,20.31,20.31
World,OWID_WRL,2021,20.54,20.54
World,OWID_WRL,2022,20.970001,20.970001
World,OWID_WRL,2023,20.65,20.65
Yemen,YEM,1980,,22.53
Yemen,YEM,1981,,22.53
Yemen,YEM,1982,,22.53
Yemen,YEM,1983,,22.53
Yemen,YEM,1984,,22.53
Yemen,YEM,1985,,22.53
Yemen,YEM,1986,,22.53
Yemen,YEM,1987,,22.53
Yemen,YEM,1988,,22.53
Yemen,YEM,1989,,22.53
Yemen,YEM,1990,,22.62
Yemen,YEM,1991,,22.64
Yemen,YEM,1992,,22.779999
Yemen,YEM,1993,,22.45
Yemen,YEM,1994,,22.96
Yemen,YEM,1995,,22.2
Yemen,YEM,1996,,22.23
Yemen,YEM,1997,,22.789999
Yemen,YEM,1998,21.88,21.88
Yemen,YEM,1999,,23.58
Yemen,YEM,2000,,25.240002
Yemen,YEM,2001,,24.82
Yemen,YEM,2002,,25.440002
Yemen,YEM,2003,,27.06
Yemen,YEM,2004,,29.23
Yemen,YEM,2005,,29.31
Yemen,YEM,2006,36.559998,36.559998
Yemen,YEM,2007,,32.83
Yemen,YEM,2008,,33.489998
Yemen,YEM,2009,,36.51
Yemen,YEM,2010,,38.05
Yemen,YEM,2011,,50.629997
Yemen,YEM,2012,,40.25
Yemen,YEM,2013,,39.76
Yemen,YEM,2014,25.619999,25.619999
Yemen,YEM,2015,,25.3
Yemen,YEM,2016,,26.15
Yemen,YEM,2017,,25.09
Yemen,YEM,2018,,25.440002
Yemen,YEM,2019,,25.2
Yemen,YEM,2020,,26.550001
Yemen,YEM,2021,,24.83
Yemen,YEM,2022,25.260002,25.260002
Yemen,YEM,2023,24.81,24.81
Zambia,ZMB,1980,,18.75
Zambia,ZMB,1981,,18.71
Zambia,ZMB,1982,,17.69
Zambia,ZMB,1983,,18.99
Zambia,ZMB,1984,,19.779999
Zambia,ZMB,1985,,19.02
Zambia,ZMB,1986,,18.98
Zambia,ZMB,1987,,18.59
Zambia,ZMB,1988,,19.19
Zambia,ZMB,1989,,18.5
Zambia,ZMB,1990,,19.619999
Zambia,ZMB,1991,19.050001,19.050001
Zambia,ZMB,1992,,18.179998
Zambia,ZMB,1993,16.83,16.83
Zambia,ZMB,1994,,17.52
Zambia,ZMB,1995,,18.529999
Zambia,ZMB,1996,18.960001,18.960001
Zambia,ZMB,1997,,19.83
Zambia,ZMB,1998,20.029999,20.029999
Zambia,ZMB,1999,,20.32
Zambia,ZMB,2000,,19.84
Zambia,ZMB,2001,,19.6
Zambia,ZMB,2002,19.6,19.6
Zambia,ZMB,2003,,21.789999
Zambia,ZMB,2004,23.199999,23.199999
Zambia,ZMB,2005,,22.24
Zambia,ZMB,2006,21.48,21.48
Zambia,ZMB,2007,,20.900002
Zambia,ZMB,2008,,20.16
Zambia,ZMB,2009,,19.5
Zambia,ZMB,2010,18.84,18.84
Zambia,ZMB,2011,,19.5
Zambia,ZMB,2012,,20.16
Zambia,ZMB,2013,,20.82
Zambia,ZMB,2014,,21.59
Zambia,ZMB,2015,22.27,22.27
Zambia,ZMB,2016,,21.529999
Zambia,ZMB,2017,,21.03
Zambia,ZMB,2018,,20.32
Zambia,ZMB,2019,,19.8
Zambia,ZMB,2020,,19.1
Zambia,ZMB,2021,,18.49
Zambia,ZMB,2022,17.880001,17.880001
Zambia,ZMB,2023,17.880001,17.880001
Zimbabwe,ZWE,1980,,17.29
Zimbabwe,ZWE,1981,,17.29
Zimbabwe,ZWE,1982,,17.29
Zimbabwe,ZWE,1983,,17.29
Zimbabwe,ZWE,1984,,17.29
Zimbabwe,ZWE,1985,,17.29
Zimbabwe,ZWE,1986,,17.29
Zimbabwe,ZWE,1987,,17.29
Zimbabwe,ZWE,1988,,17.29
Zimbabwe,ZWE,1989,,17.29
Zimbabwe,ZWE,1990,,17.29
Zimbabwe,ZWE,1991,17.29,17.29
Zimbabwe,ZWE,1992,,17.29
Zimbabwe,ZWE,1993,,17.29
Zimbabwe,ZWE,1994,,17.29
Zimbabwe,ZWE,1995,,17.37
Zimbabwe,ZWE,1996,17.37,17.37
Zimbabwe,ZWE,1997,,17.29
Zimbabwe,ZWE,1998,,17.29
Zimbabwe,ZWE,1999,,17.3
Zimbabwe,ZWE,2000,,17.29
Zimbabwe,ZWE,2001,,17.37
Zimbabwe,ZWE,2002,,17.29
Zimbabwe,ZWE,2003,,17.29
Zimbabwe,ZWE,2004,,17.29
Zimbabwe,ZWE,2005,,17.29
Zimbabwe,ZWE,2006,,17.29
Zimbabwe,ZWE,2007,,17.29
Zimbabwe,ZWE,2008,,17.29
Zimbabwe,ZWE,2009,,17.29
Zimbabwe,ZWE,2010,,17.29
Zimbabwe,ZWE,2011,17.37,17.37
Zimbabwe,ZWE,2012,,17.37
Zimbabwe,ZWE,2013,,17.37
Zimbabwe,ZWE,2014,,17.29
Zimbabwe,ZWE,2015,,17.29
Zimbabwe,ZWE,2016,,17.29
Zimbabwe,ZWE,2017,17.29,17.29
Zimbabwe,ZWE,2018,,17.29
Zimbabwe,ZWE,2019,17.29,17.29
Zimbabwe,ZWE,2020,,17.29
Zimbabwe,ZWE,2021,,17.29
Zimbabwe,ZWE,2022,17.29,17.29
Zimbabwe,ZWE,2023,17.29,17.29